Index,Id,Title,Type,Release_Year,Age_certification,Runtime,Genres,Production_countries,Seasons,Imdb_id,Imdb_score,Imdb_votes,Genre_Count,Country_Count,Main_Genre,Main_Country
1,tm84618,Taxi Driver,MOVIE,1976,R,113,"['crime', 'drama']",['US'],1.0,tt0075314,8.3,795222.0,2,1,crime,US
2,tm127384,Monty Python and the Holy Grail,MOVIE,1975,PG,91,"['comedy', 'fantasy']",['GB'],1.0,tt0071853,8.2,530877.0,2,1,comedy,GB
3,tm70993,Life of Brian,MOVIE,1979,R,94,['comedy'],['GB'],1.0,tt0079470,8.0,392419.0,1,1,comedy,GB
4,tm190788,The Exorcist,MOVIE,1973,R,133,['horror'],['US'],1.0,tt0070047,8.1,391942.0,1,1,horror,US
6,tm14873,Dirty Harry,MOVIE,1971,R,102,"['thriller', 'crime', 'action']",['US'],1.0,tt0066999,7.7,153463.0,3,1,thriller,US
7,tm185072,My Fair Lady,MOVIE,1964,G,170,"['drama', 'music', 'romance', 'family']",['US'],1.0,tt0058385,7.8,94121.0,4,1,drama,US
8,tm98978,The Blue Lagoon,MOVIE,1980,R,104,"['romance', 'drama']",['US'],1.0,tt0080453,5.8,69053.0,2,1,romance,US
9,tm119281,Bonnie and Clyde,MOVIE,1967,R,110,"['drama', 'crime', 'action']",['US'],1.0,tt0061418,7.7,111189.0,3,1,drama,US
10,tm67378,The Professionals,MOVIE,1966,PG-13,117,"['western', 'action', 'european']",['US'],1.0,tt0060862,7.3,16168.0,3,1,western,US
11,tm44204,The Guns of Navarone,MOVIE,1961,Not Rated,158,"['war', 'action', 'drama']","['US', 'GB']",1.0,tt0054953,7.5,50150.0,3,2,war,US
12,tm69778,Lupin the Third: The Castle of Cagliostro,MOVIE,1979,PG,100,"['comedy', 'animation', 'action', 'fantasy', 'family']",['JP'],1.0,tt0079833,7.6,30277.0,5,1,comedy,JP
13,tm69997,Richard Pryor: Live in Concert,MOVIE,1979,R,78,"['comedy', 'documentation']",['US'],1.0,tt0079807,8.1,5141.0,2,1,comedy,US
14,tm96649,The Long Riders,MOVIE,1980,R,99,"['western', 'crime']",['US'],1.0,tt0081071,6.9,11329.0,2,1,western,US
15,tm16479,White Christmas,MOVIE,1954,Not Rated,115,"['romance', 'comedy', 'music']",['US'],1.0,tt0047673,7.5,42373.0,3,1,romance,US
16,tm135083,Cairo Station,MOVIE,1958,Not Rated,77,"['drama', 'crime', 'comedy']",['EG'],1.0,tt0051390,7.5,4385.0,3,1,drama,EG
17,tm14491,The Queen,MOVIE,1968,Not Rated,68,['documentation'],['US'],1.0,tt0183686,7.2,1117.0,1,1,documentation,US
18,tm89386,Hitler: A Career,MOVIE,1977,PG,150,"['documentation', 'history', 'european']",['DE'],1.0,tt0191182,7.5,2416.0,3,1,documentation,DE
19,tm156453,FTA,MOVIE,1972,R,97,"['comedy', 'documentation', 'music']",['US'],1.0,tt0068562,6.2,411.0,3,1,comedy,US
20,tm27298,Saladin the Victorious,MOVIE,1963,Not Rated,186,"['drama', 'war', 'action', 'history', 'romance']",['EG'],1.0,tt0057357,7.6,2470.0,5,1,drama,EG
21,tm356209,Singapore,MOVIE,1960,Not Rated,158,"['drama', 'thriller', 'crime']",['IN'],1.0,tt0268639,6.4,82.0,3,1,drama,IN
22,tm204541,Dark Waters,MOVIE,1956,Not Rated,120,"['drama', 'action', 'romance', 'thriller']",['EG'],1.0,tt0049761,6.7,590.0,4,1,drama,EG
23,tm14350,Alexandria… Why?,MOVIE,1979,Not Rated,133,['drama'],['EG'],1.0,tt0077751,7.2,1689.0,1,1,drama,EG
24,tm102287,Raya and Sakina,MOVIE,1953,Not Rated,105,"['drama', 'thriller', 'crime', 'history']",['EG'],1.0,tt0316472,6.8,231.0,4,1,drama,EG
25,tm76557,No Longer Kids,MOVIE,1979,Not Rated,235,"['comedy', 'drama']",['EG'],1.0,tt8312792,9.0,943.0,2,1,comedy,EG
26,tm71909,Amrapali,MOVIE,1966,Not Rated,120,['fantasy'],['IN'],1.0,tt0060104,6.7,225.0,1,1,fantasy,IN
27,tm94651,Dostana,MOVIE,1980,Not Rated,161,"['drama', 'comedy', 'romance', 'action', 'crime']",['IN'],1.0,tt0080653,2.1,25.0,5,1,drama,IN
28,tm19608,The Blazing Sun,MOVIE,1954,Not Rated,100,"['romance', 'crime', 'drama']",['EG'],1.0,tt0044429,7.4,1219.0,3,1,romance,EG
30,tm90896,The Return of the Prodigal Son,MOVIE,1976,Not Rated,124,"['drama', 'crime']","['DZ', 'EG']",1.0,tt0074168,7.2,768.0,2,2,drama,DZ
31,tm75975,Prince,MOVIE,1969,Not Rated,152,['romance'],['IN'],1.0,tt0064842,6.9,168.0,1,1,romance,IN
32,tm97793,Lock Your Girls In,MOVIE,1980,Not Rated,230,['comedy'],['EG'],1.0,Unknown,6.5334469051675175,2279.0,1,1,comedy,EG
33,tm85426,The Witness Who Didn't See Anything,MOVIE,1976,Not Rated,217,['comedy'],['EG'],1.0,Unknown,6.5334469051675175,2279.0,1,1,comedy,EG
34,tm188894,The School of Mischief,MOVIE,1973,Not Rated,251,['comedy'],['EG'],1.0,Unknown,6.5334469051675175,2279.0,1,1,comedy,EG
35,tm107372,Manoranjan,MOVIE,1974,Not Rated,162,"['comedy', 'drama', 'romance']",['IN'],1.0,tt0071811,6.5,236.0,3,1,comedy,IN
36,tm200475,"Beirut, Oh Beirut",MOVIE,1975,Not Rated,110,['drama'],['LB'],1.0,tt0169599,6.5,106.0,1,1,drama,LB
37,tm259855,We Are All for the Fatherland,MOVIE,1979,Not Rated,74,['documentation'],"['FR', 'LB', 'CA']",1.0,tt0170799,6.2,43.0,1,3,documentation,FR
38,tm259684,Whispers,MOVIE,1980,Not Rated,93,['documentation'],"['FR', 'LB', 'CA']",1.0,tt0170803,7.8,75.0,1,3,documentation,FR
39,tm344089,Lal Patthar,MOVIE,1971,Not Rated,153,['drama'],['IN'],1.0,tt0237395,6.2,137.0,1,1,drama,IN
40,tm358653,Ujala,MOVIE,1959,Not Rated,142,"['romance', 'crime', 'drama']",['IN'],1.0,tt0157132,6.7,78.0,3,1,romance,IN
41,tm100027,Alibaba Aur 40 Chor,MOVIE,1979,Not Rated,138,"['drama', 'action', 'romance', 'family', 'fantasy']","['IN', 'SU']",1.0,tt0079749,6.2,555.0,5,2,drama,IN
42,tm10204,Professor,MOVIE,1962,Not Rated,163,"['romance', 'comedy', 'drama']",['IN'],1.0,tt0056379,6.8,285.0,3,1,romance,IN
43,tm403346,Chadi Jawani Budhe Nu,MOVIE,1976,Not Rated,135,['romance'],['IN'],1.0,tt3290368,4.6,14.0,1,1,romance,IN
44,tm16812,Bandie,MOVIE,1978,Not Rated,141,"['drama', 'romance', 'action']",['IN'],1.0,tt1219315,4.2,35.0,3,1,drama,IN
45,tm336403,Khoon Khoon,MOVIE,1973,Not Rated,131,"['drama', 'crime', 'thriller']",['IN'],1.0,tt0230412,5.1,41.0,3,1,drama,IN
46,tm119776,Top Gun,MOVIE,1986,PG,110,"['drama', 'action']",['US'],1.0,tt0092099,6.9,329656.0,2,1,drama,US
48,tm111075,Stand by Me,MOVIE,1986,R,89,['drama'],['US'],1.0,tt0092005,8.1,392790.0,1,1,drama,US
49,tm180542,Once Upon a Time in America,MOVIE,1984,R,229,"['drama', 'crime', 'european']","['US', 'IT']",1.0,tt0087843,8.3,342335.0,3,2,drama,US
50,tm138875,When Harry Met Sally...,MOVIE,1989,R,96,"['romance', 'comedy', 'drama']",['US'],1.0,tt0098635,7.7,212913.0,3,1,romance,US
51,tm155792,Teenage Mutant Ninja Turtles,MOVIE,1990,PG,93,"['scifi', 'action', 'comedy', 'family']","['HK', 'US']",1.0,tt0100758,6.7,92647.0,4,2,scifi,HK
52,tm22327,Full Metal Jacket,MOVIE,1987,R,116,"['drama', 'war']","['GB', 'US']",1.0,tt0093058,8.3,723306.0,2,2,drama,GB
53,tm54450,Christine,MOVIE,1983,R,90,"['horror', 'thriller', 'european']",['US'],1.0,tt0085333,6.7,80945.0,3,1,horror,US
54,tm2386,A Nightmare on Elm Street,MOVIE,1984,R,91,['horror'],['US'],1.0,tt0087800,7.4,230543.0,1,1,horror,US
56,tm145608,Awakenings,MOVIE,1990,PG-13,120,"['drama', 'european']",['US'],1.0,tt0099077,7.8,137549.0,2,1,drama,US
58,tm41289,Annie,MOVIE,1982,PG,127,"['drama', 'family', 'comedy']",['US'],1.0,tt0083564,6.6,44866.0,3,1,drama,US
59,tm132694,Pet Sematary,MOVIE,1989,R,103,"['horror', 'fantasy', 'thriller']",['US'],1.0,tt0098084,6.5,102212.0,3,1,horror,US
61,tm117580,She's Gotta Have It,MOVIE,1986,R,84,"['comedy', 'romance']",['US'],1.0,tt0091939,6.7,14277.0,2,1,comedy,US
62,tm20712,Eddie Murphy Raw,MOVIE,1987,R,93,"['comedy', 'documentation']",['US'],1.0,tt0092948,7.6,19646.0,2,1,comedy,US
63,tm130586,Endless Love,MOVIE,1981,R,116,"['drama', 'romance']",['US'],1.0,tt0082329,4.9,8374.0,2,1,drama,US
68,tm125985,Mobile Suit Gundam II: Soldiers of Sorrow,MOVIE,1981,Not Rated,133,"['scifi', 'drama', 'war', 'animation', 'action']",['JP'],1.0,tt0159510,7.2,1242.0,5,1,scifi,JP
69,tm40103,Mobile Suit Gundam: Char's Counterattack,MOVIE,1988,Not Rated,120,"['scifi', 'animation', 'action', 'drama', 'war']",['JP'],1.0,tt0095262,7.3,1649.0,5,1,scifi,JP
70,tm21953,Sam Kinison: Breaking the Rules,MOVIE,1987,R,50,"['comedy', 'documentation']",['US'],1.0,tt0307403,7.2,651.0,2,1,comedy,US
71,tm152839,Tim Allen: Men Are Pigs,MOVIE,1990,Not Rated,30,"['comedy', 'documentation']",['US'],1.0,tt0259057,6.0,353.0,2,1,comedy,US
72,tm62924,Monty Python Live at the Hollywood Bowl,MOVIE,1982,R,77,"['comedy', 'documentation']",['GB'],1.0,tt0084352,7.9,15186.0,2,1,comedy,GB
73,tm114356,The George McKenna Story,MOVIE,1988,Not Rated,100,['drama'],['US'],1.0,tt0091106,6.0,901.0,1,1,drama,US
74,tm147829,Unspeakable Acts,MOVIE,1990,Not Rated,100,['drama'],['US'],1.0,tt0100848,6.0,448.0,1,1,drama,US
75,tm126769,Waiting for the Hearse,MOVIE,1985,Not Rated,87,['comedy'],['AR'],1.0,tt0089108,8.0,6285.0,1,1,comedy,AR
76,tm49037,Mobile Suit Gundam III: Encounters in Space,MOVIE,1982,Not Rated,144,"['animation', 'action', 'drama', 'scifi', 'war']",['JP'],1.0,tt0159511,7.7,1210.0,5,1,animation,JP
77,tm159912,Agneepath,MOVIE,1990,Not Rated,174,"['action', 'crime', 'drama']",['IN'],1.0,tt0098999,7.6,8902.0,3,1,action,IN
78,tm133914,Parrot Sketch Not Included: Twenty Years of Monty Python,MOVIE,1989,Not Rated,72,['comedy'],['GB'],1.0,tt0213984,8.1,1522.0,1,1,comedy,GB
79,tm38736,Too Young The Hero,MOVIE,1988,Not Rated,100,"['drama', 'war']",['US'],1.0,tt0096286,6.7,494.0,2,1,drama,US
80,tm258072,Adam: His Song Continues,MOVIE,1986,Not Rated,100,"['crime', 'drama']",['US'],1.0,tt0090589,7.0,209.0,2,1,crime,US
81,tm52815,Disco Dancer,MOVIE,1982,Not Rated,134,"['drama', 'romance']",['IN'],1.0,tt0208903,6.5,1449.0,2,1,drama,IN
82,tm137013,The Ryan White Story,MOVIE,1989,Not Rated,102,['drama'],['US'],1.0,tt0098237,7.2,857.0,1,1,drama,US
83,tm157853,In Defense of a Married Man,MOVIE,1990,Not Rated,94,"['drama', 'crime']",['US'],1.0,tt0099833,5.6,200.0,2,1,drama,US
84,tm157603,Dil,MOVIE,1990,Not Rated,172,"['romance', 'comedy', 'drama']",['IN'],1.0,tt0099429,6.6,5273.0,3,1,romance,IN
85,tm45720,Bye Bye London,MOVIE,1982,Not Rated,170,"['comedy', 'drama']",['KW'],1.0,tt10130668,8.7,154.0,2,1,comedy,KW
86,tm55091,Quiet Victory: The Charlie Wedemeyer Story,MOVIE,1988,Not Rated,100,['drama'],['US'],1.0,tt0095945,7.1,144.0,1,1,drama,US
87,tm151332,"Alexandria, Again and Forever",MOVIE,1989,Not Rated,105,['drama'],"['EG', 'FR']",1.0,tt0099858,6.5,643.0,1,2,drama,EG
88,tm24110,Strange Voices,MOVIE,1987,Not Rated,100,['drama'],['US'],1.0,tt0094052,6.3,357.0,1,1,drama,US
89,tm348735,Aakhri Adaalat,MOVIE,1988,Not Rated,148,"['action', 'crime', 'thriller']",['IN'],1.0,tt0177505,5.1,92.0,3,1,action,IN
90,tm51083,A Stoning in Fulham County,MOVIE,1988,Not Rated,120,"['crime', 'drama', 'thriller']",['US'],1.0,tt0096179,5.8,380.0,3,1,crime,US
91,tm126791,The Married Couples,MOVIE,1981,Not Rated,194,['drama'],['EG'],1.0,Unknown,6.5334469051675175,2279.0,1,1,drama,EG
92,tm186777,Sayed The Servant,MOVIE,1985,Not Rated,166,['comedy'],['EG'],1.0,Unknown,6.5334469051675175,2279.0,1,1,comedy,EG
93,tm311264,Muqaddar Ka Faisla,MOVIE,1987,Not Rated,172,"['comedy', 'drama', 'family', 'action']",['IN'],1.0,tt0239682,4.8,68.0,4,1,comedy,IN
94,tm172482,Sohni Mahiwal,MOVIE,1984,Not Rated,160,"['romance', 'action', 'drama']",['IN'],1.0,tt0807047,6.1,297.0,3,1,romance,IN
95,tm52274,The Little Wars,MOVIE,1982,Not Rated,108,"['drama', 'war', 'european']","['FR', 'LB']",1.0,tt0084492,6.3,149.0,3,2,drama,FR
96,tm132164,Bill Hicks: Sane Man,MOVIE,1989,R,81,['comedy'],['US'],1.0,Unknown,6.5334469051675175,2279.0,1,1,comedy,US
97,tm342996,Duniya,MOVIE,1984,Not Rated,170,"['drama', 'action']",['IN'],1.0,tt0301231,6.2,241.0,2,1,drama,IN
99,tm411457,Pyar Ke Do Pal,MOVIE,1986,Not Rated,153,"['drama', 'action']",['IN'],1.0,tt0358053,6.1,65.0,2,1,drama,IN
100,tm371359,Jaal,MOVIE,1986,Not Rated,159,"['drama', 'thriller', 'action']",['IN'],1.0,tt0239495,5.2,122.0,3,1,drama,IN
101,tm446654,Mujrim,MOVIE,1989,Not Rated,162,"['drama', 'action', 'crime']",['IN'],1.0,tt0097926,5.4,188.0,3,1,drama,IN
102,tm47673,An Egyptian Story,MOVIE,1982,Not Rated,129,"['fantasy', 'drama']",['EG'],1.0,tt0084042,7.3,1113.0,2,1,fantasy,EG
103,tm419052,Ek Jaan Hain Hum,MOVIE,1983,Not Rated,151,"['family', 'romance']",['IN'],1.0,tt0379272,6.3,70.0,2,1,family,IN
104,tm11556,The Quick and the Dead,MOVIE,1995,R,107,"['western', 'thriller', 'action', 'romance']","['US', 'JP']",1.0,tt0114214,6.5,92224.0,4,2,western,US
108,tm122434,Forrest Gump,MOVIE,1994,PG-13,142,"['drama', 'romance', 'comedy']",['US'],1.0,tt0109830,8.8,1994599.0,3,1,drama,US
109,tm106462,Happy Gilmore,MOVIE,1996,PG-13,92,"['comedy', 'sport']",['US'],1.0,tt0116483,7.0,217534.0,2,1,comedy,US
111,tm57554,Saving Private Ryan,MOVIE,1998,R,169,"['drama', 'war']",['US'],1.0,tt0120815,8.6,1346020.0,2,1,drama,US
115,tm192405,Gattaca,MOVIE,1997,PG-13,106,"['thriller', 'drama', 'scifi']",['US'],1.0,tt0119177,7.8,298168.0,3,1,thriller,US
117,tm55553,Blade,MOVIE,1998,R,120,"['action', 'scifi', 'horror']",['US'],1.0,tt0120611,7.1,267181.0,3,1,action,US
118,tm56574,You've Got Mail,MOVIE,1998,PG,119,"['romance', 'drama', 'comedy']",['US'],1.0,tt0128853,6.7,209258.0,3,1,romance,US
119,tm192037,Starship Troopers,MOVIE,1997,R,129,"['scifi', 'thriller', 'action']",['US'],1.0,tt0120201,7.3,288960.0,3,1,scifi,US
122,tm191989,Donnie Brasco,MOVIE,1997,R,127,"['thriller', 'drama', 'crime']",['US'],1.0,tt0119008,7.7,300073.0,3,1,thriller,US
124,tm65686,U.S. Marshals,MOVIE,1998,PG-13,126,"['thriller', 'crime', 'action']",['US'],1.0,tt0120873,6.5,103263.0,3,1,thriller,US
126,tm54903,Wild Things,MOVIE,1998,R,108,"['drama', 'thriller', 'crime', 'european']",['US'],1.0,tt0194542,6.6,118811.0,4,1,drama,US
127,tm187187,Last Action Hero,MOVIE,1993,PG-13,130,"['comedy', 'action', 'fantasy']",['US'],1.0,tt0107362,6.4,149290.0,3,1,comedy,US
128,tm191772,Seven Years in Tibet,MOVIE,1997,PG-13,136,"['drama', 'history', 'war']",['US'],1.0,tt0120102,7.1,141308.0,3,1,drama,US
129,tm191848,The Devil's Advocate,MOVIE,1997,Not Rated,144,"['horror', 'thriller', 'drama']","['DE', 'US']",1.0,tt0118971,7.5,361422.0,3,2,horror,DE
130,tm121879,A River Runs Through It,MOVIE,1992,PG,123,['drama'],['US'],1.0,tt0105265,7.2,59086.0,1,1,drama,US
131,tm44402,"Girl, Interrupted",MOVIE,1999,R,127,"['drama', 'european']","['US', 'DE']",1.0,tt0172493,7.3,180532.0,2,2,drama,US
135,tm53419,Any Given Sunday,MOVIE,1999,R,162,"['drama', 'sport']",['US'],1.0,tt0146838,6.9,118479.0,2,1,drama,US
136,tm189764,Menace II Society,MOVIE,1993,R,97,"['drama', 'crime', 'thriller']",['US'],1.0,tt0107554,7.5,57399.0,3,1,drama,US
137,tm9323,Desperado,MOVIE,1995,R,104,"['thriller', 'action', 'crime', 'western', 'european']",['US'],1.0,tt0112851,7.1,183638.0,5,1,thriller,US
138,tm46173,The Mask of Zorro,MOVIE,1998,PG-13,136,"['action', 'thriller', 'western', 'comedy', 'romance']",['US'],1.0,tt0120746,6.8,181306.0,5,1,action,US
139,tm19673,The Patriot,MOVIE,2000,R,165,"['drama', 'action', 'history', 'war']","['DE', 'US']",1.0,tt0187393,7.2,270231.0,4,2,drama,DE
140,tm24877,Road Trip,MOVIE,2000,R,93,['comedy'],['US'],1.0,tt0215129,6.5,167670.0,1,1,comedy,US
141,tm189433,Free Willy,MOVIE,1993,PG,112,"['drama', 'family']","['US', 'FR']",1.0,tt0106965,6.0,75244.0,2,2,drama,US
143,tm1822,3 Ninjas Kick Back,MOVIE,1994,PG,93,"['action', 'comedy', 'family', 'sport']","['US', 'JP']",1.0,tt15327306,4.5,9208.0,4,2,action,US
144,tm187791,In the Line of Fire,MOVIE,1993,R,128,"['drama', 'thriller', 'action', 'crime']",['US'],1.0,tt0107206,7.2,101939.0,4,1,drama,US
145,tm19494,The Replacements,MOVIE,2000,PG-13,118,"['comedy', 'sport']",['US'],1.0,tt0191397,6.6,64087.0,2,1,comedy,US
146,tm10739,Johnny Mnemonic,MOVIE,1995,R,97,"['scifi', 'thriller', 'action', 'drama']","['US', 'CA']",1.0,tt0113481,5.6,71062.0,4,2,scifi,US
147,tm113576,Little Women,MOVIE,1994,PG,115,"['drama', 'family', 'romance']",['US'],1.0,tt0110367,7.3,57621.0,3,1,drama,US
148,tm191387,Anaconda,MOVIE,1997,PG-13,89,"['thriller', 'horror', 'action']","['PE', 'US', 'BR']",1.0,tt0118615,4.8,103459.0,3,3,thriller,PE
149,tm6859,My Girl,MOVIE,1991,PG,103,"['comedy', 'drama', 'family', 'romance', 'european']",['US'],1.0,tt0102492,6.9,79800.0,5,1,comedy,US
150,tm186589,Cliffhanger,MOVIE,1993,R,112,"['thriller', 'action', 'animation']","['IT', 'US', 'FR']",1.0,tt0106582,6.5,128179.0,3,3,thriller,IT
151,tm191374,I Know What You Did Last Summer,MOVIE,1997,R,101,"['horror', 'thriller']",['US'],1.0,tt0119345,5.7,142696.0,2,1,horror,US
152,tm8446,Teenage Mutant Ninja Turtles II: The Secret of the Ooze,MOVIE,1991,PG,88,"['scifi', 'action', 'comedy', 'family']","['US', 'HK']",1.0,tt0103060,6.0,55499.0,4,2,scifi,US
154,tm21596,Hollow Man,MOVIE,2000,R,112,"['scifi', 'action', 'horror', 'thriller']","['DE', 'US']",1.0,tt0164052,5.8,130099.0,4,2,scifi,DE
155,tm48430,Godzilla,MOVIE,1998,PG-13,133,"['thriller', 'scifi', 'action']",['US'],1.0,tt0120685,5.4,191722.0,3,1,thriller,US
156,tm190835,Neon Genesis Evangelion: The End of Evangelion,MOVIE,1997,Not Rated,87,"['scifi', 'action', 'drama', 'fantasy', 'animation']",['JP'],1.0,tt0169858,8.0,51938.0,5,1,scifi,JP
157,tm192199,Spawn,MOVIE,1997,PG-13,96,"['fantasy', 'horror', 'scifi', 'thriller', 'action', 'drama']",['US'],1.0,tt0120177,5.2,67761.0,6,1,fantasy,US
158,tm184205,Dennis the Menace,MOVIE,1993,PG,95,"['comedy', 'family']",['US'],1.0,tt0106701,5.6,60779.0,2,1,comedy,US
159,tm12499,The Net,MOVIE,1995,PG-13,114,"['thriller', 'action', 'crime', 'drama']",['US'],1.0,tt0113957,5.9,66127.0,4,1,thriller,US
160,tm192431,The Devil's Own,MOVIE,1997,R,107,"['thriller', 'drama', 'action', 'crime', 'european']",['US'],1.0,tt0962637,6.2,64625.0,5,1,thriller,US
161,tm56033,Croupier,MOVIE,1998,R,94,"['thriller', 'european', 'crime', 'drama']","['FR', 'IE', 'GB', 'DE']",1.0,tt0159382,7.0,21382.0,4,4,thriller,FR
162,tm190486,Teenage Mutant Ninja Turtles III,MOVIE,1993,PG,96,"['fantasy', 'scifi', 'action', 'comedy', 'family']","['HK', 'US']",1.0,tt0108308,4.7,33128.0,5,2,fantasy,HK
163,tm61103,The General's Daughter,MOVIE,1999,R,116,"['drama', 'crime', 'thriller']","['US', 'DE']",1.0,tt0144214,6.4,58726.0,3,2,drama,US
164,tm117488,The Next Karate Kid,MOVIE,1994,PG,107,"['drama', 'family', 'romance', 'sport', 'action']",['US'],1.0,tt0110657,4.5,30138.0,5,1,drama,US
165,tm55732,I Still Know What You Did Last Summer,MOVIE,1998,R,100,"['thriller', 'horror']",['US'],1.0,tt0130018,4.7,73269.0,2,1,thriller,US
166,tm191431,Double Team,MOVIE,1997,R,93,"['scifi', 'action', 'comedy', 'thriller']","['US', 'HK']",1.0,tt0119013,4.7,34127.0,4,2,scifi,US
167,tm17721,Under Suspicion,MOVIE,2000,R,110,"['thriller', 'crime', 'drama', 'european']",['US'],1.0,tt0164212,6.5,25432.0,4,1,thriller,US
171,tm190811,Geronimo: An American Legend,MOVIE,1993,PG-13,115,"['western', 'drama', 'history']",['US'],1.0,tt0107004,6.5,11506.0,3,1,western,US
172,tm107659,The Mirror Has Two Faces,MOVIE,1996,PG-13,126,"['romance', 'comedy', 'drama']",['US'],1.0,tt0117057,6.6,19829.0,3,1,romance,US
174,tm7135,Bill Hicks: One Night Stand,MOVIE,1991,NC-17,30,['comedy'],['US'],1.0,Unknown,6.5334469051675175,2279.0,1,1,comedy,US
175,tm7073,Knight Rider 2000,MOVIE,1991,G,91,"['action', 'scifi']",['US'],1.0,tt0102227,4.5,3178.0,2,1,action,US
176,tm63514,The Last Days,MOVIE,1998,PG-13,87,"['drama', 'documentation', 'war']",['US'],1.0,tt0174852,7.9,4247.0,3,1,drama,US
178,tm10811,Heavy,MOVIE,1995,R,105,"['romance', 'drama']",['US'],1.0,tt0113280,6.8,4921.0,2,1,romance,US
179,tm188970,Bill Hicks: Revelations,MOVIE,1993,Not Rated,74,"['comedy', 'documentation']",['GB'],1.0,tt0152183,8.5,3085.0,2,1,comedy,GB
180,tm188606,Sankofa,MOVIE,1993,Not Rated,124,"['drama', 'european']","['GH', 'GB', 'US', 'BF', 'DE']",1.0,tt0108041,7.0,678.0,2,5,drama,GH
181,tm128073,Bill Hicks: Relentless,MOVIE,1992,Not Rated,61,['comedy'],['GB'],1.0,Unknown,6.5334469051675175,2279.0,1,1,comedy,GB
183,tm64817,Jerry Seinfeld: I'm Telling You for the Last Time,MOVIE,1998,G,75,"['comedy', 'documentation']",['US'],1.0,tt0500140,7.9,5834.0,2,1,comedy,US
184,tm320211,Children of God,MOVIE,1994,Not Rated,63,['documentation'],['GB'],1.0,tt6051792,6.4,589.0,1,1,documentation,GB
185,tm189171,Wild Tango,MOVIE,1993,R,124,"['drama', 'music', 'romance']","['AR', 'ES']",1.0,tt0108291,6.7,1564.0,3,2,drama,AR
186,tm67635,Kuch Kuch Hota Hai,MOVIE,1998,G,185,"['drama', 'romance', 'comedy']",['IN'],1.0,tt0172684,7.6,51640.0,3,1,drama,IN
189,tm41525,Herod's Law,MOVIE,1999,R,120,"['drama', 'comedy', 'crime']",['MX'],1.0,tt0221344,7.8,5943.0,3,1,drama,MX
190,tm7951,Tim Allen: Rewires America,MOVIE,1991,PG,30,"['comedy', 'documentation']",['US'],1.0,tt0294967,5.9,195.0,2,1,comedy,US
192,tm55100,Dil Se..,MOVIE,1998,PG-13,163,"['drama', 'romance']",['IN'],1.0,tt0164538,7.5,28409.0,2,1,drama,IN
194,tm204173,Aashik Aawara,MOVIE,1993,Not Rated,153,"['romance', 'comedy', 'drama']",['IN'],1.0,tt0106206,4.7,320.0,3,1,romance,IN
195,tm191614,Destiny,MOVIE,1997,Not Rated,136,"['drama', 'romance', 'comedy', 'history']","['EG', 'FR']",1.0,tt0119629,7.1,2825.0,4,2,drama,EG
196,tm8859,Oh Darling! Yeh Hai India!,MOVIE,1995,G,153,['comedy'],['IN'],1.0,tt0114031,4.0,1678.0,1,1,comedy,IN
197,tm424630,A Triumph of the Heart: The Ricky Bell Story,MOVIE,1991,Not Rated,100,"['drama', 'sport']",['US'],1.0,tt0103123,7.2,248.0,2,1,drama,US
198,tm12876,Bombay,MOVIE,1995,Not Rated,141,"['romance', 'drama']",['IN'],1.0,tt0112553,8.1,12512.0,2,1,romance,IN
199,tm52083,West Beirut,MOVIE,1998,PG-13,105,"['romance', 'war', 'comedy', 'drama', 'european']","['BE', 'FR', 'NO', 'LB']",1.0,tt0157183,7.6,4175.0,5,4,romance,BE
200,tm9898,Muthu,MOVIE,1995,G,165,"['drama', 'comedy', 'romance', 'action']",['IN'],1.0,tt0140399,7.6,3056.0,4,1,drama,IN
201,tm326102,Qila,MOVIE,1998,Not Rated,160,"['drama', 'music', 'family']",['IN'],1.0,tt0286907,4.8,129.0,3,1,drama,IN
202,tm12482,Ram Jaane,MOVIE,1995,Not Rated,172,"['action', 'drama', 'romance', 'crime']",['IN'],1.0,tt0114231,5.4,3901.0,4,1,action,IN
203,tm128925,Chamatkar,MOVIE,1992,G,171,"['comedy', 'fantasy', 'drama', 'crime']",['IN'],1.0,tt0126234,6.5,6199.0,4,1,comedy,IN
204,tm52871,Soldier,MOVIE,1998,Not Rated,156,"['thriller', 'action', 'drama', 'romance']",['IN'],1.0,tt0211634,6.2,3025.0,4,1,thriller,IN
206,tm62385,Hum Saath Saath Hain,MOVIE,1999,G,177,"['fantasy', 'romance', 'family', 'drama']",['IN'],1.0,tt0216817,6.2,8454.0,4,1,fantasy,IN
207,tm184502,Kabhi Haan Kabhi Naa,MOVIE,1994,G,158,"['comedy', 'drama', 'music', 'romance']",['IN'],1.0,tt0110222,7.6,18224.0,4,1,comedy,IN
208,tm7810,Nightmare in Columbia County,MOVIE,1991,Not Rated,100,"['drama', 'crime', 'thriller']",['US'],1.0,tt0102537,5.5,341.0,3,1,drama,US
209,tm27601,Phir Bhi Dil Hai Hindustani,MOVIE,2000,PG-13,160,"['comedy', 'romance', 'drama']",['IN'],1.0,tt0222270,6.1,7556.0,3,1,comedy,IN
210,tm8687,Sam Kinison: Family Entertainment Hour,MOVIE,1991,Not Rated,49,['comedy'],['US'],1.0,Unknown,6.5334469051675175,2279.0,1,1,comedy,US
211,tm47530,Jeans,MOVIE,1998,Not Rated,175,"['drama', 'romance', 'comedy']",['IN'],1.0,tt0151121,6.4,3567.0,3,1,drama,IN
212,tm105716,Chaahat,MOVIE,1996,G,155,"['drama', 'romance']",['IN'],1.0,tt0172234,5.5,2837.0,2,1,drama,IN
213,tm117873,Hum Aapke Hain Koun..!,MOVIE,1994,Not Rated,206,"['romance', 'comedy', 'drama']",['IN'],1.0,tt0110076,7.5,20986.0,3,1,romance,IN
214,tm189773,Maya Memsaab,MOVIE,1993,PG-13,126,"['romance', 'drama', 'thriller']",['IN'],1.0,tt0137100,5.4,2177.0,3,1,romance,IN
215,tm7032,Out of Life,MOVIE,1991,Not Rated,97,"['war', 'drama', 'crime', 'european']","['IT', 'LB', 'BE', 'FR']",1.0,tt0102058,6.9,365.0,4,4,war,IT
216,tm58893,Duplicate,MOVIE,1998,PG,165,"['comedy', 'action', 'crime', 'thriller']",['IN'],1.0,tt0164550,5.5,7557.0,4,1,comedy,IN
217,tm340430,Govindha Govindha,MOVIE,1993,Not Rated,145,"['drama', 'action', 'crime']",['IN'],1.0,tt0192087,6.6,351.0,3,1,drama,IN
218,tm184326,Damini,MOVIE,1993,Not Rated,180,"['drama', 'crime']",['IN'],1.0,tt0106655,7.8,3490.0,2,1,drama,IN
219,tm110225,English Babu Desi Mem,MOVIE,1996,PG,172,"['romance', 'comedy', 'drama']",['IN'],1.0,tt0136153,4.5,2322.0,3,1,romance,IN
220,tm34391,Before the Flying Circus,MOVIE,2000,Not Rated,55,"['comedy', 'documentation']",['GB'],1.0,tt9230920,7.3,161.0,2,1,comedy,GB
221,tm21911,Sam Kinison: Live in Vegas,MOVIE,1991,Not Rated,72,"['comedy', 'music', 'documentation']",['US'],1.0,tt0249934,6.6,272.0,3,1,comedy,US
222,tm118438,Anjaam,MOVIE,1994,Not Rated,146,"['thriller', 'romance', 'drama']",['IN'],1.0,tt0109134,6.6,6465.0,3,1,thriller,IN
223,tm62176,Mann,MOVIE,1999,Not Rated,174,"['drama', 'romance']",['IN'],1.0,tt0206921,6.1,5413.0,2,1,drama,IN
224,tm57169,Monty Python: Live at Aspen,MOVIE,1998,Not Rated,58,"['comedy', 'documentation']","['US', 'GB']",1.0,tt0287570,7.8,1092.0,2,2,comedy,US
225,tm184224,Sinbad: Afros and Bellbottoms,MOVIE,1993,PG-13,59,"['comedy', 'documentation']",['US'],1.0,tt0938331,7.8,166.0,2,1,comedy,US
226,tm44776,The Other,MOVIE,1999,Not Rated,106,"['drama', 'european', 'romance']","['EG', 'FR']",1.0,tt0196355,5.9,987.0,3,2,drama,EG
227,tm104933,Sinbad: Son of a Preacher Man,MOVIE,1996,Not Rated,56,"['comedy', 'documentation']",['US'],1.0,tt0938333,6.7,115.0,2,1,comedy,US
228,tm203186,Children of Shatila,MOVIE,1999,Not Rated,50,"['documentation', 'history']",['LB'],1.0,tt0243174,8.2,74.0,2,1,documentation,LB
229,tm256669,Gumrah,MOVIE,1993,Not Rated,149,"['action', 'crime', 'drama', 'thriller']",['IN'],1.0,tt0107060,6.1,784.0,4,1,action,IN
230,tm117840,The Emigrant,MOVIE,1994,Not Rated,129,['drama'],"['EG', 'FR']",1.0,tt0110545,6.5,998.0,1,2,drama,EG
231,tm334788,Yodha,MOVIE,1991,Not Rated,142,"['drama', 'action']",['IN'],1.0,tt0267130,4.5,198.0,2,1,drama,IN
232,tm110160,Avvai Shanmugi,MOVIE,1996,PG-13,160,"['drama', 'comedy']",['IN'],1.0,tt0139872,7.9,2528.0,2,1,drama,IN
233,tm192301,Minsara Kanavu,MOVIE,1997,G,145,"['comedy', 'drama', 'romance']",['IN'],1.0,tt0282003,6.7,1212.0,3,1,comedy,IN
234,tm110766,Chronicle of a Disappearance,MOVIE,1996,Not Rated,88,['drama'],"['US', 'FR', 'DE', 'PS']",1.0,tt0115895,6.9,718.0,1,4,drama,US
235,tm118256,Yaar Gaddar,MOVIE,1994,Not Rated,147,"['crime', 'action', 'drama']",['IN'],1.0,tt0111780,3.6,142.0,3,1,crime,IN
236,tm64729,Sinbad: Nothin' but the Funk,MOVIE,1998,Not Rated,55,"['comedy', 'documentation']",['US'],1.0,tt0938332,6.2,65.0,2,1,comedy,US
237,tm314602,Dushmani,MOVIE,1995,Not Rated,156,"['romance', 'action', 'drama']",['IN'],1.0,tt0112916,5.0,248.0,3,1,romance,IN
238,tm25389,Fiza,MOVIE,2000,Not Rated,170,"['drama', 'romance', 'action', 'crime']",['IN'],1.0,tt0248012,6.0,4168.0,4,1,drama,IN
239,tm42397,Hello Brother,MOVIE,1999,Not Rated,131,"['romance', 'action', 'comedy', 'fantasy']",['IN'],1.0,tt0233856,4.6,4230.0,4,1,romance,IN
240,tm210754,Have You Ever Seen Fireflies? - Theatre Play,MOVIE,1999,Not Rated,118,"['drama', 'comedy']",['TR'],1.0,Unknown,6.5334469051675175,2279.0,2,1,drama,TR
241,tm449775,Shikari,MOVIE,1991,Not Rated,162,"['drama', 'action']","['IN', 'SU']",1.0,tt0170416,5.9,66.0,2,2,drama,IN
242,tm255589,One Last Shot,MOVIE,1998,Not Rated,30,[],[],1.0,Unknown,6.5334469051675175,2279.0,0,0,Unknown,Unknown
254,tm33545,Forgetting Sarah Marshall,MOVIE,2008,R,111,"['comedy', 'drama', 'romance']",['US'],1.0,tt0800039,7.1,280121.0,3,1,comedy,US
255,tm172683,War of the Worlds,MOVIE,2005,PG-13,117,"['thriller', 'action', 'scifi']",['US'],1.0,tt0407304,6.5,439027.0,3,1,thriller,US
260,tm92641,Inception,MOVIE,2010,PG-13,148,"['scifi', 'music', 'thriller', 'action']","['GB', 'US']",1.0,tt1375666,8.8,2268288.0,4,2,scifi,GB
261,tm102740,The Other Guys,MOVIE,2010,Not Rated,107,"['crime', 'action', 'comedy']",['US'],1.0,tt1386588,6.6,263019.0,3,1,crime,US
262,tm87484,How to Train Your Dragon,MOVIE,2010,PG,98,"['fantasy', 'animation', 'action', 'comedy', 'family', 'drama']",['US'],1.0,tt0892769,8.1,719717.0,6,1,fantasy,US
264,tm39030,Casino Royale,MOVIE,2006,Not Rated,139,"['thriller', 'action', 'european']","['GB', 'US', 'BS', 'CZ', 'DE']",1.0,tt0381061,8.0,644336.0,3,5,thriller,GB
265,tm78592,Michael Clayton,MOVIE,2007,R,120,"['thriller', 'crime', 'drama']",['US'],1.0,tt0465538,7.2,163878.0,3,1,thriller,US
268,tm116324,Jackass: The Movie,MOVIE,2002,R,88,"['action', 'comedy', 'documentation']",['US'],1.0,tt0322802,6.6,92305.0,3,1,action,US
271,tm34310,Zoolander,MOVIE,2001,PG-13,90,"['comedy', 'european']","['US', 'DE']",1.0,tt0196229,6.5,260975.0,2,2,comedy,US
273,tm160815,Charlie and the Chocolate Factory,MOVIE,2005,PG,106,"['fantasy', 'comedy', 'family']","['GB', 'US', 'AU']",1.0,tt0367594,6.6,465995.0,3,3,fantasy,GB
274,tm78671,Cleaner,MOVIE,2007,R,88,"['thriller', 'crime']",['US'],1.0,tt0896798,6.1,41052.0,2,1,thriller,US
275,tm89036,Harold & Kumar Go to White Castle,MOVIE,2004,R,88,['comedy'],['US'],1.0,tt0366551,7.0,193053.0,1,1,comedy,US
276,tm86803,The Social Network,MOVIE,2010,PG-13,121,['drama'],['US'],1.0,tt1285016,7.8,681286.0,1,1,drama,US
277,tm105329,Road to Perdition,MOVIE,2002,R,117,"['thriller', 'documentation', 'crime', 'drama']",['US'],1.0,tt0257044,7.7,263212.0,4,1,thriller,US
279,tm35463,Blow,MOVIE,2001,R,124,"['drama', 'crime']",['US'],1.0,tt0221027,7.5,255099.0,2,1,drama,US
280,tm84371,Shooter,MOVIE,2007,R,124,"['thriller', 'action', 'drama']",['US'],1.0,tt0822854,7.2,329417.0,3,1,thriller,US
281,tm139658,Big Fish,MOVIE,2003,PG-13,125,"['drama', 'fantasy', 'romance']",['US'],1.0,tt0319061,8.0,435503.0,3,1,drama,US
282,tm79442,The Bourne Ultimatum,MOVIE,2007,PG-13,115,"['thriller', 'action']","['DE', 'ES', 'US', 'FR']",1.0,tt0440963,8.0,627009.0,2,4,thriller,DE
283,tm131038,Public Enemies,MOVIE,2009,R,143,"['crime', 'drama', 'history', 'action', 'european']",['US'],1.0,tt1152836,7.0,297525.0,5,1,crime,US
285,tm154187,Sherlock Holmes,MOVIE,2009,PG-13,129,"['crime', 'action', 'thriller']","['GB', 'US', 'AU', 'DE']",1.0,tt0988045,7.6,620154.0,3,4,crime,GB
286,tm133767,Love Actually,MOVIE,2003,R,139,"['drama', 'comedy', 'romance']","['GB', 'US']",1.0,tt0314331,7.6,474176.0,3,2,drama,GB
287,tm88738,Closer,MOVIE,2004,R,94,"['drama', 'romance']","['GB', 'US']",1.0,tt0376541,7.2,215678.0,2,2,drama,GB
289,tm148270,Something's Gotta Give,MOVIE,2003,PG-13,128,"['romance', 'drama', 'comedy']",['US'],1.0,tt0337741,6.7,120400.0,3,1,romance,US
290,tm93055,Grown Ups,MOVIE,2010,PG-13,102,"['comedy', 'drama', 'european']",['US'],1.0,tt1375670,5.9,247229.0,3,1,comedy,US
291,tm133374,The Blind Side,MOVIE,2009,PG-13,129,"['drama', 'sport']",['US'],1.0,tt0878804,7.6,323939.0,2,1,drama,US
292,tm26897,Quantum of Solace,MOVIE,2008,PG-13,106,"['thriller', 'action']","['GB', 'US']",1.0,tt0830515,6.6,441023.0,2,2,thriller,GB
293,tm109304,The Ring,MOVIE,2002,PG-13,111,"['horror', 'european']","['JP', 'US']",1.0,tt0298130,7.1,341888.0,2,2,horror,JP
295,tm76066,Into the Wild,MOVIE,2007,R,140,['drama'],['US'],1.0,tt0758758,8.1,611379.0,1,1,drama,US
296,tm90190,True Grit,MOVIE,2010,PG-13,110,"['western', 'drama']",['US'],1.0,tt1403865,7.6,333378.0,2,1,western,US
297,tm997728,Blade Runner: The Final Cut,MOVIE,2007,R,117,"['action', 'thriller', 'scifi']",['US'],1.0,Unknown,6.5334469051675175,2279.0,3,1,action,US
298,tm29737,Rambo,MOVIE,2008,R,92,"['thriller', 'action', 'war', 'european']","['US', 'DE']",1.0,tt0462499,7.0,228799.0,4,2,thriller,US
299,tm84906,Stardust,MOVIE,2007,PG-13,122,"['fantasy', 'romance', 'family']","['US', 'IS', 'GB']",1.0,tt0486655,7.6,269043.0,3,3,fantasy,US
301,tm142086,The Last Samurai,MOVIE,2003,R,154,"['drama', 'history', 'war', 'action']","['NZ', 'JP', 'US']",1.0,tt0325710,7.8,429097.0,4,3,drama,NZ
304,tm95252,The Book of Eli,MOVIE,2010,R,118,"['thriller', 'action', 'drama', 'european']",['US'],1.0,tt1037705,6.8,312538.0,4,1,thriller,US
305,tm136808,Identity,MOVIE,2003,R,90,['thriller'],['US'],1.0,tt0340770,7.3,240433.0,1,1,thriller,US
307,tm195620,Apocalypse Now Redux,MOVIE,2001,R,196,"['drama', 'war', 'thriller', 'horror']",['US'],1.0,Unknown,6.5334469051675175,2279.0,4,1,drama,US
308,tm109137,Shrek Forever After,MOVIE,2010,PG,93,"['fantasy', 'comedy', 'family', 'romance', 'animation']",['US'],1.0,tt0892791,6.3,200354.0,5,1,fantasy,US
309,tm84613,Hairspray,MOVIE,2007,PG,117,"['comedy', 'drama', 'romance']","['US', 'GB']",1.0,tt0427327,6.7,128190.0,3,2,comedy,US
310,tm173551,Corpse Bride,MOVIE,2005,PG,77,"['fantasy', 'romance', 'animation', 'drama', 'family']",['US'],1.0,tt0121164,7.3,265023.0,5,1,fantasy,US
311,tm94606,Let Me In,MOVIE,2010,R,116,"['horror', 'drama', 'fantasy', 'thriller', 'european']","['GB', 'US']",1.0,tt1228987,7.1,120208.0,5,2,horror,GB
312,tm136308,Monster,MOVIE,2003,R,110,"['crime', 'drama', 'thriller', 'european']",['US'],1.0,tt0340855,7.3,149218.0,4,1,crime,US
313,tm82985,Without a Paddle,MOVIE,2004,PG-13,95,"['thriller', 'comedy']",['US'],1.0,tt0364751,5.8,47049.0,2,1,thriller,US
314,tm145593,Once Upon a Time in Mexico,MOVIE,2003,R,102,"['drama', 'action', 'crime', 'thriller']",['US'],1.0,tt0285823,6.3,160449.0,4,1,drama,US
315,tm150260,Cloudy with a Chance of Meatballs,MOVIE,2009,PG,90,"['animation', 'drama', 'romance', 'comedy', 'family', 'fantasy', 'scifi']",['US'],1.0,tt0844471,6.9,226225.0,7,1,animation,US
317,tm119111,Blade II,MOVIE,2002,R,117,"['thriller', 'fantasy', 'scifi', 'action', 'horror']",['US'],1.0,tt0187738,6.7,214461.0,5,1,thriller,US
318,tm130647,Chloe,MOVIE,2009,R,99,"['thriller', 'drama', 'romance', 'european']","['US', 'CA', 'FR']",1.0,tt1352824,6.3,72916.0,4,3,thriller,US
319,tm32919,Blood Diamond,MOVIE,2006,R,143,"['thriller', 'drama']","['US', 'DE']",1.0,tt0450259,8.0,536858.0,2,2,thriller,US
320,tm23935,The Lake House,MOVIE,2006,PG,105,"['drama', 'fantasy', 'romance', 'documentation']",['US'],1.0,tt0410297,6.8,148043.0,4,1,drama,US
321,tm137143,Terminator 3: Rise of the Machines,MOVIE,2003,R,109,"['thriller', 'scifi', 'action', 'european']","['GB', 'US', 'DE']",1.0,tt0181852,6.3,393998.0,4,3,thriller,GB
322,tm28905,Beerfest,MOVIE,2006,R,110,['comedy'],['US'],1.0,tt0486551,6.2,67748.0,1,1,comedy,US
323,tm44486,Heist,MOVIE,2001,R,107,"['thriller', 'drama', 'action', 'crime', 'european']",['US'],1.0,tt0252503,6.5,36361.0,5,1,thriller,US
324,tm39487,Catch and Release,MOVIE,2006,PG-13,111,"['romance', 'comedy', 'drama']",['US'],1.0,tt0395495,5.9,26157.0,3,1,romance,US
325,tm169949,Just Like Heaven,MOVIE,2005,PG-13,95,"['drama', 'romance', 'fantasy', 'comedy']",['US'],1.0,tt0425123,6.7,106755.0,4,1,drama,US
327,tm184913,Four Brothers,MOVIE,2005,R,109,"['crime', 'action', 'drama', 'thriller']",['US'],1.0,tt0430105,6.8,144656.0,4,1,crime,US
328,tm118637,John Q,MOVIE,2002,PG-13,116,"['drama', 'thriller', 'crime']",['US'],1.0,tt0251160,7.0,131999.0,3,1,drama,US
329,tm58382,Not Another Teen Movie,MOVIE,2001,R,89,['comedy'],['US'],1.0,tt0277371,5.7,104604.0,1,1,comedy,US
330,tm40009,21,MOVIE,2008,PG-13,123,"['drama', 'crime', 'history', 'thriller']",['US'],1.0,tt0478087,6.8,247039.0,4,1,drama,US
332,tm154470,Terminator Salvation,MOVIE,2009,PG-13,110,"['thriller', 'scifi', 'fantasy', 'war', 'action']","['US', 'DE', 'IT', 'GB']",1.0,tt0438488,6.5,357557.0,5,4,thriller,US
333,tm22294,Deck the Halls,MOVIE,2006,PG,93,"['comedy', 'family']",['US'],1.0,tt0790604,5.0,27797.0,2,1,comedy,US
334,tm78067,The Girl Next Door,MOVIE,2007,R,91,"['thriller', 'drama', 'crime', 'horror']",['US'],1.0,tt0830558,6.5,26035.0,4,1,thriller,US
335,tm148379,The Cat in the Hat,MOVIE,2003,PG,81,"['fantasy', 'comedy', 'family']",['US'],1.0,tt0312528,4.0,81971.0,3,1,fantasy,US
336,tm76428,Jackass 2.5,MOVIE,2007,Not Rated,64,"['documentation', 'comedy']",['US'],1.0,Unknown,6.5334469051675175,2279.0,2,1,documentation,US
337,tm21467,Final Destination 3,MOVIE,2006,R,93,"['horror', 'thriller', 'action', 'crime', 'fantasy', 'european']","['CA', 'DE', 'US']",1.0,tt0414982,5.8,139797.0,6,3,horror,CA
338,tm46436,Thir13en Ghosts,MOVIE,2001,R,91,"['thriller', 'horror', 'fantasy']","['CA', 'US']",1.0,tt0245674,5.6,86492.0,3,2,thriller,CA
339,tm57190,The One,MOVIE,2001,PG-13,87,"['scifi', 'thriller', 'action']",['US'],1.0,tt0267804,5.9,91584.0,3,1,scifi,US
340,tm37546,Happy Feet,MOVIE,2006,PG,108,"['comedy', 'fantasy', 'animation', 'family', 'music', 'romance']",['AU'],1.0,tt0366548,6.4,182612.0,6,1,comedy,AU
341,tm30205,Ip Man,MOVIE,2008,R,108,"['drama', 'fantasy', 'action', 'history']","['HK', 'CN']",1.0,tt1220719,8.0,221095.0,4,2,drama,HK
342,tm159310,Coach Carter,MOVIE,2005,PG-13,130,"['drama', 'sport', 'european']","['US', 'DE']",1.0,tt0393162,7.3,143670.0,3,2,drama,US
343,tm89592,Blade: Trinity,MOVIE,2004,R,106,"['action', 'thriller', 'fantasy', 'horror', 'scifi']",['US'],1.0,tt0359013,5.8,175210.0,5,1,action,US
344,tm167516,Monster-in-Law,MOVIE,2005,PG-13,101,"['romance', 'comedy']","['US', 'DE']",1.0,tt0369735,5.5,60693.0,2,2,romance,US
345,tm79895,Halloween,MOVIE,2007,R,109,['horror'],['US'],1.0,tt0373883,6.0,118815.0,1,1,horror,US
346,tm88045,How Do You Know,MOVIE,2010,PG-13,121,"['drama', 'comedy', 'romance']",['US'],1.0,tt1341188,5.4,49599.0,3,1,drama,US
347,tm111600,The Sweetest Thing,MOVIE,2002,R,84,"['comedy', 'romance']",['US'],1.0,tt0253867,5.1,58516.0,2,1,comedy,US
348,tm143938,The Final Destination,MOVIE,2009,R,82,"['horror', 'fantasy', 'scifi', 'action', 'thriller']",['US'],1.0,tt1144884,5.1,104166.0,5,1,horror,US
349,tm31187,The Other Boleyn Girl,MOVIE,2008,PG-13,115,"['romance', 'drama', 'history']","['GB', 'US']",1.0,tt0467200,6.7,111694.0,3,2,romance,GB
350,tm141390,Friday the 13th,MOVIE,2009,R,97,"['horror', 'thriller']",['US'],1.0,tt0758746,5.5,105938.0,2,1,horror,US
351,tm74780,The Bucket List,MOVIE,2007,PG-13,97,"['drama', 'comedy', 'european']",['US'],1.0,tt0825232,7.4,242733.0,3,1,drama,US
352,tm150214,Freddy vs. Jason,MOVIE,2003,R,97,"['horror', 'action']","['IT', 'US']",1.0,tt0329101,5.7,117986.0,2,2,horror,IT
354,tm176528,Memoirs of a Geisha,MOVIE,2005,PG-13,145,"['drama', 'romance', 'european']","['FR', 'JP', 'US']",1.0,tt0397535,7.3,146847.0,3,3,drama,FR
355,tm102337,A Nightmare on Elm Street,MOVIE,2010,R,95,"['horror', 'thriller', 'crime', 'drama']",['US'],1.0,tt1179056,5.2,99192.0,4,1,horror,US
356,tm36188,Body of Lies,MOVIE,2008,R,128,"['drama', 'action', 'thriller']","['GB', 'US']",1.0,tt0758774,7.1,224896.0,3,2,drama,GB
357,tm88382,A Cinderella Story,MOVIE,2004,PG,95,"['romance', 'comedy', 'family']","['CA', 'US']",1.0,tt0356470,5.9,86395.0,3,2,romance,CA
359,tm47523,Osmosis Jones,MOVIE,2001,PG,95,"['animation', 'action', 'comedy', 'crime', 'family', 'fantasy', 'scifi']",['US'],1.0,tt0181739,6.3,35711.0,7,1,animation,US
360,tm24088,Scary Movie 4,MOVIE,2006,PG-13,83,"['comedy', 'horror']",['US'],1.0,tt0362120,5.1,120188.0,2,1,comedy,US
361,tm137362,The Texas Chainsaw Massacre,MOVIE,2003,R,98,"['horror', 'crime']",['US'],1.0,tt0324216,6.2,140741.0,2,1,horror,US
362,tm177068,Fun with Dick and Jane,MOVIE,2005,PG-13,90,"['comedy', 'crime']",['US'],1.0,tt0369441,6.1,143998.0,2,1,comedy,US
363,tm82442,TMNT,MOVIE,2007,PG,87,"['animation', 'comedy', 'family', 'fantasy', 'scifi', 'action']","['US', 'HK']",1.0,tt0453556,6.2,64062.0,6,2,animation,US
364,tm90864,Due Date,MOVIE,2010,R,95,"['drama', 'comedy']",['US'],1.0,tt1231583,6.5,339626.0,2,1,drama,US
365,tm101249,Cop Out,MOVIE,2010,R,107,"['comedy', 'thriller', 'action', 'crime']",['US'],1.0,tt1385867,5.5,87673.0,4,1,comedy,US
368,tm142564,3 Idiots,MOVIE,2009,PG-13,170,"['comedy', 'drama']",['IN'],1.0,tt1187043,8.4,385782.0,2,1,comedy,IN
373,tm89684,New York Minute,MOVIE,2004,PG,87,"['comedy', 'crime', 'family', 'romance']",['US'],1.0,tt0363282,4.8,23307.0,4,1,comedy,US
376,tm183963,Dreamer: Inspired By a True Story,MOVIE,2005,PG,106,"['drama', 'family', 'sport', 'fantasy']",['US'],1.0,tt0487897,6.8,13034.0,4,1,drama,US
377,tm27268,Monster House,MOVIE,2006,PG,91,"['fantasy', 'animation', 'comedy', 'family']",['US'],1.0,tt0385880,6.6,114942.0,4,1,fantasy,US
378,tm81270,Starsky & Hutch,MOVIE,2004,PG-13,101,"['comedy', 'crime']",['US'],1.0,tt0335438,6.1,145981.0,2,1,comedy,US
379,tm137342,Tears of the Sun,MOVIE,2003,R,121,"['drama', 'thriller', 'war', 'action']",['US'],1.0,tt0314353,6.6,121066.0,4,1,drama,US
382,tm161263,The Cave,MOVIE,2005,PG-13,97,"['horror', 'thriller', 'scifi', 'action', 'european']","['DE', 'US']",1.0,tt0403424,5.1,38445.0,5,2,horror,DE
384,tm26638,The Texas Chainsaw Massacre: The Beginning,MOVIE,2006,R,91,"['horror', 'thriller', 'documentation']",['US'],1.0,tt0420294,5.8,72366.0,3,1,horror,US
385,tm55303,I Am Sam,MOVIE,2001,PG-13,132,['drama'],['US'],1.0,tt0277027,7.6,149082.0,1,1,drama,US
386,tm31189,The Spiderwick Chronicles,MOVIE,2008,PG,96,"['fantasy', 'thriller', 'action', 'drama', 'family']",['US'],1.0,tt0416236,6.5,94628.0,5,1,fantasy,US
387,tm165593,Rumor Has It...,MOVIE,2005,PG-13,97,"['comedy', 'drama', 'romance']",['US'],1.0,tt0398375,5.5,57894.0,3,1,comedy,US
390,tm78767,I Now Pronounce You Chuck & Larry,MOVIE,2007,PG-13,115,"['comedy', 'romance']",['US'],1.0,tt0762107,5.9,146625.0,2,1,comedy,US
392,tm36644,World Trade Center,MOVIE,2006,PG-13,129,"['thriller', 'history', 'drama']",['US'],1.0,tt0469641,6.0,83129.0,3,1,thriller,US
393,tm77649,Premonition,MOVIE,2007,PG-13,96,"['thriller', 'drama', 'fantasy']",['US'],1.0,tt0477071,5.9,78119.0,3,1,thriller,US
395,tm33113,Eagle Eye,MOVIE,2008,PG-13,118,"['thriller', 'action', 'european']","['US', 'DE']",1.0,tt1059786,6.6,185430.0,3,2,thriller,US
396,tm78189,The Contractor,MOVIE,2007,R,105,"['thriller', 'european']","['BG', 'GB', 'US']",1.0,Unknown,6.5334469051675175,2279.0,2,3,thriller,BG
397,tm43399,Lagaan: Once Upon a Time in India,MOVIE,2001,PG,224,"['drama', 'romance', 'sport']",['IN'],1.0,tt0169102,8.1,111053.0,3,1,drama,IN
398,tm147211,The Men Who Stare at Goats,MOVIE,2009,R,94,"['comedy', 'war']","['GB', 'US']",1.0,tt1234548,6.2,131564.0,2,2,comedy,GB
400,tm29555,Friends with Money,MOVIE,2006,R,88,"['romance', 'comedy', 'drama']",['US'],1.0,tt0436331,5.8,30186.0,3,1,romance,US
401,tm93225,Legend of the Guardians: The Owls of Ga'Hoole,MOVIE,2010,PG,100,"['fantasy', 'family', 'action', 'war', 'drama', 'thriller', 'animation']","['US', 'AU']",1.0,tt1219342,6.9,82623.0,7,2,fantasy,US
403,tm86189,Good Luck Chuck,MOVIE,2007,Not Rated,101,"['comedy', 'romance']","['CA', 'US']",1.0,tt0452625,5.6,89755.0,2,2,comedy,CA
405,tm104880,Louis C.K.: Hilarious,MOVIE,2010,Not Rated,84,['comedy'],['US'],1.0,tt1421373,8.4,11973.0,1,1,comedy,US
406,tm101334,Death at a Funeral,MOVIE,2010,R,92,['comedy'],['US'],1.0,tt1321509,5.6,49599.0,1,1,comedy,US
407,tm135451,Gifted Hands: The Ben Carson Story,MOVIE,2009,Not Rated,86,['drama'],['US'],1.0,tt1295085,7.6,10210.0,1,1,drama,US
409,tm186461,No Direction Home: Bob Dylan,MOVIE,2005,G,208,"['music', 'documentation']","['GB', 'US', 'JP']",1.0,Unknown,6.5334469051675175,2279.0,2,3,music,GB
411,tm141707,Blood and Bone,MOVIE,2009,R,93,"['thriller', 'action', 'crime', 'drama', 'sport']",['US'],1.0,tt0346631,6.7,33051.0,5,1,thriller,US
412,tm103095,Ip Man 2,MOVIE,2010,R,108,"['drama', 'history', 'sport', 'action']","['CN', 'HK']",1.0,tt1386932,7.5,103673.0,4,2,drama,CN
414,tm83786,Like Stars on Earth,MOVIE,2007,PG,165,"['drama', 'family']",['IN'],1.0,tt0986264,8.3,188234.0,2,1,drama,IN
418,tm27168,Felon,MOVIE,2008,R,103,"['crime', 'thriller', 'drama', 'action']",['US'],1.0,tt1117385,7.4,78039.0,4,1,crime,US
421,tm114476,Stuart Little 2,MOVIE,2002,G,78,"['comedy', 'fantasy', 'animation', 'family']",['US'],1.0,tt0243585,5.5,53746.0,4,1,comedy,US
424,tm130574,Did You Hear About the Morgans?,MOVIE,2009,PG-13,103,"['comedy', 'romance', 'drama']",['US'],1.0,tt1314228,4.9,40289.0,3,1,comedy,US
429,tm160800,Chaos,MOVIE,2005,R,106,"['action', 'crime', 'drama', 'thriller', 'european']","['GB', 'US', 'CA']",1.0,tt0402910,6.4,54633.0,5,3,action,GB
431,tm22493,Katt Williams: The Pimp Chronicles Pt. 1,MOVIE,2006,Not Rated,46,"['comedy', 'documentation']",['US'],1.0,tt0865482,7.6,1780.0,2,1,comedy,US
432,tm164557,Initial D,MOVIE,2005,Not Rated,107,"['drama', 'action', 'crime', 'thriller', 'animation', 'comedy', 'romance']","['HK', 'JP']",1.0,tt0439630,6.3,8536.0,7,2,drama,HK
433,tm112381,Comedian,MOVIE,2002,R,82,"['comedy', 'documentation']",['US'],1.0,tt0328962,6.9,6948.0,2,1,comedy,US
434,tm71119,Delta Farce,MOVIE,2007,PG-13,90,"['action', 'comedy']",['US'],1.0,tt0800003,3.6,11138.0,2,1,action,US
435,tm134235,One Piece: Strong World,MOVIE,2009,PG-13,114,"['fantasy', 'animation', 'action']",['JP'],1.0,tt1485763,7.5,5382.0,3,1,fantasy,JP
436,tm86995,Christmas with the Kranks,MOVIE,2004,PG,99,"['comedy', 'family']",['US'],1.0,tt0388419,5.4,49090.0,2,1,comedy,US
438,tm137530,Love Happens,MOVIE,2009,PG-13,109,"['drama', 'romance']","['CA', 'GB', 'US']",1.0,tt4809870,5.6,32837.0,2,3,drama,CA
442,tm100688,Even the Rain,MOVIE,2010,Not Rated,104,"['drama', 'european', 'history']","['ES', 'FR', 'MX']",1.0,tt1422032,7.4,13446.0,3,3,drama,ES
443,tm31290,Population 436,MOVIE,2006,R,88,"['horror', 'thriller']",['CA'],1.0,Unknown,6.5334469051675175,2279.0,2,1,horror,CA
444,tm36475,Kabhi Khushi Kabhie Gham,MOVIE,2001,G,210,"['drama', 'romance']",['IN'],1.0,tt0248126,7.4,48818.0,2,1,drama,IN
445,tm80059,Naruto Shippuden the Movie,MOVIE,2007,PG-13,94,"['fantasy', 'animation', 'action', 'family']",['JP'],1.0,tt0988982,6.7,4016.0,4,1,fantasy,JP
446,tm53999,Open Season 2,MOVIE,2008,PG,76,['comedy'],['US'],1.0,Unknown,6.5334469051675175,2279.0,1,1,comedy,US
447,tm22636,Trailer Park Boys: The Movie,MOVIE,2006,R,95,"['comedy', 'crime']",['CA'],1.0,tt0425601,7.1,12831.0,2,1,comedy,CA
448,tm30289,Jeff Dunham: Arguing with Myself,MOVIE,2006,PG-13,76,"['comedy', 'documentation']",['US'],1.0,tt0806102,8.0,3984.0,2,1,comedy,US
449,tm38896,From Within,MOVIE,2008,R,89,"['thriller', 'horror', 'documentation', 'war', 'european']",['US'],1.0,tt1063056,5.6,7585.0,5,1,thriller,US
450,tm29269,Jodhaa Akbar,MOVIE,2008,PG-13,213,"['romance', 'history', 'war', 'action', 'drama']",['IN'],1.0,tt0449994,7.5,32188.0,5,1,romance,IN
451,tm156001,And Then Came Lola,MOVIE,2009,PG,71,"['comedy', 'drama', 'romance']",['US'],1.0,tt1123894,3.9,1683.0,3,1,comedy,US
453,tm73058,Om Shanti Om,MOVIE,2007,PG,162,"['comedy', 'drama', 'fantasy', 'romance', 'thriller', 'action']",['IN'],1.0,tt1024943,6.7,42597.0,6,1,comedy,IN
454,tm76835,Jab We Met,MOVIE,2007,PG-13,138,"['comedy', 'drama', 'romance']",['IN'],1.0,tt1093370,7.9,51945.0,3,1,comedy,IN
456,tm48083,Te quiero,MOVIE,2001,Not Rated,85,"['drama', 'comedy', 'european']",['FR'],1.0,tt0217085,4.8,73.0,3,1,drama,FR
457,tm33981,Bon Cop Bad Cop,MOVIE,2006,PG-13,116,"['crime', 'scifi', 'drama', 'thriller', 'action', 'comedy']",['CA'],1.0,tt0479647,6.5,61.0,6,1,crime,CA
458,tm80339,Naruto: Ninja Clash in the Land of Snow,MOVIE,2004,PG-13,82,"['comedy', 'action', 'animation', 'fantasy']",['JP'],1.0,tt0476680,6.6,6759.0,4,1,comedy,JP
461,tm165259,I Will Follow,MOVIE,2010,PG-13,76,['drama'],['US'],1.0,tt1624426,5.9,865.0,1,1,drama,US
462,tm97544,Alpha and Omega,MOVIE,2010,PG,88,"['animation', 'romance', 'comedy', 'family']","['IN', 'CA', 'US']",1.0,tt1213012,5.1,14272.0,4,3,animation,IN
463,tm65142,One Piece: The Desert Princess and the Pirates: Adventure in Alabasta,MOVIE,2007,PG-13,90,"['drama', 'comedy', 'animation', 'action']",['JP'],1.0,tt1037116,6.9,1611.0,4,1,drama,JP
465,tm22342,Waist Deep,MOVIE,2006,R,97,"['thriller', 'drama', 'crime', 'action']",['US'],1.0,tt0456020,5.8,9957.0,4,1,thriller,US
466,tm24576,Naruto: Guardians of the Crescent Moon Kingdom,MOVIE,2006,PG-13,95,"['action', 'animation']",['JP'],1.0,tt1071815,6.4,3975.0,2,1,action,JP
467,tm41508,First Sunday,MOVIE,2008,PG-13,96,"['comedy', 'crime', 'drama']",['US'],1.0,tt0486578,4.5,10834.0,3,1,comedy,US
469,tm52352,This Is the Life,MOVIE,2008,Not Rated,97,"['documentation', 'music']",['US'],1.0,tt1178658,6.3,263.0,2,1,documentation,US
470,tm170873,My Suicide,MOVIE,2009,R,107,"['comedy', 'drama']",['US'],1.0,tt0492896,7.0,1936.0,2,1,comedy,US
471,tm176297,Kyaa Kool Hai Hum,MOVIE,2005,Not Rated,172,['comedy'],['IN'],1.0,tt0456500,6.1,3507.0,1,1,comedy,IN
473,tm110923,Divine Intervention,MOVIE,2002,Not Rated,92,"['drama', 'comedy', 'romance', 'war']","['PS', 'FR', 'MA', 'DE']",1.0,tt0274428,6.6,3598.0,4,4,drama,PS
474,tm150521,Accident,MOVIE,2009,R,89,['thriller'],['HK'],1.0,tt1202514,6.6,3284.0,1,1,thriller,HK
475,tm75022,Zach Galifianakis: Live at the Purple Onion,MOVIE,2007,Not Rated,61,['comedy'],['US'],1.0,Unknown,6.5334469051675175,2279.0,1,1,comedy,US
476,tm177687,Naruto: Legend of the Stone of Gelel,MOVIE,2005,PG-13,96,"['fantasy', 'comedy', 'drama', 'animation', 'action']",['JP'],1.0,tt0791188,6.4,4297.0,5,1,fantasy,JP
477,tm22989,Jim Gaffigan: Beyond the Pale,MOVIE,2006,Not Rated,72,"['comedy', 'documentation']",['US'],1.0,tt0815456,7.9,3940.0,2,1,comedy,US
479,tm156575,Billu,MOVIE,2009,PG,137,"['drama', 'comedy']",['IN'],1.0,tt1230448,6.3,11747.0,2,1,drama,IN
483,tm91046,"Cairo 6,7,8",MOVIE,2010,Not Rated,100,['drama'],['EG'],1.0,tt1764141,7.4,4346.0,1,1,drama,EG
484,tm61056,Dil Chahta Hai,MOVIE,2001,G,183,"['drama', 'comedy', 'romance']",['IN'],1.0,tt0292490,8.1,71167.0,3,1,drama,IN
485,tm138497,Trailer Park Boys: Countdown to Liquor Day,MOVIE,2009,R,101,"['comedy', 'crime']",['CA'],1.0,tt1337032,7.3,7451.0,2,1,comedy,CA
486,tm93612,Bleach the Movie: Hell Verse,MOVIE,2010,PG-13,94,"['fantasy', 'animation', 'action']",['JP'],1.0,tt1785394,7.4,2416.0,3,1,fantasy,JP
487,tm81461,Whisky,MOVIE,2004,Not Rated,99,"['drama', 'comedy']","['DE', 'UY', 'ES', 'AR']",1.0,tt0331370,7.1,6249.0,2,4,drama,DE
488,tm32915,EMI,MOVIE,2008,Not Rated,128,"['drama', 'comedy', 'crime']",['IN'],1.0,tt1221133,4.4,604.0,3,1,drama,IN
490,tm96037,Naruto Shippuden the Movie: The Lost Tower,MOVIE,2010,PG-13,85,"['action', 'animation', 'fantasy']",['JP'],1.0,tt1703048,6.9,3567.0,3,1,action,JP
491,tm36164,Naruto Shippuden the Movie: Bonds,MOVIE,2008,PG-13,90,"['fantasy', 'animation', 'action']",['JP'],1.0,tt1160524,6.8,4473.0,3,1,fantasy,JP
492,tm147494,Naruto Shippuden the Movie: The Will of Fire,MOVIE,2009,PG-13,95,"['action', 'animation', 'fantasy']",['JP'],1.0,tt1481363,7.0,3626.0,3,1,action,JP
493,tm31564,Linewatch,MOVIE,2008,R,90,"['thriller', 'crime', 'drama']",['US'],1.0,tt1047832,5.4,2862.0,3,1,thriller,US
494,tm95238,The Boy Who Cried Werewolf,MOVIE,2010,G,97,"['fantasy', 'horror', 'comedy', 'family']","['US', 'CA']",1.0,tt1451423,5.9,3264.0,4,2,fantasy,US
495,tm54147,Dostana,MOVIE,2008,PG-13,145,"['drama', 'comedy', 'romance']","['US', 'IN']",1.0,tt1185420,6.5,14944.0,3,2,drama,US
496,tm99776,Whitney Cummings: Money Shot,MOVIE,2010,Not Rated,48,"['comedy', 'documentation']",['US'],1.0,tt1659261,6.2,907.0,2,1,comedy,US
497,tm30170,Don,MOVIE,2006,PG-13,178,"['thriller', 'crime', 'action', 'european']",['IN'],1.0,tt0461936,7.1,36836.0,4,1,thriller,IN
498,tm37945,Rock On!!,MOVIE,2008,Not Rated,144,"['drama', 'music']",['IN'],1.0,tt1230165,7.7,21963.0,2,1,drama,IN
499,tm25029,Eternal Summer,MOVIE,2006,Not Rated,105,"['romance', 'drama']",['TW'],1.0,tt0885520,7.0,2630.0,2,1,romance,TW
500,tm59880,Mike Birbiglia: What I Should Have Said Was Nothing,MOVIE,2008,Not Rated,60,['comedy'],['US'],1.0,tt1188112,7.6,1789.0,1,1,comedy,US
501,tm34524,"One Piece: Episode of Chopper Plus: Bloom in the Winter, Miracle Cherry Blossom",MOVIE,2008,PG-13,95,"['action', 'animation', 'comedy', 'drama', 'fantasy']",['JP'],1.0,tt1206326,7.0,1189.0,5,1,action,JP
502,tm83175,Welcome,MOVIE,2007,Not Rated,160,"['romance', 'crime', 'comedy']",['IN'],1.0,tt0488798,6.9,21799.0,3,1,romance,IN
503,tm65839,Just Another Love Story,MOVIE,2007,Not Rated,100,"['thriller', 'european', 'crime', 'drama']",['DK'],1.0,tt1024942,7.2,4849.0,4,1,thriller,DK
504,tm89936,Arahan,MOVIE,2004,Not Rated,114,"['thriller', 'fantasy', 'action', 'comedy']",['KR'],1.0,tt0404777,6.6,3813.0,4,1,thriller,KR
505,tm22540,Phir Hera Pheri,MOVIE,2006,Not Rated,155,"['comedy', 'crime']",['IN'],1.0,tt0419058,7.1,22505.0,2,1,comedy,IN
506,tm34846,Bleach the Movie: Fade to Black,MOVIE,2008,PG-13,94,"['fantasy', 'drama', 'animation', 'action']",['JP'],1.0,tt1339302,7.2,2151.0,4,1,fantasy,JP
507,tm32885,Rang De Basanti,MOVIE,2006,PG-13,157,"['comedy', 'drama', 'history', 'crime']",['IN'],1.0,tt0460895,8.1,118092.0,4,1,comedy,IN
509,tm82765,Swades,MOVIE,2004,G,189,"['drama', 'european']","['IN', 'US']",1.0,tt0367110,8.1,89085.0,2,2,drama,IN
510,tm170169,Kaal,MOVIE,2005,Not Rated,127,"['thriller', 'scifi', 'horror']",['IN'],1.0,tt0415908,4.7,5309.0,3,1,thriller,IN
511,tm44749,Sorry to Disturb,MOVIE,2008,Not Rated,116,"['thriller', 'comedy', 'drama', 'romance']",['EG'],1.0,tt1282371,8.0,5824.0,4,1,thriller,EG
512,tm47325,2 Alone in Paris,MOVIE,2008,Not Rated,94,"['comedy', 'european']",['FR'],1.0,tt1077097,5.4,2482.0,2,1,comedy,FR
513,tm146887,Delhi-6,MOVIE,2009,Not Rated,141,"['drama', 'comedy']",['IN'],1.0,tt1043451,6.1,7683.0,2,1,drama,IN
514,tm144345,Kal Ho Naa Ho,MOVIE,2003,PG,186,"['drama', 'comedy', 'romance']",['IN'],1.0,tt0347304,7.9,68028.0,3,1,drama,IN
515,tm70222,Sivaji: The Boss,MOVIE,2007,PG-13,189,"['drama', 'crime', 'thriller', 'action']",['IN'],1.0,tt0479751,7.5,19556.0,4,1,drama,IN
516,tm92977,Ishqiya,MOVIE,2010,R,115,"['comedy', 'thriller', 'romance', 'drama']",['IN'],1.0,tt1345777,7.3,10415.0,4,1,comedy,IN
518,tm98975,Guzaarish,MOVIE,2010,PG,126,"['drama', 'romance']",['IN'],1.0,tt1438298,7.4,18466.0,2,1,drama,IN
519,tm25842,A Lion in the House,MOVIE,2006,Not Rated,225,['documentation'],['US'],1.0,tt0492472,8.7,312.0,1,1,documentation,US
520,tm43179,Oye Lucky! Lucky Oye!,MOVIE,2008,Not Rated,126,"['comedy', 'drama', 'action', 'crime']",['IN'],1.0,tt1292703,7.7,17411.0,4,1,comedy,IN
521,tm95434,Love in a Puff,MOVIE,2010,Not Rated,104,"['romance', 'comedy', 'drama']",['HK'],1.0,tt1602479,7.1,2558.0,3,1,romance,HK
522,tm23441,Kabhi Alvida Naa Kehna,MOVIE,2006,PG,193,"['drama', 'romance']",['IN'],1.0,tt0449999,6.0,19797.0,2,1,drama,IN
523,tm418157,Monty Python Conquers America,MOVIE,2008,Not Rated,55,['documentation'],[],1.0,Unknown,6.5334469051675175,2279.0,1,0,documentation,Unknown
524,tm86051,Black Friday,MOVIE,2004,R,143,"['crime', 'action', 'drama', 'history']",['IN'],1.0,tt0400234,8.4,20611.0,4,1,crime,IN
525,tm44634,Kevin James: Sweat the Small Stuff,MOVIE,2001,Not Rated,42,"['comedy', 'documentation']",['US'],1.0,tt0305727,7.4,1083.0,2,1,comedy,US
526,tm62369,Connected,MOVIE,2008,Not Rated,110,"['thriller', 'action', 'crime']","['CN', 'HK']",1.0,tt1156506,6.6,2256.0,3,2,thriller,CN
527,tm23077,Vivah,MOVIE,2006,Not Rated,175,"['drama', 'family', 'romance']",['IN'],1.0,tt0494290,6.6,9793.0,3,1,drama,IN
528,tm31335,Golmaal Returns,MOVIE,2008,PG,135,"['comedy', 'crime']",['IN'],1.0,tt1092005,5.1,7884.0,2,1,comedy,IN
529,tm139349,Jim Gaffigan: King Baby,MOVIE,2009,Not Rated,72,"['comedy', 'documentation']",['US'],1.0,tt1390471,7.7,2548.0,2,1,comedy,US
530,tm85243,The Trailer Park Boys Xmas Special,MOVIE,2004,Not Rated,57,['comedy'],['CA'],1.0,tt0439856,8.0,3422.0,1,1,comedy,CA
531,tm165809,Bluffmaster!,MOVIE,2005,PG,137,"['drama', 'comedy', 'romance', 'thriller', 'crime']",['IN'],1.0,tt0476527,6.6,6313.0,5,1,drama,IN
532,tm89764,Inuyasha the Movie 4: Fire on the Mystic Island,MOVIE,2004,PG-13,88,"['fantasy', 'action', 'comedy', 'animation']",['JP'],1.0,tt0473658,7.2,1826.0,4,1,fantasy,JP
533,tm68191,My Führer,MOVIE,2007,Not Rated,89,"['drama', 'european', 'comedy', 'war']",['DE'],1.0,tt0780568,5.5,4430.0,4,1,drama,DE
534,tm51493,Vizontele,MOVIE,2001,Not Rated,110,"['comedy', 'drama']",['TR'],1.0,tt0270053,8.0,36291.0,2,1,comedy,TR
537,tm175687,Sir! No Sir!,MOVIE,2005,Not Rated,85,"['war', 'documentation']",['US'],1.0,tt0469589,7.6,778.0,2,1,war,US
539,tm49405,Inuyasha the Movie: Affections Touching Across Time,MOVIE,2001,PG-13,99,"['action', 'animation', 'fantasy']",['JP'],1.0,tt0322645,7.2,2570.0,3,1,action,JP
540,tm96168,Once Upon a Time in Mumbaai,MOVIE,2010,PG-13,132,"['thriller', 'crime', 'drama', 'romance', 'action']",['IN'],1.0,tt1395054,7.4,17494.0,5,1,thriller,IN
541,tm72587,Guru,MOVIE,2007,PG-13,166,"['romance', 'documentation', 'drama', 'european']",['IN'],1.0,tt0499375,7.7,23541.0,4,1,romance,IN
542,tm88366,Main Hoon Na,MOVIE,2004,PG,179,"['drama', 'romance', 'thriller', 'action', 'comedy']",['IN'],1.0,tt0347473,7.0,35142.0,5,1,drama,IN
543,tm101684,Romantik Komedi,MOVIE,2010,G,110,"['romance', 'comedy']",['TR'],1.0,tt1587263,5.3,5060.0,2,1,romance,TR
544,tm38454,Jeff Dunham's Very Special Christmas Special,MOVIE,2008,PG-13,85,"['comedy', 'documentation']",['US'],1.0,tt1295909,7.4,3028.0,2,1,comedy,US
545,tm164389,Paheli,MOVIE,2005,PG-13,141,"['fantasy', 'drama', 'romance', 'comedy']",['IN'],1.0,tt0451850,6.3,13206.0,4,1,fantasy,IN
546,tm77863,Honeymoon Travels Pvt. Ltd.,MOVIE,2007,PG-13,118,"['comedy', 'drama', 'romance']",['IN'],1.0,tt0808306,6.1,2609.0,3,1,comedy,IN
548,tm138902,Inuyasha the Movie 3: Swords of an Honorable Ruler,MOVIE,2003,PG-13,99,"['fantasy', 'thriller', 'animation', 'action']",['JP'],1.0,tt0396659,7.6,2206.0,4,1,fantasy,JP
550,tm149209,Kaminey,MOVIE,2009,PG-13,135,"['drama', 'crime', 'action', 'thriller']",['IN'],1.0,tt1274295,7.4,17136.0,4,1,drama,IN
552,tm147686,Kevin Hart: I'm a Grown Little Man,MOVIE,2009,R,72,"['comedy', 'documentation']",['US'],1.0,tt1420554,7.5,4333.0,2,1,comedy,US
553,tm82718,G.O.R.A.,MOVIE,2004,PG-13,127,"['scifi', 'comedy']",['TR'],1.0,tt0384116,8.0,61797.0,2,1,scifi,TR
554,tm39557,Jaane Tu... Ya Jaane Na,MOVIE,2008,Not Rated,155,"['drama', 'comedy', 'romance']",['IN'],1.0,tt0473367,7.4,26738.0,3,1,drama,IN
555,tm22558,Mukhsin,MOVIE,2006,Not Rated,95,"['drama', 'comedy', 'family']",['MY'],1.0,tt0863091,7.3,382.0,3,1,drama,MY
557,tm164591,Apaharan,MOVIE,2005,Not Rated,173,"['action', 'drama', 'crime']",['IN'],1.0,tt0451631,7.4,4736.0,3,1,action,IN
558,tm106625,"LSD: Love, Sex aur Dhokha",MOVIE,2010,PG-13,108,"['drama', 'comedy', 'crime', 'romance']",['IN'],1.0,tt1608777,7.2,5645.0,4,1,drama,IN
560,tm352863,Splatter,MOVIE,2009,Not Rated,29,['horror'],['US'],1.0,tt6999072,6.5334469051675175,2279.0,1,1,horror,US
562,tm29731,Chup Chup Ke,MOVIE,2006,G,165,"['comedy', 'drama', 'romance']",['IN'],1.0,tt0464160,6.9,10528.0,3,1,comedy,IN
563,tm80455,Manorama Six Feet Under,MOVIE,2007,R,137,"['thriller', 'crime', 'drama']",['IN'],1.0,tt0920464,7.6,8043.0,3,1,thriller,IN
564,tm84348,Doing Hard Time,MOVIE,2004,R,95,['crime'],['US'],1.0,Unknown,6.5334469051675175,2279.0,1,1,crime,US
565,tm144835,Sergio,MOVIE,2009,Not Rated,94,['documentation'],['US'],1.0,tt1333656,7.4,880.0,1,1,documentation,US
566,tm129971,Luck by Chance,MOVIE,2009,Not Rated,155,"['romance', 'drama']",['IN'],1.0,tt0886539,7.1,10206.0,2,1,romance,IN
567,tm41953,Tim Minchin: So F**king Rock Live,MOVIE,2008,Not Rated,127,['comedy'],['GB'],1.0,Unknown,6.5334469051675175,2279.0,1,1,comedy,GB
568,tm103133,Karthik Calling Karthik,MOVIE,2010,PG,135,"['thriller', 'drama', 'romance']",['IN'],1.0,tt1373156,7.1,11944.0,3,1,thriller,IN
569,tm421611,The Egyptian Nightingale,MOVIE,2008,Not Rated,115,['comedy'],['EG'],1.0,Unknown,6.5334469051675175,2279.0,1,1,comedy,EG
571,tm155761,Ajab Prem Ki Ghazab Kahani,MOVIE,2009,PG,150,"['action', 'comedy', 'romance']",['IN'],1.0,tt1252596,6.3,14380.0,3,1,action,IN
572,tm75544,Dhan Dhana Dhan Goal,MOVIE,2007,PG,167,"['drama', 'sport', 'thriller']",['IN'],1.0,tt1120897,5.0,2603.0,3,1,drama,IN
573,tm29028,Salt of This Sea,MOVIE,2008,Not Rated,109,"['romance', 'drama', 'european']","['ES', 'CH', 'PS', 'BE', 'FR']",1.0,tt1090680,6.8,1224.0,3,5,romance,ES
574,tm93004,Yuva,MOVIE,2004,PG,161,"['action', 'drama', 'thriller']",['IN'],1.0,tt0382383,7.3,8878.0,3,1,action,IN
575,tm23977,Fuga,MOVIE,2006,Not Rated,110,"['thriller', 'drama', 'music']","['CL', 'AR']",1.0,tt0442236,6.3,1120.0,3,2,thriller,CL
576,tm78790,Namastey London,MOVIE,2007,PG,131,"['comedy', 'drama', 'romance']",['IN'],1.0,tt0795434,7.1,21745.0,3,1,comedy,IN
577,tm44530,Fashion,MOVIE,2008,PG-13,167,"['romance', 'drama']",['IN'],1.0,tt0964516,6.9,12468.0,2,1,romance,IN
578,tm102848,Peepli Live,MOVIE,2010,PG,104,"['drama', 'comedy']",['IN'],1.0,tt1447508,7.4,12265.0,2,1,drama,IN
579,tm96595,Lakshya,MOVIE,2004,G,186,"['drama', 'romance', 'war', 'action']",['IN'],1.0,tt0323013,7.8,23076.0,4,1,drama,IN
580,tm56428,Trailer Park Boys: Say Goodnight to the Bad Guys,MOVIE,2008,Not Rated,60,['comedy'],['CA'],1.0,tt1324027,7.8,3555.0,1,1,comedy,CA
581,tm155774,Pomegranates and Myrrh,MOVIE,2009,Not Rated,95,['drama'],"['DE', 'KW', 'PS', 'FR']",1.0,tt1320282,6.3,249.0,1,4,drama,DE
582,tm44378,Tony Manero,MOVIE,2008,Not Rated,97,"['drama', 'music']",['CL'],1.0,tt1223975,6.8,4231.0,2,1,drama,CL
583,tm97982,Do Dooni Chaar,MOVIE,2010,PG,146,"['drama', 'comedy', 'crime']",['IN'],1.0,tt1714832,7.5,5551.0,3,1,drama,IN
584,tm27484,Kismat Konnection,MOVIE,2008,G,153,"['romance', 'comedy', 'drama']",['IN'],1.0,tt1105733,5.3,5588.0,3,1,romance,IN
585,tm145243,Wake Up Sid,MOVIE,2009,Not Rated,138,"['comedy', 'drama', 'romance']",['IN'],1.0,tt1324059,7.6,30818.0,3,1,comedy,IN
586,tm77348,Life in a Metro,MOVIE,2007,Not Rated,124,"['drama', 'comedy', 'romance']",['IN'],1.0,tt0800956,7.4,11934.0,3,1,drama,IN
588,tm111226,Awara Paagal Deewana,MOVIE,2002,Not Rated,169,"['action', 'comedy', 'crime', 'drama', 'thriller']",['IN'],1.0,tt0319020,6.2,8309.0,5,1,action,IN
589,tm237621,The Figurine (Araromire),MOVIE,2009,PG-13,122,"['horror', 'thriller']",['NG'],1.0,tt1542960,4.4,243.0,2,1,horror,NG
590,tm104349,The Unjust,MOVIE,2010,Not Rated,119,"['thriller', 'drama', 'action', 'crime']",['KR'],1.0,tt1843120,6.6,2139.0,4,1,thriller,KR
591,tm152724,Kurbaan,MOVIE,2009,R,161,"['thriller', 'action', 'crime', 'drama', 'romance', 'sport']",['IN'],1.0,tt1185442,5.7,5121.0,6,1,thriller,IN
592,tm69694,Can’t Complain,MOVIE,2007,Not Rated,113,"['thriller', 'crime', 'romance', 'comedy', 'drama']",['EG'],1.0,tt2244947,7.5,3922.0,5,1,thriller,EG
593,tm105278,Inuyasha the Movie 2: The Castle Beyond the Looking Glass,MOVIE,2002,PG-13,100,"['animation', 'fantasy', 'action', 'romance', 'comedy']",['JP'],1.0,tt0366621,7.3,2127.0,5,1,animation,JP
594,tm80487,Spookley the Square Pumpkin,MOVIE,2004,G,47,"['family', 'animation']",['US'],1.0,Unknown,6.5334469051675175,2279.0,2,1,family,US
595,tm33729,Taxi No. 9 2 11,MOVIE,2006,Not Rated,116,"['drama', 'thriller', 'comedy']",['IN'],1.0,tt0476884,7.2,9897.0,3,1,drama,IN
596,tm129763,Anbe Sivam,MOVIE,2003,Not Rated,160,"['comedy', 'drama']",['IN'],1.0,tt0367495,8.7,20595.0,2,1,comedy,IN
597,tm130301,Gangaajal,MOVIE,2003,Not Rated,157,"['drama', 'crime', 'action']",['IN'],1.0,tt0373856,7.8,17029.0,3,1,drama,IN
598,tm141117,Chalte Chalte,MOVIE,2003,PG-13,175,"['comedy', 'drama', 'romance']",['IN'],1.0,tt0346723,6.5,15379.0,3,1,comedy,IN
599,tm35652,Mumbai Meri Jaan,MOVIE,2008,PG-13,119,['drama'],['IN'],1.0,tt1266583,7.7,6309.0,1,1,drama,IN
600,tm49865,Aamir,MOVIE,2008,NC-17,99,"['thriller', 'action', 'crime', 'drama']",['IN'],1.0,tt1241195,7.6,11241.0,4,1,thriller,IN
601,tm254745,Frontiers of Dreams and Fears,MOVIE,2001,Not Rated,56,"['documentation', 'history']",['PS'],1.0,tt0477653,8.3,54.0,2,1,documentation,PS
602,tm134140,Ishq Vishk,MOVIE,2003,Not Rated,145,"['drama', 'comedy', 'romance']",['IN'],1.0,tt0362771,6.1,4203.0,3,1,drama,IN
604,tm114504,The Legend of Bhagat Singh,MOVIE,2002,Not Rated,155,"['drama', 'history', 'action']",['IN'],1.0,tt0319736,8.1,16225.0,3,1,drama,IN
605,tm76029,Under the Bombs,MOVIE,2007,Not Rated,98,"['romance', 'drama', 'european', 'war']","['GB', 'FR', 'LB']",1.0,tt1094275,7.0,1641.0,4,3,romance,GB
606,tm33067,Race,MOVIE,2008,PG-13,161,"['drama', 'action', 'thriller', 'crime', 'comedy']",['IN'],1.0,tt1017456,6.9,63.0,5,1,drama,IN
607,tm103732,Udaan,MOVIE,2010,R,138,['drama'],['IN'],1.0,tt1639426,8.1,44556.0,1,1,drama,IN
608,tm712151,Laugh Out Loud,MOVIE,2003,Not Rated,60,['comedy'],['ZA'],1.0,tt0401575,7.0,13.0,1,1,comedy,ZA
609,tm98475,We Are Family,MOVIE,2010,PG,115,"['drama', 'comedy', 'family']",['IN'],1.0,tt1428459,5.6,3140.0,3,1,drama,IN
610,tm34924,The Beast Stalker,MOVIE,2008,Not Rated,109,"['thriller', 'action']",['HK'],1.0,tt1330525,6.8,2191.0,2,1,thriller,HK
611,tm101609,Raajneeti,MOVIE,2010,PG,167,"['drama', 'thriller', 'crime']",['IN'],1.0,tt1291465,7.1,17555.0,3,1,drama,IN
613,tm216753,Old Thieves: The Legend of Artegio,MOVIE,2007,Not Rated,97,"['documentation', 'crime']",['MX'],1.0,tt1020042,8.0,314.0,2,1,documentation,MX
614,tm112235,Kannathil Muthamittal,MOVIE,2002,Not Rated,137,"['drama', 'war', 'action']",['IN'],1.0,tt0312859,8.4,8376.0,3,1,drama,IN
615,tm101540,Well Done Abba,MOVIE,2010,Not Rated,144,['comedy'],['IN'],1.0,tt1397492,7.2,1876.0,1,1,comedy,IN
616,tm96052,Palermo Hollywood,MOVIE,2004,Not Rated,113,['drama'],['AR'],1.0,tt0422907,5.2,200.0,1,1,drama,AR
617,tm134407,Dev.D,MOVIE,2009,PG-13,144,"['drama', 'romance', 'comedy']",['IN'],1.0,tt1327035,7.9,30389.0,3,1,drama,IN
618,tm81864,Twins Mission,MOVIE,2007,Not Rated,103,"['action', 'drama', 'comedy', 'crime']",['HK'],1.0,tt0934949,5.2,686.0,4,1,action,HK
619,tm346951,What's Up?,MOVIE,2006,Not Rated,95,"['drama', 'comedy']",['SA'],1.0,tt0791180,2.9,315.0,2,1,drama,SA
620,tm144263,Aagey Se Right,MOVIE,2009,G,117,"['comedy', 'crime', 'drama']",['IN'],1.0,tt1479667,5.2,406.0,3,1,comedy,IN
622,tm85689,Krishna Cottage,MOVIE,2004,Not Rated,124,"['thriller', 'drama', 'horror']",['IN'],1.0,tt0408976,5.1,1153.0,3,1,thriller,IN
624,tm87909,Thomas & Friends: Thomas and the Jet Engine,MOVIE,2004,G,67,['animation'],[],1.0,Unknown,6.5334469051675175,2279.0,1,0,animation,Unknown
625,tm368679,Madness in the Desert,MOVIE,2004,Not Rated,141,['documentation'],['IN'],1.0,tt0417528,8.4,373.0,1,1,documentation,IN
626,tm897538,Let's Dance,MOVIE,2006,Not Rated,115,['drama'],['EG'],1.0,Unknown,6.5334469051675175,2279.0,1,1,drama,EG
627,tm91323,I Hate Luv Storys,MOVIE,2010,PG,129,"['drama', 'romance', 'comedy']",['IN'],1.0,tt1667838,5.6,7994.0,3,1,drama,IN
628,tm36636,C Kkompany,MOVIE,2008,Not Rated,130,"['comedy', 'drama', 'thriller']",['IN'],1.0,tt1170399,5.5,1115.0,3,1,comedy,IN
629,tm52176,Welcome to Sajjanpur,MOVIE,2008,PG,134,"['comedy', 'drama']",['IN'],1.0,tt1221139,6.9,3239.0,2,1,comedy,IN
631,tm178555,I Am Kalam,MOVIE,2010,G,88,"['comedy', 'drama', 'family']",['IN'],1.0,tt1805263,8.0,4166.0,3,1,comedy,IN
632,tm42831,Kyo Kii... Main Jhuth Nahin Bolta,MOVIE,2001,Not Rated,149,"['comedy', 'action', 'drama', 'fantasy']",['IN'],1.0,tt0297241,5.3,2196.0,4,1,comedy,IN
633,tm135795,The Kite,MOVIE,2003,Not Rated,80,['drama'],"['FR', 'LB']",1.0,tt0377610,6.4,739.0,1,2,drama,FR
634,tm254052,Kucch To Hai,MOVIE,2003,Not Rated,142,"['horror', 'thriller', 'drama', 'romance']",['IN'],1.0,tt0348662,4.3,909.0,4,1,horror,IN
635,tm166293,The Blue Umbrella,MOVIE,2005,Not Rated,90,"['drama', 'family', 'fantasy', 'comedy']",['IN'],1.0,tt0457802,7.3,2077.0,4,1,drama,IN
636,tm99450,Break Ke Baad,MOVIE,2010,Not Rated,120,"['drama', 'romance', 'comedy']",['IN'],1.0,tt1578261,5.2,4227.0,3,1,drama,IN
637,tm154375,Main Aurr Mrs Khanna,MOVIE,2009,PG,115,"['drama', 'comedy', 'romance']",['IN'],1.0,tt1174041,3.5,3148.0,3,1,drama,IN
638,tm241875,Frank & Cindy,MOVIE,2007,Not Rated,73,"['documentation', 'music', 'drama']",['US'],1.0,tt0986354,7.0,344.0,3,1,documentation,US
639,tm97325,Tum Milo Toh Sahi,MOVIE,2010,Not Rated,127,"['drama', 'comedy']",['IN'],1.0,tt1442583,5.6,522.0,2,1,drama,IN
640,tm85563,Ezra,MOVIE,2007,Not Rated,105,"['drama', 'european']","['NG', 'GB', 'US', 'AT', 'FR', 'DE']",1.0,tt0923688,6.4,274.0,2,6,drama,NG
641,tm95507,Chance Pe Dance,MOVIE,2010,G,121,"['drama', 'music', 'romance', 'comedy']",['IN'],1.0,tt1392744,4.8,2968.0,4,1,drama,IN
642,tm308960,Gina Yashere: Skinny B*tch,MOVIE,2008,Not Rated,57,"['comedy', 'documentation']",['GB'],1.0,tt1722436,6.5,84.0,2,1,comedy,GB
643,tm154802,Agyaat,MOVIE,2009,Not Rated,98,"['horror', 'thriller', 'drama']",['IN'],1.0,tt1415252,2.9,674.0,3,1,horror,IN
644,tm21155,Falafel,MOVIE,2006,Not Rated,80,"['drama', 'european']","['LB', 'FR']",1.0,tt0922424,6.7,209.0,2,2,drama,LB
645,tm46867,Kuselan,MOVIE,2008,Not Rated,160,"['drama', 'family', 'comedy']",['IN'],1.0,tt1273218,4.8,1000.0,3,1,drama,IN
646,tm140653,Look for a Star,MOVIE,2009,Not Rated,117,"['romance', 'comedy']",['HK'],1.0,tt1312156,5.6,708.0,2,1,romance,HK
647,tm160596,Zozo,MOVIE,2005,Not Rated,105,"['drama', 'european', 'family', 'war']","['GB', 'DK', 'NL', 'SE', 'CZ']",1.0,tt0448267,6.5,3210.0,4,5,drama,GB
648,tm76399,A Love Story,MOVIE,2007,Not Rated,117,"['romance', 'drama']",['PH'],1.0,tt0990433,6.4,142.0,2,1,romance,PH
649,tm226362,Bosta,MOVIE,2005,Not Rated,112,['war'],['Lebanon'],1.0,tt0497335,6.4,603.0,1,1,war,Lebanon
650,tm456581,Anchor Baby,MOVIE,2010,Not Rated,95,"['documentation', 'drama', 'thriller']",['US'],1.0,tt3296300,6.3,79.0,3,1,documentation,US
651,tm84316,Shootout at Lokhandwala,MOVIE,2007,PG-13,145,"['crime', 'action', 'history']",['IN'],1.0,tt0811066,7.1,10139.0,3,1,crime,IN
653,tm168869,Da Kath & Kim Code,MOVIE,2005,Not Rated,90,['comedy'],['AU'],1.0,tt0484275,7.3,904.0,1,1,comedy,AU
654,tm352243,Interview with a Serial Killer,MOVIE,2008,PG-13,44,"['documentation', 'crime']",['US'],1.0,tt6978288,5.9,595.0,2,1,documentation,US
655,tm89012,The Student Cop,MOVIE,2004,Not Rated,110,"['comedy', 'action', 'romance']",['EG'],1.0,tt0419482,6.3,2051.0,3,1,comedy,EG
658,tm130999,Dhoondte Reh Jaaoge,MOVIE,2009,PG,135,"['comedy', 'drama']",['IN'],1.0,tt1391544,5.6,812.0,2,1,comedy,IN
660,tm87672,Rabun,MOVIE,2003,Not Rated,90,"['drama', 'family']",['MY'],1.0,tt0368190,7.7,83.0,2,1,drama,MY
661,tm27275,Life's Speed Bump,MOVIE,2006,Not Rated,110,"['drama', 'romance', 'comedy']",['EG'],1.0,tt1010422,6.6,2693.0,3,1,drama,EG
663,tm85369,Hattrick,MOVIE,2007,PG,110,"['romance', 'drama', 'comedy', 'sport']",['IN'],1.0,tt0979891,4.3,493.0,4,1,romance,IN
664,tm143510,Harishchandrachi Factory,MOVIE,2009,G,96,"['comedy', 'drama']",['IN'],1.0,tt1524539,8.4,2464.0,2,1,comedy,IN
665,tm311516,Koi Aap Sa,MOVIE,2005,Not Rated,142,"['romance', 'comedy', 'drama']",['IN'],1.0,tt0488840,5.5,261.0,3,1,romance,IN
666,tm476570,Menahi,MOVIE,2008,Not Rated,100,['comedy'],[],1.0,tt9600178,6.7,51.0,1,0,comedy,Unknown
667,tm148041,What's Your Raashee?,MOVIE,2009,PG-13,192,"['comedy', 'drama', 'romance']",['IN'],1.0,tt1242530,4.8,2718.0,3,1,comedy,IN
668,tm152413,Talentime,MOVIE,2009,Not Rated,120,['drama'],['MY'],1.0,tt1351669,7.4,203.0,1,1,drama,MY
669,tm21956,Anthony Kaun Hai?,MOVIE,2006,Not Rated,127,"['comedy', 'thriller']","['TH', 'IN']",1.0,tt0800981,5.2,664.0,2,2,comedy,TH
671,tm57586,Mission Istaanbul,MOVIE,2008,Not Rated,125,"['action', 'drama', 'thriller']",['IN'],1.0,tt1179781,3.4,1156.0,3,1,action,IN
673,tm91125,Fida,MOVIE,2004,Not Rated,122,"['romance', 'action', 'crime', 'drama', 'thriller']",['IN'],1.0,tt0422236,5.4,2608.0,5,1,romance,IN
676,tm142153,Kisaan,MOVIE,2009,Not Rated,100,"['thriller', 'action', 'crime', 'drama']",['IN'],1.0,tt1372266,5.5,302.0,4,1,thriller,IN
677,tm100106,My Amnesia Girl,MOVIE,2010,Not Rated,110,"['romance', 'comedy']",['PH'],1.0,tt1783350,6.7,430.0,2,1,romance,PH
678,tm341561,Like Twenty Impossibles,MOVIE,2003,Not Rated,16,[],['PS'],1.0,Unknown,6.5334469051675175,2279.0,0,1,Unknown,PS
679,tm91176,Ijé: The Journey,MOVIE,2010,Not Rated,106,['drama'],"['NG', 'US']",1.0,tt1578582,7.0,108.0,1,2,drama,NG
680,tm145690,Osuofia in London,MOVIE,2003,Not Rated,84,['comedy'],['NG'],1.0,Unknown,6.5334469051675175,2279.0,1,1,comedy,NG
682,tm88343,Perazhagan,MOVIE,2004,Not Rated,148,"['thriller', 'comedy', 'drama', 'romance']",['IN'],1.0,tt0422934,6.4,1496.0,4,1,thriller,IN
684,tm28024,A Very Special Love,MOVIE,2008,PG,105,"['romance', 'drama', 'comedy']",['PH'],1.0,tt1243381,6.5,388.0,3,1,romance,PH
686,tm89054,Osuofia in London 2,MOVIE,2004,Not Rated,72,[],['XX'],1.0,Unknown,6.5334469051675175,2279.0,0,1,Unknown,XX
687,tm481594,Bheem vs Aliens,MOVIE,2010,G,69,['animation'],[],1.0,tt6442436,7.7,35.0,1,0,animation,Unknown
689,tm1077037,Chhota Bheem & Krishna: Pataliputra- City of the Dead,MOVIE,2010,G,65,['animation'],['IN'],1.0,tt6543110,6.5334469051675175,2279.0,1,1,animation,IN
690,tm639940,Tango with Me,MOVIE,2010,Not Rated,104,"['drama', 'family', 'romance']",['US'],1.0,tt1686795,6.3,46.0,3,1,drama,US
691,tm404676,To and from New York,MOVIE,2006,Not Rated,82,[],['US'],1.0,Unknown,6.5334469051675175,2279.0,0,1,Unknown,US
692,tm598375,Chhota Bheem Aur Krishna,MOVIE,2008,G,69,"['animation', 'fantasy']",['IN'],1.0,tt2827516,6.4,310.0,2,1,animation,IN
695,tm92671,Once a Gangster,MOVIE,2010,Not Rated,95,"['crime', 'action', 'comedy']",['HK'],1.0,tt1611840,5.7,481.0,3,1,crime,HK
697,tm252951,Brother's Shadow,MOVIE,2006,Not Rated,91,['drama'],['US'],1.0,tt0468458,6.1,147.0,1,1,drama,US
698,tm628693,"Do Paise Ki Dhoop, Chaar Aane Ki Baarish",MOVIE,2009,Not Rated,121,['drama'],['IN'],1.0,tt1935782,6.5,203.0,1,1,drama,IN
699,tm340006,Banyuki,MOVIE,2010,Not Rated,182,['drama'],['JP'],1.0,tt1735848,7.4,15.0,1,1,drama,JP
701,tm170758,Hop,MOVIE,2011,PG,95,"['comedy', 'fantasy', 'animation', 'family']",['US'],1.0,tt1411704,5.4,33734.0,4,1,comedy,US
702,tm166064,"Crazy, Stupid, Love.",MOVIE,2011,PG-13,118,"['romance', 'comedy', 'drama']",['US'],1.0,tt1570728,7.4,507878.0,3,1,romance,US
705,tm170442,Margin Call,MOVIE,2011,R,107,"['thriller', 'drama']",['US'],1.0,tt1615147,7.1,125883.0,2,1,thriller,US
706,tm41792,Django Unchained,MOVIE,2012,R,165,"['western', 'drama']",['US'],1.0,tt1853728,8.4,1472668.0,2,1,western,US
708,tm50018,Looper,MOVIE,2012,R,119,"['thriller', 'scifi', 'drama', 'crime', 'action']",['US'],1.0,tt1276104,7.4,566791.0,5,1,thriller,US
711,tm60292,Argo,MOVIE,2012,R,120,"['drama', 'thriller']","['US', 'GB']",1.0,tt1024648,7.7,600392.0,2,2,drama,US
713,tm164877,Midnight in Paris,MOVIE,2011,PG-13,94,"['fantasy', 'romance', 'comedy']","['US', 'ES']",1.0,tt1605783,7.7,413541.0,3,2,fantasy,US
716,tm166548,Warrior,MOVIE,2011,PG-13,140,"['drama', 'action', 'sport']",['US'],1.0,tt1291584,8.2,463276.0,3,1,drama,US
718,tm32982,Les Misérables,MOVIE,2012,PG-13,157,"['drama', 'romance', 'history', 'war']","['GB', 'US']",1.0,tt1707386,7.5,325132.0,4,2,drama,GB
720,tm161802,The Girl with the Dragon Tattoo,MOVIE,2011,R,158,"['crime', 'thriller', 'drama']","['NO', 'SE', 'US']",1.0,tt1568346,7.8,454917.0,3,3,crime,NO
721,tm158304,Contagion,MOVIE,2011,PG-13,106,"['thriller', 'scifi', 'action', 'drama']","['US', 'AE']",1.0,tt1598778,6.8,300074.0,4,2,thriller,US
722,tm72140,Battleship,MOVIE,2012,PG-13,131,"['scifi', 'thriller', 'action', 'documentation']",['US'],1.0,tt1440129,5.8,246008.0,4,1,scifi,US
723,tm37153,Killing Them Softly,MOVIE,2012,R,104,"['crime', 'thriller', 'drama']",['US'],1.0,tt1767297,6.2,141289.0,3,1,crime,US
724,tm160433,Just Go with It,MOVIE,2011,PG-13,117,"['romance', 'comedy']",['US'],1.0,tt1564367,6.4,239367.0,2,1,romance,US
725,tm39896,Dark Shadows,MOVIE,2012,PG-13,113,"['comedy', 'fantasy', 'horror']",['US'],1.0,tt1077368,6.2,262998.0,3,1,comedy,US
726,tm178201,Sherlock Holmes: A Game of Shadows,MOVIE,2011,PG-13,129,"['crime', 'thriller', 'action']","['US', 'GB']",1.0,tt1515091,7.4,446531.0,3,2,crime,US
727,tm59428,Silver Linings Playbook,MOVIE,2012,R,122,"['drama', 'romance', 'comedy']",['US'],1.0,tt1045658,7.7,697481.0,3,1,drama,US
730,tm176356,Sucker Punch,MOVIE,2011,PG-13,110,"['fantasy', 'thriller', 'action']","['US', 'CA']",1.0,tt0978764,6.0,241111.0,3,2,fantasy,US
731,tm176507,Jackass 3.5,MOVIE,2011,Not Rated,85,"['action', 'comedy', 'documentation']",['US'],1.0,Unknown,6.5334469051675175,2279.0,3,1,action,US
734,tm74848,Total Recall,MOVIE,2012,PG-13,120,"['thriller', 'scifi', 'crime', 'action']","['CA', 'US']",1.0,tt1386703,6.2,252051.0,4,2,thriller,CA
736,tm68272,Project X,MOVIE,2012,R,88,['comedy'],['US'],1.0,tt1636826,6.6,204959.0,1,1,comedy,US
737,tm60844,Berserk: The Golden Age Arc I - The Egg of the King,MOVIE,2012,NC-17,76,"['fantasy', 'war', 'animation', 'action', 'drama', 'horror']",['JP'],1.0,tt2311238,7.5,12278.0,6,1,fantasy,JP
738,tm160132,Soul Surfer,MOVIE,2011,PG,112,"['drama', 'family', 'sport']",['US'],1.0,tt1596346,7.0,49101.0,3,1,drama,US
740,tm172716,Final Destination 5,MOVIE,2011,R,92,"['horror', 'thriller', 'action', 'fantasy', 'documentation', 'european']",['US'],1.0,tt1622979,5.9,114505.0,6,1,horror,US
741,tm278681,Puss in Boots,MOVIE,2011,PG,79,"['comedy', 'animation', 'family', 'fantasy', 'action']",['US'],1.0,tt0448694,6.6,156144.0,5,1,comedy,US
742,tm40319,Savages,MOVIE,2012,R,131,"['thriller', 'action', 'crime', 'drama']",['US'],1.0,tt1615065,6.4,129199.0,4,1,thriller,US
744,tm173624,Hall Pass,MOVIE,2011,R,105,"['romance', 'comedy']",['US'],1.0,tt0480687,5.9,125098.0,2,1,romance,US
747,tm62210,Rurouni Kenshin Part I: Origins,MOVIE,2012,PG-13,134,"['drama', 'war', 'action', 'history']",['JP'],1.0,tt1979319,7.4,25793.0,4,1,drama,JP
748,tm167232,Unknown,MOVIE,2011,PG-13,113,"['action', 'thriller', 'european']","['GB', 'FR', 'DE']",1.0,tt1401152,6.8,259696.0,3,3,action,GB
750,tm178395,Hostel: Part III,MOVIE,2011,R,88,['horror'],['US'],1.0,Unknown,6.5334469051675175,2279.0,1,1,horror,US
752,tm173195,The Rite,MOVIE,2011,PG-13,114,"['drama', 'thriller', 'horror']","['US', 'HU', 'IT']",1.0,tt1161864,6.0,96915.0,3,3,drama,US
756,tm175346,Mean Girls 2,MOVIE,2011,PG-13,96,['comedy'],['US'],1.0,tt1679235,4.1,23287.0,1,1,comedy,US
757,tm160371,A Very Harold & Kumar Christmas,MOVIE,2011,R,108,"['comedy', 'fantasy', 'romance']",['US'],1.0,tt1268799,6.2,69241.0,3,1,comedy,US
762,tm174256,Red Riding Hood,MOVIE,2011,PG-13,100,"['fantasy', 'thriller', 'horror', 'drama', 'romance']","['CA', 'US']",1.0,tt1486185,5.4,111483.0,5,2,fantasy,CA
765,tm165995,New Year's Eve,MOVIE,2011,PG-13,113,"['comedy', 'romance', 'documentation']",['US'],1.0,tt1598822,5.6,85658.0,3,1,comedy,US
766,tm168921,The Smurfs,MOVIE,2011,PG,103,"['fantasy', 'comedy', 'family', 'animation']",['US'],1.0,tt0472181,5.4,89316.0,4,1,fantasy,US
767,tm178323,Jack and Jill,MOVIE,2011,PG,91,"['comedy', 'horror']",['US'],1.0,tt0810913,3.3,83727.0,2,1,comedy,US
768,tm106278,Everything Must Go,MOVIE,2011,R,97,"['comedy', 'drama']",['US'],1.0,tt1531663,6.4,50431.0,2,1,comedy,US
770,tm72845,John Mulaney: New in Town,MOVIE,2012,Not Rated,58,"['comedy', 'documentation']",['US'],1.0,tt2246779,8.2,6608.0,2,1,comedy,US
772,tm59590,One Piece Film: Z,MOVIE,2012,PG-13,108,"['action', 'animation', 'fantasy']",['JP'],1.0,tt2375379,7.8,7002.0,3,1,action,JP
774,tm174683,Arthur Christmas,MOVIE,2011,PG,97,"['drama', 'animation', 'family', 'comedy', 'fantasy']","['GB', 'US']",1.0,tt1430607,7.1,58296.0,5,2,drama,GB
776,tm182586,Silenced,MOVIE,2011,Not Rated,125,['drama'],['KR'],1.0,tt2070649,8.0,15889.0,1,1,drama,KR
777,tm39313,A Perfect Ending,MOVIE,2012,Not Rated,110,"['drama', 'romance']",['US'],1.0,tt1823059,5.7,4308.0,2,1,drama,US
780,tm69386,Quartet,MOVIE,2012,PG-13,98,"['romance', 'comedy', 'drama', 'music']",['GB'],1.0,tt1441951,6.8,20194.0,4,1,romance,GB
781,tm38064,Berserk: The Golden Age Arc II - The Battle for Doldrey,MOVIE,2012,R,80,"['fantasy', 'drama', 'horror', 'animation', 'action']",['JP'],1.0,tt2358911,7.7,10257.0,5,1,fantasy,JP
784,tm28171,Bill Burr: You People Are All The Same,MOVIE,2012,R,68,['comedy'],['US'],1.0,tt2290153,8.2,7370.0,1,1,comedy,US
785,tm161904,Bully,MOVIE,2011,PG-13,92,"['drama', 'documentation']",['US'],1.0,tt1682181,7.4,10266.0,2,1,drama,US
786,tm56296,The History of Future Folk,MOVIE,2012,Not Rated,86,"['comedy', 'music', 'scifi']",['US'],1.0,tt2245195,7.1,3398.0,3,1,comedy,US
787,tm171292,Cloudburst,MOVIE,2011,Not Rated,93,"['romance', 'drama', 'comedy']","['US', 'CA']",1.0,tt1466054,7.2,2281.0,3,2,romance,US
788,tm183039,Donald Glover: Weirdo,MOVIE,2012,Not Rated,65,"['comedy', 'documentation']",['US'],1.0,tt2345525,7.4,3511.0,2,1,comedy,US
789,tm160361,A Princess for Christmas,MOVIE,2011,PG,89,"['comedy', 'family', 'romance', 'drama']",['US'],1.0,tt1083448,6.3,8222.0,4,1,comedy,US
790,tm34331,Middle of Nowhere,MOVIE,2012,R,101,['drama'],['US'],1.0,tt1211890,6.5,1818.0,1,1,drama,US
791,tm182125,Zindagi Na Milegi Dobara,MOVIE,2011,PG,166,"['comedy', 'drama']",['IN'],1.0,tt1562872,8.1,75801.0,2,1,comedy,IN
792,tm238681,Kung Fu Panda: Secrets of the Scroll,MOVIE,2012,G,23,['comedy'],['US'],1.0,Unknown,6.5334469051675175,2279.0,1,1,comedy,US
793,tm72251,What About Dick?,MOVIE,2012,G,80,['comedy'],"['US', 'GB']",1.0,Unknown,6.5334469051675175,2279.0,1,2,comedy,US
794,tm183547,Escape from Planet Earth,MOVIE,2012,PG,89,"['comedy', 'family', 'scifi', 'animation']","['CA', 'US']",1.0,tt0765446,5.8,25639.0,4,2,comedy,CA
795,tm53625,Inventing David Geffen,MOVIE,2012,Not Rated,120,['documentation'],[],1.0,Unknown,6.5334469051675175,2279.0,1,0,documentation,Unknown
796,tm53034,Sebastian Maniscalco: What's Wrong with People?,MOVIE,2012,Not Rated,75,['comedy'],['US'],1.0,tt2215489,8.0,1194.0,1,1,comedy,US
797,tm174190,Undefeated,MOVIE,2011,PG-13,113,"['documentation', 'sport']",['US'],1.0,tt1860355,7.7,7051.0,2,1,documentation,US
798,tm164353,Singham,MOVIE,2011,Not Rated,143,"['drama', 'action', 'crime']",['IN'],1.0,tt1948150,6.8,16473.0,3,1,drama,IN
800,tm165712,Tim Minchin and the Heritage Orchestra: Live at the Royal Albert Hall,MOVIE,2011,Not Rated,146,"['comedy', 'music']",['GB'],1.0,Unknown,6.5334469051675175,2279.0,2,1,comedy,GB
803,tm68436,Barfi!,MOVIE,2012,G,151,"['drama', 'comedy', 'romance']",['IN'],1.0,tt2082197,8.1,80643.0,3,1,drama,IN
806,tm52062,Mosquita y Mari,MOVIE,2012,Not Rated,85,['drama'],['US'],1.0,tt1978480,6.3,918.0,1,1,drama,US
807,tm176111,The Great Magician,MOVIE,2011,Not Rated,128,"['drama', 'comedy', 'romance']","['CN', 'HK']",1.0,tt1869721,5.9,1741.0,3,2,drama,CN
809,tm31739,Joan Rivers: Don't Start with Me,MOVIE,2012,R,68,['comedy'],['US'],1.0,tt2519318,6.6,408.0,1,1,comedy,US
810,tm170395,Sniper: Reloaded,MOVIE,2011,R,91,['thriller'],"['US', 'ZA', 'DE']",1.0,Unknown,6.5334469051675175,2279.0,1,3,thriller,US
811,tm177258,Delhi Belly,MOVIE,2011,Not Rated,102,"['comedy', 'action', 'crime', 'thriller']",['IN'],1.0,tt1934231,7.6,29578.0,4,1,comedy,IN
812,tm177044,Naruto Shippuden the Movie: Blood Prison,MOVIE,2011,PG-13,108,"['horror', 'thriller', 'animation', 'action', 'fantasy', 'comedy']",['JP'],1.0,tt1999167,7.1,5021.0,6,1,horror,JP
813,tm49451,Maria Bamford: The Special Special Special!,MOVIE,2012,Not Rated,50,['comedy'],['US'],1.0,tt2547430,7.0,567.0,1,1,comedy,US
815,tm54780,Tiger & Bunny: The Beginning,MOVIE,2012,PG,88,"['scifi', 'animation', 'action']",['JP'],1.0,tt2507174,6.7,216.0,3,1,scifi,JP
816,tm176128,Don't Go Breaking My Heart,MOVIE,2011,Not Rated,115,"['comedy', 'romance']",['HK'],1.0,tt1776143,6.5,1756.0,2,1,comedy,HK
817,tm177958,Pyaar Ka Punchnama,MOVIE,2011,PG-13,149,"['romance', 'comedy', 'drama', 'european']",['IN'],1.0,tt1926313,7.7,21204.0,4,1,romance,IN
818,tm40860,Big Time Movie,MOVIE,2012,G,65,"['comedy', 'family', 'music']",['US'],1.0,tt2163203,6.1,1936.0,3,1,comedy,US
820,tm63368,A World Not Ours,MOVIE,2012,Not Rated,93,"['documentation', 'history']",['PS'],1.0,tt2233762,7.8,376.0,2,1,documentation,PS
822,tm183037,Don 2,MOVIE,2011,Not Rated,139,"['action', 'thriller', 'crime', 'european']","['DE', 'IN']",1.0,tt1285241,7.1,52338.0,4,2,action,DE
823,tm183176,A Second Chance,MOVIE,2011,Not Rated,90,"['drama', 'family', 'sport']",['AU'],1.0,tt2150139,4.7,1018.0,3,1,drama,AU
824,tm37175,Jeff Dunham: Minding the Monsters,MOVIE,2012,PG-13,80,['comedy'],['US'],1.0,tt2461736,7.0,1401.0,1,1,comedy,US
825,tm181856,Jeff Dunham: Controlled Chaos,MOVIE,2011,Not Rated,90,"['comedy', 'documentation']",['US'],1.0,tt2058636,7.4,2272.0,2,1,comedy,US
826,tm178106,Chillar Party,MOVIE,2011,G,140,"['drama', 'comedy', 'family']",['IN'],1.0,tt1841542,7.5,7686.0,3,1,drama,IN
827,tm175909,The Dirty Picture,MOVIE,2011,Not Rated,144,"['drama', 'comedy']",['IN'],1.0,tt1954206,6.6,9522.0,2,1,drama,IN
828,tm74031,Kyaa Super Kool Hain Hum,MOVIE,2012,R,137,"['drama', 'comedy']",['IN'],1.0,tt2027138,5.0,3885.0,2,1,drama,IN
829,tm57610,Talaash,MOVIE,2012,Not Rated,149,"['thriller', 'crime', 'fantasy', 'drama']",['IN'],1.0,tt1787988,7.3,41752.0,4,1,thriller,IN
832,tm59289,Rowdy Rathore,MOVIE,2012,PG-13,143,"['crime', 'action', 'comedy']",['IN'],1.0,tt2077833,5.9,22243.0,3,1,crime,IN
833,tm53829,Blitz Patrollie,MOVIE,2012,Not Rated,101,"['comedy', 'action', 'crime']",['US'],1.0,tt2336284,5.4,145.0,3,1,comedy,US
834,tm47171,OMG: Oh My God!,MOVIE,2012,G,125,"['fantasy', 'drama', 'comedy']",['IN'],1.0,tt2283748,8.1,57449.0,3,1,fantasy,IN
835,tm65765,6 Bullets,MOVIE,2012,R,115,"['thriller', 'drama', 'action', 'crime']",['US'],1.0,tt1975249,6.0,14898.0,4,1,thriller,US
836,tm70528,Material,MOVIE,2012,Not Rated,94,"['comedy', 'drama']",['ZA'],1.0,tt3469008,7.3,950.0,2,1,comedy,ZA
837,tm161804,Toll Booth,MOVIE,2011,Not Rated,96,['drama'],['TR'],1.0,tt1753866,6.4,4118.0,1,1,drama,TR
838,tm169128,An Elf's Story,MOVIE,2011,Not Rated,24,"['fantasy', 'animation', 'family']",['US'],1.0,tt2094761,5.2,504.0,3,1,fantasy,US
841,tm630933,Without Gorky,MOVIE,2011,Not Rated,58,['documentation'],['US'],1.0,tt1854593,6.6,97.0,1,1,documentation,US
842,tm174518,Bodyguard,MOVIE,2011,Not Rated,134,"['drama', 'romance', 'action', 'comedy']",['IN'],1.0,tt1729637,4.6,25592.0,4,1,drama,IN
843,tm180532,Shaitan,MOVIE,2011,PG-13,126,"['action', 'crime', 'thriller', 'drama']",['IN'],1.0,tt1836912,7.3,8414.0,4,1,action,IN
844,tm35700,Paan Singh Tomar,MOVIE,2012,PG,135,"['drama', 'sport', 'thriller', 'action', 'crime']",['IN'],1.0,tt1620933,8.2,35888.0,5,1,drama,IN
845,tm67444,Jim Gaffigan: Mr. Universe,MOVIE,2012,Not Rated,77,['comedy'],['US'],1.0,Unknown,6.5334469051675175,2279.0,1,1,comedy,US
846,tm57382,Kath & Kimderella,MOVIE,2012,Not Rated,80,['comedy'],['AU'],1.0,tt1859607,5.3,1333.0,1,1,comedy,AU
847,tm172883,Game,MOVIE,2011,PG,135,"['thriller', 'drama', 'action', 'crime', 'european']",['IN'],1.0,tt1772872,5.2,2316.0,5,1,thriller,IN
848,tm164090,Lavell Crawford: Can a Brother Get Some Love?,MOVIE,2011,NC-17,90,"['comedy', 'documentation']",['US'],1.0,tt2084872,6.9,230.0,2,1,comedy,US
849,tm71992,Grandmaster,MOVIE,2012,Not Rated,130,"['thriller', 'action']",['IN'],1.0,tt2345561,6.9,2165.0,2,1,thriller,IN
850,tm59372,Arjun: The Warrior Prince,MOVIE,2012,G,96,"['animation', 'action', 'drama']",['IN'],1.0,tt3758104,6.7,14.0,3,1,animation,IN
851,tm160021,A Beautiful Life,MOVIE,2011,Not Rated,122,"['drama', 'romance']","['CN', 'HK']",1.0,tt1935067,6.7,927.0,2,2,drama,CN
852,tm54371,Mugamoodi,MOVIE,2012,Not Rated,162,['action'],['IN'],1.0,tt2367996,5.1,1176.0,1,1,action,IN
853,tm38013,Players,MOVIE,2012,Not Rated,165,"['thriller', 'crime', 'action']",['IN'],1.0,tt1784589,4.2,4490.0,3,1,thriller,IN
854,tm39606,Tere Naal Love Ho Gaya,MOVIE,2012,PG,126,"['romance', 'drama', 'comedy']",['IN'],1.0,tt2130242,5.8,4359.0,3,1,romance,IN
855,tm53395,FRED 3: Camp Fred,MOVIE,2012,PG,81,"['comedy', 'family']",['US'],1.0,tt2395219,2.0,2625.0,2,1,comedy,US
856,tm66725,Kalakalappu,MOVIE,2012,G,149,['comedy'],['IN'],1.0,tt2262126,6.9,1342.0,1,1,comedy,IN
858,tm48579,Katt Williams: Kattpacalypse,MOVIE,2012,R,60,['comedy'],['US'],1.0,tt2370686,5.5,635.0,1,1,comedy,US
859,tm159593,No One Killed Jessica,MOVIE,2011,PG-13,136,"['crime', 'drama', 'thriller']",['IN'],1.0,tt1734110,7.2,11665.0,3,1,crime,IN
860,tm34746,Luv Shuv Tey Chicken Khurana,MOVIE,2012,PG,140,['comedy'],['IN'],1.0,tt2186933,6.6,3905.0,1,1,comedy,IN
861,tm167241,Ragini MMS,MOVIE,2011,PG-13,93,"['horror', 'drama', 'thriller']",['IN'],1.0,tt1890513,5.1,2617.0,3,1,horror,IN
862,tm161632,Tom Papa: Live in New York City,MOVIE,2011,Not Rated,57,['comedy'],['US'],1.0,tt1910649,7.2,490.0,1,1,comedy,US
863,tm50798,10 jours en or,MOVIE,2012,Not Rated,95,"['comedy', 'drama', 'european']",['FR'],1.0,tt1729630,6.0,1003.0,3,1,comedy,FR
864,tm31948,26 Years,MOVIE,2012,Not Rated,135,"['thriller', 'crime', 'drama']",['KR'],1.0,tt2551894,6.3,1178.0,3,1,thriller,KR
865,tm179451,7 Khoon Maaf,MOVIE,2011,Not Rated,148,"['thriller', 'comedy', 'drama']",['IN'],1.0,tt1629376,6.2,5919.0,3,1,thriller,IN
866,tm162592,Asmaa,MOVIE,2011,Not Rated,96,['drama'],['EG'],1.0,tt1826603,8.1,4445.0,1,1,drama,EG
867,tm37573,"All's Well, Ends Well",MOVIE,2012,Not Rated,118,['comedy'],['HK'],1.0,tt2051818,5.1,334.0,1,1,comedy,HK
869,tm30278,Vettai,MOVIE,2012,Not Rated,150,"['thriller', 'action']",['IN'],1.0,tt1956697,6.0,2433.0,2,1,thriller,IN
870,tm33601,Tita Rahiba,MOVIE,2012,G,104,"['comedy', 'drama']",['XX'],1.0,tt2350736,5.2,700.0,2,1,comedy,XX
871,tm48239,Ek Main Aur Ekk Tu,MOVIE,2012,PG,110,"['drama', 'comedy', 'romance']",['IN'],1.0,tt1703958,5.8,6754.0,3,1,drama,IN
872,tm56734,Last Flight to Abuja,MOVIE,2012,Not Rated,81,"['action', 'thriller', 'drama']","['GB', 'NG']",1.0,tt2287851,4.5,347.0,3,2,action,GB
873,tm166810,Michael,MOVIE,2011,PG-13,97,"['thriller', 'drama']",['IN'],1.0,tt1754202,5.3,167.0,2,1,thriller,IN
874,tm172353,Bbuddah Hoga Terra Baap,MOVIE,2011,PG-13,118,"['thriller', 'action', 'comedy', 'crime']",['IN'],1.0,tt1869296,5.6,2884.0,4,1,thriller,IN
875,tm169053,Shor in the City,MOVIE,2011,PG,107,"['drama', 'crime']",['IN'],1.0,tt1916728,7.2,3708.0,2,1,drama,IN
876,tm166740,Chhota Bheem & Krishna in Mayanagari,MOVIE,2011,G,66,"['animation', 'action', 'fantasy']",['IN'],1.0,tt16235600,9.0,5.0,3,1,animation,IN
877,tm34142,Department,MOVIE,2012,R,141,"['thriller', 'action', 'crime']",['IN'],1.0,tt2186731,3.2,1049.0,3,1,thriller,IN
878,tm168751,Stray Bullet,MOVIE,2011,Not Rated,80,['drama'],['LB'],1.0,tt1726871,6.3,363.0,1,1,drama,LB
879,tm38331,The Mistress,MOVIE,2012,PG-13,125,"['romance', 'drama']",['PH'],1.0,tt2389344,6.3,359.0,2,1,romance,PH
881,tm98735,X Large,MOVIE,2011,Not Rated,135,[],[],1.0,Unknown,6.5334469051675175,2279.0,0,0,Unknown,Unknown
882,tm44615,Ferrari Ki Sawaari,MOVIE,2012,G,140,"['comedy', 'family', 'sport', 'drama']",['IN'],1.0,tt2122340,6.4,5411.0,4,1,comedy,IN
883,tm182026,Zokkomon,MOVIE,2011,PG,109,"['scifi', 'fantasy', 'action', 'family']",['IN'],1.0,tt1605790,3.9,407.0,4,1,scifi,IN
885,tm529723,Chhota Bheem and the Broken Amulet,MOVIE,2012,Not Rated,63,['animation'],['IN'],1.0,tt6417816,7.5,16.0,1,1,animation,IN
886,tm60213,One More Try,MOVIE,2012,Not Rated,100,['drama'],['PH'],1.0,tt2590280,5.9,202.0,1,1,drama,PH
887,tm70652,Thaandavam,MOVIE,2012,Not Rated,167,"['action', 'thriller']",['IN'],1.0,tt5249376,6.1,2034.0,2,1,action,IN
888,tm42306,Aiyyaa,MOVIE,2012,G,146,"['comedy', 'romance']",['IN'],1.0,tt2255934,4.3,1871.0,2,1,comedy,IN
889,tm53360,Blood Money,MOVIE,2012,PG,110,"['drama', 'thriller', 'action', 'crime']",['IN'],1.0,tt2246595,5.1,1533.0,4,1,drama,IN
890,tm69915,Heroine,MOVIE,2012,Not Rated,140,['drama'],['IN'],1.0,tt1949548,5.0,4312.0,1,1,drama,IN
891,tm29400,Bwakaw,MOVIE,2012,Not Rated,104,"['drama', 'comedy']",['PH'],1.0,tt2244376,7.1,296.0,2,1,drama,PH
893,tm946846,Taxi Ballad,MOVIE,2012,Not Rated,93,['drama'],"['AE', 'US', 'LB']",1.0,Unknown,6.5334469051675175,2279.0,1,3,drama,AE
894,tm339197,Chota Bheem Aur Ganesh in the Amazing Odyssey,MOVIE,2012,G,65,['animation'],['IN'],1.0,tt6356352,7.8,12.0,1,1,animation,IN
895,tm34646,Sisterakas,MOVIE,2012,Not Rated,110,"['drama', 'comedy']",['PH'],1.0,tt2590214,5.2,286.0,2,1,drama,PH
897,tm200838,Chhota Bheem In Dholakpur to Kathmandu,MOVIE,2012,G,70,['animation'],['XX'],1.0,tt6442774,7.8,41.0,1,1,animation,XX
898,tm481620,The Rise of Kirmada,MOVIE,2012,G,68,['animation'],['IN'],1.0,tt6543070,8.0,53.0,1,1,animation,IN
899,tm57256,Husbands in Goa,MOVIE,2012,Not Rated,150,['comedy'],['IN'],1.0,tt2407826,3.8,278.0,1,1,comedy,IN
901,tm172211,Question Mark,MOVIE,2011,Not Rated,102,['drama'],['ID'],1.0,tt1979169,7.0,254.0,1,1,drama,ID
903,tm165932,Muran,MOVIE,2011,Not Rated,134,"['thriller', 'action']",['IN'],1.0,tt2053397,6.3,292.0,2,1,thriller,IN
904,tm172504,"Darling, Something's Wrong with Your Head",MOVIE,2011,Not Rated,78,"['drama', 'romance', 'war', 'european']","['NL', 'US', 'AE', 'PS']",1.0,tt1670646,6.7,129.0,4,4,drama,NL
905,tm224577,Phone Swap,MOVIE,2012,Not Rated,111,"['comedy', 'romance']",['NG'],1.0,tt2198109,6.4,170.0,2,1,comedy,NG
906,tm1077038,Chhota Bheem: Journey to Petra,MOVIE,2011,G,67,['animation'],['IN'],1.0,tt6543194,6.5334469051675175,2279.0,1,1,animation,IN
907,tm481509,Chhota Bheem Master of Shaolin,MOVIE,2011,G,75,['animation'],[],1.0,tt6442670,6.3,112.0,1,0,animation,Unknown
908,tm159623,No Other Woman,MOVIE,2011,Not Rated,104,"['drama', 'thriller', 'romance']",['PH'],1.0,tt2057445,5.9,309.0,3,1,drama,PH
910,tm51412,Moshe Kasher: Live in Oakland,MOVIE,2012,Not Rated,60,['comedy'],['US'],1.0,tt2229301,6.7,330.0,1,1,comedy,US
911,tm235979,My Friend Pinto,MOVIE,2011,PG,115,"['comedy', 'drama', 'crime']",['IN'],1.0,tt1512220,5.3,391.0,3,1,comedy,IN
912,tm361958,The Mirror Boy,MOVIE,2011,Not Rated,84,"['fantasy', 'drama']",['NG'],1.0,tt1730705,4.9,138.0,2,1,fantasy,NG
914,tm181366,Here Comes the Rain,MOVIE,2011,Not Rated,100,['drama'],['LB'],1.0,tt2091312,6.3,63.0,1,1,drama,LB
920,tm140389,Paddington,MOVIE,2014,PG,96,"['comedy', 'animation', 'family', 'fantasy', 'european']","['FR', 'GB', 'US']",1.0,tt1109624,7.2,111092.0,5,3,comedy,FR
922,tm151663,Nightcrawler,MOVIE,2014,R,118,"['crime', 'thriller', 'drama']",['US'],1.0,tt2872718,7.8,523686.0,3,1,crime,US
925,tm169422,Her,MOVIE,2013,R,126,"['drama', 'romance', 'scifi']",['US'],1.0,tt1798709,8.0,586679.0,3,1,drama,US
926,tm169719,42,MOVIE,2013,PG-13,128,"['drama', 'sport']",['US'],1.0,tt0453562,7.5,93314.0,2,1,drama,US
927,tm140877,The Imitation Game,MOVIE,2014,PG-13,113,"['thriller', 'drama', 'war']","['US', 'GB']",1.0,tt2084970,8.0,748654.0,3,2,thriller,US
928,tm171042,The Call,MOVIE,2013,R,94,"['crime', 'thriller', 'drama', 'horror', 'european']",['US'],1.0,tt1911644,6.7,120475.0,5,1,crime,US
930,tm148147,Big Eyes,MOVIE,2014,PG-13,106,"['drama', 'documentation', 'crime', 'romance']","['CA', 'US']",1.0,tt1126590,7.2,51.0,4,2,drama,CA
932,tm183523,Oldboy,MOVIE,2013,R,104,"['thriller', 'action', 'drama']",['US'],1.0,tt1321511,5.7,75015.0,3,1,thriller,US
933,tm176864,Rush,MOVIE,2013,R,123,"['drama', 'action', 'sport', 'european']","['US', 'DE', 'GB']",1.0,tt1979320,8.1,465254.0,4,3,drama,US
935,tm134967,How to Train Your Dragon 2,MOVIE,2014,PG,102,"['fantasy', 'comedy', 'family', 'animation', 'action']",['US'],1.0,tt1646971,7.8,327565.0,5,1,fantasy,US
936,tm143227,Begin Again,MOVIE,2013,R,104,"['comedy', 'music', 'romance', 'drama']",['US'],1.0,tt1980929,7.4,154049.0,4,1,comedy,US
937,tm160621,The Conjuring,MOVIE,2013,R,107,"['thriller', 'horror']",['US'],1.0,tt1457767,7.5,491048.0,2,1,thriller,US
938,tm180572,Insidious: Chapter 2,MOVIE,2013,PG-13,106,"['thriller', 'horror']",['US'],1.0,tt2226417,6.5,167549.0,2,1,thriller,US
942,tm148671,A Walk Among the Tombstones,MOVIE,2014,R,113,"['drama', 'thriller', 'action', 'crime']",['US'],1.0,tt0365907,6.5,120389.0,4,1,drama,US
943,tm182429,Olympus Has Fallen,MOVIE,2013,R,119,"['thriller', 'action', 'drama']",['US'],1.0,tt2302755,6.5,272334.0,3,1,thriller,US
944,tm153284,The Giver,MOVIE,2014,PG-13,97,"['drama', 'scifi', 'romance', 'thriller']",['US'],1.0,tt0435651,6.4,118117.0,4,1,drama,US
948,tm151807,Creep,MOVIE,2014,R,77,"['horror', 'thriller']",['US'],1.0,tt2428170,6.3,52233.0,2,1,horror,US
949,tm145655,St. Vincent,MOVIE,2014,PG-13,102,"['comedy', 'drama']",['US'],1.0,tt2170593,7.2,102103.0,2,1,comedy,US
953,tm161525,The Green Inferno,MOVIE,2013,R,100,"['horror', 'thriller']","['CA', 'CL', 'US']",1.0,tt2403021,5.3,43149.0,2,3,horror,CA
954,tm175843,Dark Skies,MOVIE,2013,PG-13,97,"['thriller', 'horror', 'scifi', 'documentation']",['US'],1.0,tt4190332,6.3,75139.0,4,1,thriller,US
956,tm181270,The Frozen Ground,MOVIE,2013,R,105,"['thriller', 'drama', 'crime']",['US'],1.0,tt2005374,6.4,62183.0,3,1,thriller,US
959,tm168400,Empire State,MOVIE,2013,R,94,"['drama', 'crime', 'thriller', 'action', 'european']",['US'],1.0,tt2171867,5.2,21368.0,5,1,drama,US
961,tm237143,Shrek the Musical,MOVIE,2013,PG-13,130,"['fantasy', 'family', 'comedy']",['US'],1.0,tt3070936,6.9,3634.0,3,1,fantasy,US
962,tm176630,The Butler,MOVIE,2013,PG-13,132,"['drama', 'european']",['US'],1.0,tt1327773,7.2,114013.0,2,1,drama,US
965,tm178712,Scary Movie 5,MOVIE,2013,PG-13,86,"['comedy', 'horror']",['US'],1.0,tt0795461,3.5,70814.0,2,1,comedy,US
969,tm187979,Cloudy with a Chance of Meatballs 2,MOVIE,2013,PG,95,"['comedy', 'family', 'fantasy', 'scifi', 'drama', 'animation']",['US'],1.0,tt1985966,6.3,100637.0,6,1,comedy,US
973,tm161282,Penguins of Madagascar,MOVIE,2014,PG,92,"['comedy', 'animation', 'family', 'scifi']",['US'],1.0,tt1911658,6.6,88708.0,4,1,comedy,US
974,tm165521,Redemption,MOVIE,2013,R,100,"['thriller', 'action', 'european']","['US', 'GB']",1.0,Unknown,6.5334469051675175,2279.0,3,2,thriller,US
975,tm184608,Texas Chainsaw 3D,MOVIE,2013,R,92,"['horror', 'thriller']",['US'],1.0,tt1572315,4.8,49312.0,2,1,horror,US
976,tm144046,Jackass Presents: Bad Grandpa .5,MOVIE,2014,PG-13,86,['comedy'],['US'],1.0,tt3766424,6.3,2279.0,1,1,comedy,US
979,tm161029,Mr. Peabody & Sherman,MOVIE,2014,PG,92,"['action', 'family', 'animation', 'history', 'scifi', 'romance', 'comedy', 'fantasy']",['US'],1.0,tt0864835,6.8,68790.0,8,1,action,US
980,tm143474,Vampire Academy,MOVIE,2014,PG-13,104,"['fantasy', 'horror', 'thriller', 'action', 'comedy', 'drama']",['US'],1.0,tt1686821,5.4,54190.0,6,1,fantasy,US
981,tm140342,"I, Frankenstein",MOVIE,2014,PG-13,92,"['horror', 'thriller', 'scifi', 'action', 'fantasy']","['AU', 'US']",1.0,tt1418377,5.1,80733.0,5,2,horror,AU
982,tm141648,Seventh Son,MOVIE,2014,PG-13,120,"['fantasy', 'action']","['US', 'GB', 'CN', 'CA']",1.0,tt1121096,5.5,76395.0,2,4,fantasy,US
985,tm142856,Sabotage,MOVIE,2014,R,109,"['drama', 'thriller', 'western', 'action', 'crime']",['US'],1.0,tt1742334,5.7,63007.0,5,1,drama,US
987,tm181081,The Railway Man,MOVIE,2013,R,116,"['drama', 'european', 'war', 'romance']","['GB', 'AU', 'CH']",1.0,tt2058107,7.1,39743.0,4,3,drama,GB
990,tm178211,Life of Crime,MOVIE,2013,R,94,"['comedy', 'crime']",['US'],1.0,tt1663207,5.8,18793.0,2,1,comedy,US
991,tm144121,Get on Up,MOVIE,2014,PG-13,139,"['drama', 'music']",['US'],1.0,tt2473602,6.9,24456.0,2,1,drama,US
993,tm151447,The November Man,MOVIE,2014,R,108,"['crime', 'action', 'thriller']","['GB', 'US']",1.0,tt2402157,6.3,67243.0,3,2,crime,GB
995,tm154797,The Nut Job,MOVIE,2014,PG,85,"['comedy', 'crime', 'family', 'animation']","['CA', 'KR']",1.0,tt1821658,5.7,28295.0,4,2,comedy,CA
997,tm159796,Brick Mansions,MOVIE,2014,PG-13,90,"['crime', 'drama', 'action', 'thriller']","['CA', 'FR']",1.0,tt1430612,5.6,42137.0,4,2,crime,CA
998,tm181533,The Big Wedding,MOVIE,2013,R,90,"['comedy', 'drama', 'romance']",['US'],1.0,tt1931435,5.6,49549.0,3,1,comedy,US
1000,tm469911,Bonnie & Clyde,MOVIE,2013,PG-13,240,"['drama', 'crime', 'european']",['AT'],1.0,tt2374851,6.5334469051675175,2279.0,3,1,drama,AT
1002,tm148976,The Battered Bastards of Baseball,MOVIE,2014,R,80,"['documentation', 'sport']",['US'],1.0,tt3445270,8.0,3953.0,2,1,documentation,US
1003,tm143642,Who Am I,MOVIE,2014,Not Rated,105,"['thriller', 'european', 'drama', 'scifi', 'crime']",['DE'],1.0,tt4426376,7.5,55044.0,5,1,thriller,DE
1007,tm162271,Bo Burnham: What.,MOVIE,2013,Not Rated,60,"['comedy', 'music', 'documentation']",['US'],1.0,tt3210258,8.3,11488.0,3,1,comedy,US
1008,tm166628,The Smurfs 2,MOVIE,2013,PG,105,"['fantasy', 'animation', 'comedy', 'family']",['US'],1.0,tt2017020,5.3,41571.0,4,1,fantasy,US
1009,tm171228,Metallica: Through the Never,MOVIE,2013,R,93,['music'],['US'],1.0,tt2172935,7.1,17433.0,1,1,music,US
1010,tm136601,Walk of Shame,MOVIE,2014,R,95,['comedy'],['US'],1.0,tt2463288,6.0,54065.0,1,1,comedy,US
1011,tm143757,Search Party,MOVIE,2014,R,93,['comedy'],['US'],1.0,tt2758904,5.6,7789.0,1,1,comedy,US
1012,tm143372,Stand by Me Doraemon,MOVIE,2014,G,90,"['fantasy', 'animation', 'comedy', 'drama', 'family', 'scifi']",['JP'],1.0,tt3331846,7.3,7812.0,6,1,fantasy,JP
1013,tm71148,Thanks for Sharing,MOVIE,2013,R,112,"['drama', 'comedy', 'romance']",['US'],1.0,tt1932718,6.4,28204.0,3,1,drama,US
1014,tm161562,Copenhagen,MOVIE,2014,Not Rated,98,"['drama', 'romance']","['US', 'DK']",1.0,tt2459156,7.1,13135.0,2,2,drama,US
1015,tm151716,Cowspiracy: The Sustainability Secret,MOVIE,2014,Not Rated,90,['documentation'],['US'],1.0,tt4344904,8.2,24845.0,1,1,documentation,US
1017,tm180599,The Haunting in Connecticut 2: Ghosts of Georgia,MOVIE,2013,R,101,"['horror', 'thriller', 'drama']",['US'],1.0,tt1457765,5.2,17170.0,3,1,horror,US
1019,tm171965,Mike Birbiglia: My Girlfriend's Boyfriend,MOVIE,2013,Not Rated,75,"['drama', 'documentation', 'comedy', 'romance']",['US'],1.0,tt2937390,8.0,3284.0,4,1,drama,US
1020,tm185208,Elena,MOVIE,2013,PG-13,82,"['documentation', 'european', 'drama', 'family']","['US', 'BR']",1.0,tt2719278,7.6,1823.0,4,2,documentation,US
1022,tm167944,Berserk: The Golden Age Arc III - The Advent,MOVIE,2013,NC-17,110,"['fantasy', 'action', 'drama', 'horror', 'romance', 'animation']",['JP'],1.0,tt2358913,7.8,9942.0,6,1,fantasy,JP
1023,tm149038,Bill Burr: I'm Sorry You Feel That Way,MOVIE,2014,Not Rated,80,"['comedy', 'documentation']",['US'],1.0,tt3823690,8.3,7954.0,2,1,comedy,US
1025,tm159362,A Haunted House 2,MOVIE,2014,R,86,"['comedy', 'horror', 'fantasy']",['US'],1.0,tt2828996,4.6,21514.0,3,1,comedy,US
1028,tm172710,We Steal Secrets: The Story of WikiLeaks,MOVIE,2013,R,162,['documentation'],['US'],1.0,tt1824254,6.9,7873.0,1,1,documentation,US
1029,tm157085,Effie Gray,MOVIE,2014,PG-13,85,"['drama', 'romance']",['GB'],1.0,tt1605798,6.0,5482.0,2,1,drama,GB
1030,tm174289,Free Birds,MOVIE,2013,PG,91,"['comedy', 'family', 'scifi', 'animation']",['US'],1.0,tt1621039,5.8,23917.0,4,1,comedy,US
1031,tm187390,The Square,MOVIE,2013,Not Rated,88,"['drama', 'history', 'documentation']","['GB', 'US', 'EG']",1.0,tt2486682,8.1,8949.0,3,3,drama,GB
1032,tm171929,The Short Game,MOVIE,2013,PG,100,"['documentation', 'sport']",['US'],1.0,tt2466830,7.3,1518.0,2,1,documentation,US
1033,tm147913,PK,MOVIE,2014,PG-13,153,"['comedy', 'drama', 'romance', 'fantasy', 'scifi']",['IN'],1.0,tt2338151,8.2,178012.0,5,1,comedy,IN
1034,tm170919,Underdogs,MOVIE,2013,PG,106,"['romance', 'drama', 'documentation', 'sport', 'animation', 'family']","['AR', 'ES']",1.0,tt4382260,6.5,9535.0,6,2,romance,AR
1035,tm180643,Jinxed,MOVIE,2013,G,70,"['fantasy', 'comedy', 'family']","['CA', 'US']",1.0,tt2934844,6.4,1444.0,3,2,fantasy,CA
1037,tm152843,Swearnet: The Movie,MOVIE,2014,R,112,['comedy'],['CA'],1.0,tt2380564,6.1,2652.0,1,1,comedy,CA
1038,tm177223,Company of Heroes,MOVIE,2013,R,100,['drama'],['US'],1.0,Unknown,6.5334469051675175,2279.0,1,1,drama,US
1039,tm152273,Tiger & Bunny: The Rising,MOVIE,2014,Not Rated,101,"['scifi', 'animation', 'action']",['JP'],1.0,tt4625302,6.8,265.0,3,1,scifi,JP
1040,tm2269,Selfie,MOVIE,2014,Not Rated,123,"['comedy', 'documentation', 'drama', 'european']",['RO'],1.0,tt3102208,6.0,1671.0,4,1,comedy,RO
1041,tm138431,Virunga,MOVIE,2014,Not Rated,90,"['war', 'documentation']","['CD', 'GB']",1.0,tt3455224,8.2,11403.0,2,2,war,CD
1042,tm152904,Tom Segura: Completely Normal,MOVIE,2014,Not Rated,74,"['comedy', 'documentation']",['US'],1.0,tt3500822,7.7,2570.0,2,1,comedy,US
1043,tm35895,Buddies,MOVIE,2013,Not Rated,94,"['drama', 'comedy', 'documentation', 'european']",['BR'],1.0,tt1179259,6.6,1076.0,4,1,drama,BR
1044,tm176481,Chennai Express,MOVIE,2013,PG-13,141,"['romance', 'comedy', 'drama', 'action']",['IN'],1.0,tt2112124,6.1,53293.0,4,1,romance,IN
1047,tm199408,Monty Python: The Meaning of Live,MOVIE,2014,Not Rated,96,"['comedy', 'documentation']",['GB'],1.0,tt4256544,7.6,574.0,2,1,comedy,GB
1050,tm144021,LEGO DC Comics Super Heroes: Batman Be-Leaguered,MOVIE,2014,Not Rated,22,"['comedy', 'family', 'scifi', 'animation', 'action']",['US'],1.0,tt4189294,6.5,1305.0,5,1,comedy,US
1053,tm168685,The Berlin File,MOVIE,2013,Not Rated,120,"['thriller', 'action']",['KR'],1.0,tt2357377,6.6,7103.0,2,1,thriller,KR
1054,tm182275,Omar,MOVIE,2013,Not Rated,96,"['thriller', 'war', 'crime', 'drama', 'romance']",['PS'],1.0,tt2852406,7.5,14230.0,5,1,thriller,PS
1057,tm182969,Dabbe: The Possession,MOVIE,2013,Not Rated,120,['horror'],['TR'],1.0,tt3069758,6.8,5635.0,1,1,horror,TR
1058,tm148910,Haider,MOVIE,2014,PG-13,150,"['drama', 'action', 'crime', 'thriller']",['IN'],1.0,tt3390572,8.1,54001.0,4,1,drama,IN
1059,tm143363,2 States,MOVIE,2014,PG,149,"['comedy', 'drama', 'romance']",['IN'],1.0,tt2372678,6.9,25344.0,3,1,comedy,IN
1060,tm139617,Dragons: Dawn Of The Dragon Racers,MOVIE,2014,Not Rated,26,['fantasy'],['US'],1.0,Unknown,6.5334469051675175,2279.0,1,1,fantasy,US
1063,tm158671,A Fairly Odd Summer,MOVIE,2014,G,68,"['fantasy', 'animation', 'comedy', 'family']",['US'],1.0,tt3149536,4.0,533.0,4,1,fantasy,US
1064,tm165504,Blind Detective,MOVIE,2013,Not Rated,130,"['crime', 'drama', 'thriller', 'action', 'comedy']","['CN', 'HK']",1.0,tt2332707,6.4,3255.0,5,2,crime,CN
1065,tm148662,The Boss: Anatomy of a Crime,MOVIE,2014,Not Rated,98,"['drama', 'crime']","['VE', 'AR']",1.0,tt3854234,7.3,2105.0,2,2,drama,VE
1068,tm158980,Khoobsurat,MOVIE,2014,PG,130,"['comedy', 'romance']",['IN'],1.0,tt3554418,6.5,8330.0,2,1,comedy,IN
1069,tm148597,Monty Python: Live (Mostly),MOVIE,2014,R,138,"['comedy', 'documentation']",['GB'],1.0,tt3872778,7.6,2598.0,2,1,comedy,GB
1071,tm145791,Miss Granny,MOVIE,2014,Not Rated,124,"['drama', 'comedy', 'fantasy', 'music']",['KR'],1.0,tt3516378,7.2,3433.0,4,1,drama,KR
1072,tm155291,Highway,MOVIE,2014,PG-13,133,"['drama', 'crime', 'romance']",['IN'],1.0,tt2980794,7.6,28370.0,3,1,drama,IN
1073,tm156811,Queen,MOVIE,2014,PG-13,146,"['drama', 'comedy']",['IN'],1.0,tt3322420,8.2,64805.0,2,1,drama,IN
1074,tm150033,Expelled from Paradise,MOVIE,2014,Not Rated,104,"['scifi', 'animation', 'action']",['JP'],1.0,tt2859246,6.7,1696.0,3,1,scifi,JP
1076,tm180802,LEGO Marvel Super Heroes: Maximum Overload,MOVIE,2013,PG,20,"['action', 'animation']",['US'],1.0,Unknown,6.5334469051675175,2279.0,2,1,action,US
1080,tm151210,Jim Gaffigan: Obsessed,MOVIE,2014,Not Rated,70,"['comedy', 'documentation']",['US'],1.0,tt3481550,7.6,2226.0,2,1,comedy,US
1081,tm149578,Mission Blue,MOVIE,2014,PG,94,"['documentation', 'drama']",['US'],1.0,tt2004304,7.9,1950.0,2,1,documentation,US
1082,tm182534,From One Second to the Next,MOVIE,2013,Not Rated,34,['documentation'],['US'],1.0,Unknown,6.5334469051675175,2279.0,1,1,documentation,US
1083,tm360904,The Meaning of Monty Python,MOVIE,2013,Not Rated,60,['documentation'],['US'],1.0,Unknown,6.5334469051675175,2279.0,1,1,documentation,US
1084,tm186054,ABCD,MOVIE,2013,PG-13,136,"['drama', 'music']",['IN'],1.0,tt2321163,6.3,6898.0,2,1,drama,IN
1085,tm235553,Pedal the World,MOVIE,2014,Not Rated,84,"['documentation', 'european']",['DE'],1.0,tt6020164,5.0,1057.0,2,1,documentation,DE
1086,tm147518,City of God: 10 Years Later,MOVIE,2013,PG,69,['documentation'],['BR'],1.0,tt4103686,6.4,1299.0,1,1,documentation,BR
1087,tm183706,Birth Reborn,MOVIE,2013,Not Rated,91,"['documentation', 'family', 'history']",['BR'],1.0,tt2974412,7.8,249.0,3,1,documentation,BR
1088,tm178513,Bombay Talkies,MOVIE,2013,PG-13,127,['drama'],['IN'],1.0,tt2797242,6.6,5372.0,1,1,drama,IN
1089,tm182322,Kai Po Che!,MOVIE,2013,Not Rated,126,"['drama', 'sport']",['IN'],1.0,tt2213054,7.8,36512.0,2,1,drama,IN
1090,tm236725,My Beautiful Broken Brain,MOVIE,2014,Not Rated,84,['documentation'],['GB'],1.0,tt3815136,7.1,2257.0,1,1,documentation,GB
1091,tm153055,Mitt,MOVIE,2014,Not Rated,93,"['documentation', 'family']",['US'],1.0,tt3336722,6.9,2579.0,2,1,documentation,US
1092,tm142630,Ragini MMS 2,MOVIE,2014,PG-13,120,['horror'],['IN'],1.0,tt2609218,3.9,2870.0,1,1,horror,IN
1093,tm185797,Fukrey,MOVIE,2013,PG-13,137,"['romance', 'comedy', 'drama']",['IN'],1.0,tt2806788,6.9,11656.0,3,1,romance,IN
1094,tm154729,Dedh Ishqiya,MOVIE,2014,R,152,"['drama', 'romance', 'thriller', 'comedy']",['IN'],1.0,tt2675978,7.0,7179.0,4,1,drama,IN
1095,tm148457,Hasee Toh Phasee,MOVIE,2014,PG-13,141,"['comedy', 'romance']",['IN'],1.0,tt3173910,6.8,14916.0,2,1,comedy,IN
1096,tm145627,Pizza,MOVIE,2014,Not Rated,107,"['horror', 'thriller']",['IN'],1.0,tt3794302,6.2,1285.0,2,1,horror,IN
1097,tm158302,Ankhon Dekhi,MOVIE,2014,Not Rated,104,"['drama', 'comedy']",['IN'],1.0,tt3620858,8.0,11330.0,2,1,drama,IN
1098,tm140334,Sniper: Legacy,MOVIE,2014,R,94,"['thriller', 'european']",['US'],1.0,Unknown,6.5334469051675175,2279.0,2,1,thriller,US
1100,tm186161,Boss,MOVIE,2013,PG-13,143,"['action', 'comedy', 'crime', 'drama']",['IN'],1.0,tt2763724,5.3,11059.0,4,1,action,IN
1102,tm209037,Tea Time,MOVIE,2014,Not Rated,70,['documentation'],['CL'],1.0,tt4147684,7.6,480.0,1,1,documentation,CL
1103,tm348393,When Love Happens,MOVIE,2014,Not Rated,109,['romance'],['NG'],1.0,tt4094916,4.8,128.0,1,1,romance,NG
1104,tm151927,Mary Kom,MOVIE,2014,PG-13,122,"['drama', 'sport', 'action']",['IN'],1.0,tt3001638,6.9,10656.0,3,1,drama,IN
1106,tm169669,Four Sisters and a Wedding,MOVIE,2013,Not Rated,126,"['drama', 'comedy']",['PH'],1.0,tt3008034,7.2,789.0,2,1,drama,PH
1107,tm175812,Special 26,MOVIE,2013,Not Rated,144,"['thriller', 'crime', 'drama']",['IN'],1.0,tt2377938,8.0,55489.0,3,1,thriller,IN
1108,tm181550,Once Upon a Time in Mumbai Dobaara!,MOVIE,2013,Not Rated,160,"['crime', 'drama', 'romance', 'action']",['IN'],1.0,tt5037702,4.6,7127.0,4,1,crime,IN
1109,tm228574,Swearnet Live,MOVIE,2014,Not Rated,75,['comedy'],['CA'],1.0,tt3599642,5.4,519.0,1,1,comedy,CA
1110,tm149914,Jim Jefferies: Bare,MOVIE,2014,R,76,['comedy'],['US'],1.0,tt3958494,8.0,5407.0,1,1,comedy,US
1111,tm145216,Dabbe 5: Zehr-i Cin,MOVIE,2014,R,132,['horror'],['TR'],1.0,tt3886722,6.0,3708.0,1,1,horror,TR
1112,tm149747,The Perfect Dictatorship,MOVIE,2014,Not Rated,143,"['comedy', 'drama']",['MX'],1.0,tt3970854,7.2,5370.0,2,1,comedy,MX
1113,tm140911,Imperial Dreams,MOVIE,2014,Not Rated,87,['drama'],['US'],1.0,tt3331028,6.7,4452.0,1,1,drama,US
1114,tm158692,Liar's Dice,MOVIE,2013,Not Rated,104,"['drama', 'crime', 'thriller', 'family']",['IN'],1.0,tt2343621,6.8,1069.0,4,1,drama,IN
1115,tm137379,Silent,MOVIE,2014,Not Rated,3,"['animation', 'family', 'action']",['US'],1.0,Unknown,6.5334469051675175,2279.0,3,1,animation,US
1116,tm587320,El Mago Pop,MOVIE,2013,Not Rated,44,"['reality', 'european']",['ES'],1.0,tt3355166,6.8,21.0,2,1,reality,ES
1117,tm160034,Humpty Sharma Ki Dulhania,MOVIE,2014,PG,133,"['drama', 'comedy', 'romance']",['IN'],1.0,tt3678938,6.0,12757.0,3,1,drama,IN
1118,tm158436,Print the Legend,MOVIE,2014,Not Rated,100,"['documentation', 'drama', 'history']",['US'],1.0,tt3703872,7.0,1967.0,3,1,documentation,US
1119,tm172027,The Butterfly's Dream,MOVIE,2013,PG-13,138,"['drama', 'history', 'romance']",['TR'],1.0,tt2882532,7.8,21882.0,3,1,drama,TR
1120,tm146657,Jeff Dunham: All Over the Map,MOVIE,2014,PG-13,41,['comedy'],"['IL', 'NO', 'ZA', 'AE', 'GB', 'IS', 'IE']",1.0,tt4209802,7.1,854.0,1,7,comedy,IL
1122,tm159819,Bride for Rent,MOVIE,2014,Not Rated,115,"['comedy', 'romance']",['PH'],1.0,tt3469386,6.4,584.0,2,1,comedy,PH
1123,tm183805,Ghanchakkar,MOVIE,2013,PG,137,"['thriller', 'crime', 'comedy']",['IN'],1.0,tt2246724,5.8,5019.0,3,1,thriller,IN
1124,tm458034,BoJack Horseman Christmas Special,MOVIE,2014,Not Rated,25,[],['US'],1.0,Unknown,6.5334469051675175,2279.0,0,1,Unknown,US
1125,tm175954,Aziz Ansari: Buried Alive,MOVIE,2013,Not Rated,79,"['comedy', 'documentation']",['US'],1.0,tt2836450,7.2,3980.0,2,1,comedy,US
1126,tm182227,Marc Maron: Thinky Pain,MOVIE,2013,Not Rated,90,['comedy'],['US'],1.0,tt3004634,7.3,1876.0,1,1,comedy,US
1127,tm159094,Naan Sigappu Manithan,MOVIE,2014,Not Rated,161,"['drama', 'thriller', 'action']",['IN'],1.0,tt3569788,6.5,1081.0,3,1,drama,IN
1129,tm157609,Born in Gaza,MOVIE,2014,Not Rated,69,"['documentation', 'european']",['ES'],1.0,tt4205416,7.4,492.0,2,1,documentation,ES
1130,tm179328,Romantik Komedi 2: Bekarlığa Veda,MOVIE,2013,Not Rated,105,"['romance', 'comedy']",['XX'],1.0,tt2645104,5.1,3357.0,2,1,romance,XX
1131,tm151860,Free to Play,MOVIE,2014,Not Rated,75,"['documentation', 'action']","['UA', 'US', 'CN', 'DE', 'SG']",1.0,tt3203290,7.9,13308.0,2,5,documentation,UA
1132,tm139922,"The Other One: The Long, Strange Trip of Bob Weir",MOVIE,2014,Not Rated,85,"['music', 'documentation']",['US'],1.0,tt3692768,7.3,1649.0,2,1,music,US
1133,tm184511,Inkaar,MOVIE,2013,R,133,"['drama', 'romance', 'thriller']",['IN'],1.0,tt2094854,6.2,2565.0,3,1,drama,IN
1135,tm157461,Coming Soon,MOVIE,2014,PG,134,"['drama', 'comedy', 'romance']",['TR'],1.0,tt3698408,7.5,33714.0,3,1,drama,TR
1136,tm178992,The Midas Touch,MOVIE,2013,Not Rated,99,['comedy'],['HK'],1.0,tt3173512,5.0,183.0,1,1,comedy,HK
1137,tm144541,Refugiado,MOVIE,2014,R,95,"['drama', 'thriller', 'european']",['AR'],1.0,tt3717390,6.4,365.0,3,1,drama,AR
1138,tm215339,Ralphie May: Imperfectly Yours,MOVIE,2013,Not Rated,69,"['comedy', 'documentation']",['US'],1.0,tt3219820,5.4,150.0,2,1,comedy,US
1139,tm177645,Wedding Association,MOVIE,2013,PG-13,106,['comedy'],['XX'],1.0,tt3726104,7.1,22186.0,1,1,comedy,XX
1140,tm200926,Heritages,MOVIE,2014,Not Rated,96,"['drama', 'european']","['AE', 'LB']",1.0,tt3461524,7.3,130.0,2,2,drama,AE
1141,tm181092,Race 2,MOVIE,2013,Not Rated,150,"['thriller', 'crime', 'action']",['IN'],1.0,tt1375789,5.3,16302.0,3,1,thriller,IN
1142,tm183002,Madras Cafe,MOVIE,2013,PG-13,130,"['thriller', 'action', 'drama']",['IN'],1.0,tt2855648,7.7,24319.0,3,1,thriller,IN
1143,tm144557,Deliha,MOVIE,2014,PG-13,107,"['comedy', 'family', 'romance']",['TR'],1.0,tt4470892,4.5,4315.0,3,1,comedy,TR
1144,tm205684,Confusion Na Wa,MOVIE,2013,Not Rated,105,"['crime', 'comedy', 'drama']",['NG'],1.0,tt3012648,7.0,38.0,3,1,crime,NG
1145,tm167107,Saheb Biwi Aur Gangster Returns,MOVIE,2013,Not Rated,142,"['drama', 'thriller', 'action', 'crime']",['IN'],1.0,tt2362778,6.7,3978.0,4,1,drama,IN
1146,tm143299,Ungli,MOVIE,2014,PG-13,114,"['comedy', 'drama', 'thriller', 'crime']",['IN'],1.0,tt2392447,5.8,3888.0,4,1,comedy,IN
1147,tm175753,Chashme Baddoor,MOVIE,2013,Not Rated,120,"['comedy', 'drama']",['IN'],1.0,tt2229848,5.4,5121.0,2,1,comedy,IN
1148,tm185736,SampleThis,MOVIE,2013,Not Rated,85,"['documentation', 'music']",['US'],1.0,tt2407418,6.4,466.0,2,1,documentation,US
1149,tm460055,The War Against Women,MOVIE,2013,Not Rated,62,"['documentation', 'war']","['US', 'ES']",1.0,tt3856034,7.3,74.0,2,2,documentation,US
1150,tm182580,Ghadi,MOVIE,2013,PG-13,100,"['drama', 'comedy', 'family']",['LB'],1.0,tt3190580,7.3,1128.0,3,1,drama,LB
1151,tm157681,Eyes of a Thief,MOVIE,2014,Not Rated,98,['drama'],['PS'],1.0,tt2993406,6.6,443.0,1,1,drama,PS
1152,tm197423,October 1,MOVIE,2014,PG-13,149,['thriller'],['NG'],1.0,tt3206616,6.4,424.0,1,1,thriller,NG
1153,tm162259,Mars at Sunrise,MOVIE,2014,Not Rated,75,['drama'],['US'],1.0,tt2714424,7.8,43.0,1,1,drama,US
1154,tm167342,Satyagraha,MOVIE,2013,PG,152,"['drama', 'documentation']",['IN'],1.0,tt2275802,5.9,5127.0,2,1,drama,IN
1155,tm169054,Bhaji in Problem,MOVIE,2013,Not Rated,130,"['romance', 'comedy']",['IN'],1.0,tt2879770,7.3,1007.0,2,1,romance,IN
1156,tm169294,Pagpag: Nine Lives,MOVIE,2013,Not Rated,105,['horror'],['PH'],1.0,tt2996950,5.5,313.0,1,1,horror,PH
1157,tm178234,Blind Intersections,MOVIE,2013,Not Rated,87,['drama'],"['AE', 'LB']",1.0,tt1918638,6.7,172.0,1,2,drama,AE
1158,tm132675,100 Things to Do Before High School,MOVIE,2014,Not Rated,44,[],['US'],1.0,Unknown,6.5334469051675175,2279.0,0,1,Unknown,US
1159,tm155014,Trailer Park Boys: Live at the North Pole,MOVIE,2014,Not Rated,88,['comedy'],['CA'],1.0,tt3596200,6.7,1091.0,1,1,comedy,CA
1160,tm188290,Must Be... Love,MOVIE,2013,Not Rated,100,"['romance', 'comedy']",['PH'],1.0,tt2769454,6.4,522.0,2,1,romance,PH
1161,tm187505,She's The One,MOVIE,2013,Not Rated,110,"['romance', 'comedy', 'drama']",['PH'],1.0,tt3264438,6.3,205.0,3,1,romance,PH
1162,tm155051,Trailer Park Boys - Live in F**kin' Dublin,MOVIE,2014,Not Rated,81,['comedy'],['CA'],1.0,tt3580052,6.2,1548.0,1,1,comedy,CA
1163,tm183654,SDU: Sex Duties Unit,MOVIE,2013,Not Rated,94,['comedy'],['HK'],1.0,tt3044248,5.9,479.0,1,1,comedy,HK
1164,tm176900,Theeya Velai Seiyyanum Kumaru,MOVIE,2013,Not Rated,125,"['comedy', 'drama', 'romance']",['IN'],1.0,tt2187085,5.1,28.0,3,1,comedy,IN
1165,tm179248,Settai,MOVIE,2013,Not Rated,136,"['crime', 'comedy', 'action']",['IN'],1.0,tt2677816,4.5,515.0,3,1,crime,IN
1166,tm158546,Raja Natwarlal,MOVIE,2014,PG,141,"['thriller', 'crime']",['IN'],1.0,tt3483712,6.1,4280.0,2,1,thriller,IN
1167,tm250364,Chhota Bheem in the Incan Adventure,MOVIE,2013,G,64,"['animation', 'fantasy']",['XX'],1.0,tt4171600,7.4,31.0,2,1,animation,XX
1168,tm157062,Anjaan,MOVIE,2014,Not Rated,170,"['thriller', 'crime', 'action']",['IN'],1.0,tt6925136,5.3,5018.0,3,1,thriller,IN
1169,tm144451,Cold Harbour,MOVIE,2014,Not Rated,93,"['thriller', 'action', 'crime']",['ZA'],1.0,tt3922888,5.2,211.0,3,1,thriller,ZA
1170,tm171891,Himmatwala,MOVIE,2013,Not Rated,150,"['drama', 'comedy', 'action']",['IN'],1.0,tt2802286,1.7,8550.0,3,1,drama,IN
1171,tm242276,Na Bangaaru Talli,MOVIE,2014,Not Rated,116,"['drama', 'family', 'thriller', 'crime']",['IN'],1.0,tt2404605,7.2,160.0,4,1,drama,IN
1172,tm187118,What the Fish,MOVIE,2013,PG-13,98,"['drama', 'comedy']",['IN'],1.0,tt3357416,5.2,210.0,2,1,drama,IN
1173,tm202914,My Own Man,MOVIE,2014,Not Rated,82,"['drama', 'comedy', 'family', 'documentation']",['US'],1.0,tt3812618,6.4,445.0,4,1,drama,US
1174,tm159296,One by Two,MOVIE,2014,Not Rated,139,"['romance', 'comedy', 'drama']",['IN'],1.0,tt2951576,3.9,745.0,3,1,romance,IN
1175,tm186408,The Land of Cards,MOVIE,2013,Not Rated,110,['fantasy'],['IN'],1.0,tt2261700,5.6,407.0,1,1,fantasy,IN
1176,tm156397,Starting Over Again,MOVIE,2014,Not Rated,130,"['romance', 'comedy', 'drama', 'documentation', 'european']",['PH'],1.0,tt5108234,8.3,15.0,5,1,romance,PH
1177,tm166723,It Takes a Man and a Woman,MOVIE,2013,Not Rated,120,"['comedy', 'drama', 'romance']",['PH'],1.0,tt2816740,6.7,362.0,3,1,comedy,PH
1178,tm155507,Chelsea Handler: Uganda Be Kidding Me Live,MOVIE,2014,Not Rated,71,['comedy'],['US'],1.0,tt4079776,5.8,1165.0,1,1,comedy,US
1179,tm159701,Wyatt Cenac: Brooklyn,MOVIE,2014,Not Rated,67,['comedy'],['US'],1.0,tt4286560,6.3,228.0,1,1,comedy,US
1180,tm163066,Xenos,MOVIE,2013,Not Rated,12,['documentation'],['GB'],1.0,tt3289618,7.8,2279.0,1,1,documentation,GB
1181,tm323262,Seven Souls in the Skull Castle,MOVIE,2013,Not Rated,179,"['drama', 'action', 'romance']",['JP'],1.0,tt15133818,7.3,47.0,3,1,drama,JP
1183,tm149541,D.L. Hughley: Clear,MOVIE,2014,Not Rated,59,['comedy'],['US'],1.0,tt3589494,6.9,249.0,1,1,comedy,US
1184,tm181051,Giraffada,MOVIE,2014,Not Rated,85,"['drama', 'european']","['IT', 'PS', 'FR', 'DE']",1.0,tt3132086,6.3,234.0,2,4,drama,IT
1185,tm146144,Bobby Jasoos,MOVIE,2014,Not Rated,121,"['drama', 'comedy', 'thriller']",['IN'],1.0,tt3359290,5.5,2310.0,3,1,drama,IN
1186,tm681614,Grandmother's Farm,MOVIE,2013,Not Rated,71,"['comedy', 'horror']",[],1.0,tt10033686,2.9,74.0,2,0,comedy,Unknown
1187,tm147908,Anaamika,MOVIE,2014,PG,124,['thriller'],['IN'],1.0,tt2939898,5.5,260.0,1,1,thriller,IN
1188,tm150962,Mumbai Delhi Mumbai,MOVIE,2014,PG,120,"['comedy', 'romance']",['IN'],1.0,tt4045666,5.7,354.0,2,1,comedy,IN
1189,tm1194608,Motu Patlu: Deep Sea Adventure,MOVIE,2014,Not Rated,75,"['comedy', 'action', 'family']",['IN'],1.0,Unknown,6.5334469051675175,2279.0,3,1,comedy,IN
1190,tm577690,A Place in the Stars,MOVIE,2014,Not Rated,112,"['drama', 'thriller']",['NG'],1.0,tt3884826,6.2,19.0,2,1,drama,NG
1191,tm136036,That Thing Called Tadhana,MOVIE,2014,Not Rated,110,"['romance', 'comedy', 'drama']",['PH'],1.0,tt4170532,7.4,1050.0,3,1,romance,PH
1192,tm177224,Gori Tere Pyaar Mein,MOVIE,2013,Not Rated,150,"['romance', 'comedy', 'drama']",['IN'],1.0,tt2275794,4.9,3838.0,3,1,romance,IN
1193,tm1036195,Condom Lead,MOVIE,2013,Not Rated,15,['drama'],['PS'],1.0,Unknown,6.5334469051675175,2279.0,1,1,drama,PS
1194,tm142852,She's Dating the Gangster,MOVIE,2014,Not Rated,105,"['romance', 'comedy', 'drama']",['PH'],1.0,tt3772640,7.0,1079.0,3,1,romance,PH
1195,tm180738,Deewana Main Deewana,MOVIE,2013,Not Rated,107,"['thriller', 'comedy', 'drama', 'romance']",['IN'],1.0,tt2361022,2.6,374.0,4,1,thriller,IN
1198,tm188108,Sommore: Chandelier Status,MOVIE,2013,Not Rated,75,['comedy'],['US'],1.0,tt3012832,6.6,95.0,1,1,comedy,US
1199,tm147405,E-Team,MOVIE,2014,Not Rated,88,"['documentation', 'war']",['US'],1.0,tt3458282,7.1,873.0,2,1,documentation,US
1201,tm157286,The Royal Bengal Tiger,MOVIE,2014,Not Rated,107,['thriller'],['IN'],1.0,tt3479858,6.9,874.0,1,1,thriller,IN
1202,tm250247,Chhota Bheem & Krishna vs Zimbara,MOVIE,2013,G,64,['animation'],[],1.0,tt6417984,8.6,13.0,1,0,animation,Unknown
1203,tm157783,Gollu Aur Pappu,MOVIE,2014,G,112,['comedy'],['IN'],1.0,tt4219300,3.8,118.0,1,1,comedy,IN
1205,tm177376,Todd Glass Talks About Stuff,MOVIE,2013,Not Rated,46,['comedy'],['US'],1.0,Unknown,6.5334469051675175,2279.0,1,1,comedy,US
1206,tm145658,The Amazing Praybeyt Benjamin,MOVIE,2014,Not Rated,105,"['drama', 'action', 'comedy', 'fantasy', 'romance']",['PH'],1.0,tt3828220,4.0,195.0,5,1,drama,PH
1207,tm610571,Diamonds in the Sky,MOVIE,2014,Not Rated,132,['drama'],['IN'],1.0,tt2338287,7.4,10.0,1,1,drama,IN
1208,tm528044,Chhota Bheem Neeli Pahaadi,MOVIE,2013,G,63,['animation'],[],1.0,tt6442694,8.5,9.0,1,0,animation,Unknown
1209,tm176553,Doctor Bello,MOVIE,2013,Not Rated,95,"['drama', 'action']","['NG', 'US']",1.0,tt2723358,4.8,54.0,2,2,drama,NG
1210,tm175364,Chhota Bheem Aur Hanuman,MOVIE,2013,G,67,"['fantasy', 'animation']",['IN'],1.0,tt6417854,7.1,33.0,2,1,fantasy,IN
1211,tm529733,Chhota Bheem and the ShiNobi Secret,MOVIE,2013,G,63,['animation'],['IN'],1.0,tt6417830,8.6,6.0,1,1,animation,IN
1212,tm138280,Sigaram Thodu,MOVIE,2014,Not Rated,147,"['action', 'thriller']",['IN'],1.0,tt3949626,6.1,458.0,2,1,action,IN
1214,tm175577,Flower Girl,MOVIE,2013,Not Rated,94,"['romance', 'comedy']",['NG'],1.0,tt2662230,6.0,108.0,2,1,romance,NG
1215,tm481846,Chhota Bheem Dus pe Dus,MOVIE,2014,G,62,['animation'],['XX'],1.0,tt6417940,5.1,23.0,1,1,animation,XX
1216,tm528043,Chhota Bheem the Crown of Valhalla,MOVIE,2013,Not Rated,64,['animation'],[],1.0,tt6442766,8.1,14.0,1,0,animation,Unknown
1230,tm232579,Hunt for the Wilderpeople,MOVIE,2016,PG-13,101,"['comedy', 'drama', 'action']",['NZ'],1.0,tt4698684,7.8,125720.0,3,1,comedy,NZ
1231,tm243100,Hell or High Water,MOVIE,2016,R,102,"['western', 'thriller', 'action', 'crime', 'drama']",['US'],1.0,tt2582782,7.6,224900.0,5,1,western,US
1234,tm150928,It Follows,MOVIE,2015,R,101,"['horror', 'thriller']",['US'],1.0,tt3235888,6.8,233165.0,2,1,horror,US
1240,tm242705,Raw,MOVIE,2016,R,98,"['horror', 'drama', 'fantasy', 'european']","['BE', 'FR']",1.0,tt4954522,7.0,72460.0,4,2,horror,BE
1241,tm120108,Kung Fu Panda 3,MOVIE,2016,PG,95,"['comedy', 'animation', 'action', 'family', 'fantasy', 'drama']","['US', 'CN']",1.0,tt2267968,7.1,152791.0,6,2,comedy,US
1242,tm206698,Ouija: Origin of Evil,MOVIE,2016,PG-13,99,"['thriller', 'horror', 'drama']",['US'],1.0,tt4361050,5.3,6.0,3,1,thriller,US
1244,tm239727,Nocturnal Animals,MOVIE,2016,R,115,"['drama', 'thriller']",['US'],1.0,tt4551306,7.5,264884.0,2,1,drama,US
1245,tm199607,The Gift,MOVIE,2015,R,108,"['thriller', 'drama', 'documentation']","['AU', 'US']",1.0,tt4178092,7.1,151679.0,3,2,thriller,AU
1249,tm204163,War Dogs,MOVIE,2016,R,114,"['crime', 'drama', 'comedy', 'war']",['US'],1.0,tt2005151,7.1,208185.0,4,1,crime,US
1250,tm135307,Blackhat,MOVIE,2015,R,133,"['thriller', 'action', 'crime']",['US'],1.0,tt2717822,5.4,58192.0,3,1,thriller,US
1253,tm138905,The Hateful Eight,MOVIE,2015,R,188,"['western', 'crime', 'drama', 'thriller']",['US'],1.0,tt3460252,7.8,570138.0,4,1,western,US
1254,tm137693,Crimson Peak,MOVIE,2015,R,119,"['thriller', 'drama', 'horror', 'romance', 'fantasy']",['US'],1.0,tt2554274,6.5,143899.0,5,1,thriller,US
1257,tm136465,Tangerine,MOVIE,2015,R,87,"['comedy', 'drama', 'crime']",['US'],1.0,tt3824458,7.1,31385.0,3,1,comedy,US
1259,tm195209,Legend,MOVIE,2015,R,132,"['thriller', 'crime', 'drama', 'european']","['US', 'FR', 'GB']",1.0,tt3569230,6.9,175273.0,4,3,thriller,US
1267,tm120609,"Hail, Caesar!",MOVIE,2016,PG-13,106,"['drama', 'comedy', 'music']",['US'],1.0,tt0475290,6.3,132821.0,3,1,drama,US
1271,tm233377,The Edge of Seventeen,MOVIE,2016,R,104,"['comedy', 'drama']",['US'],1.0,tt1878870,7.3,120488.0,2,1,comedy,US
1273,tm193769,Steve Jobs,MOVIE,2015,R,122,['drama'],"['GB', 'US']",1.0,tt3565344,7.2,166288.0,1,2,drama,GB
1276,tm233425,A Silent Voice: The Movie,MOVIE,2016,PG-13,130,"['romance', 'animation', 'drama', 'family']",['JP'],1.0,tt5323662,8.1,75132.0,4,1,romance,JP
1280,tm143984,London Has Fallen,MOVIE,2016,R,99,"['thriller', 'crime', 'drama', 'action']","['BG', 'GB', 'US']",1.0,tt3300542,5.9,155997.0,4,3,thriller,BG
1281,tm212927,Mr. Right,MOVIE,2016,R,95,"['comedy', 'romance', 'action']",['US'],1.0,tt2091935,6.3,55118.0,3,1,comedy,US
1284,tm143085,Chappie,MOVIE,2015,R,120,"['scifi', 'drama', 'thriller', 'action', 'crime']","['MX', 'ZA', 'US']",1.0,tt1823672,6.8,247192.0,5,3,scifi,MX
1285,tm209987,Christine,MOVIE,2016,R,115,['drama'],['US'],1.0,tt4666726,6.9,14977.0,1,1,drama,US
1288,tm137002,Bāhubali: The Beginning,MOVIE,2015,PG-13,159,"['drama', 'action', 'fantasy']",['IN'],1.0,tt2631186,8.0,117333.0,3,1,drama,IN
1290,tm239676,Hush,MOVIE,2016,R,82,"['horror', 'thriller']",['US'],1.0,tt5022702,6.6,123667.0,2,1,horror,US
1293,tm138297,The Conjuring 2,MOVIE,2016,R,134,"['thriller', 'horror', 'drama']",['US'],1.0,tt3065204,7.3,260693.0,3,1,thriller,US
1295,tm245271,Gantz:O,MOVIE,2016,NC-17,95,"['animation', 'scifi', 'action', 'drama', 'fantasy', 'thriller', 'horror']",['JP'],1.0,tt5923962,7.1,14501.0,7,1,animation,JP
1296,tm134791,Unfriended,MOVIE,2015,R,82,"['thriller', 'horror', 'drama']",['US'],1.0,tt3901018,5.5,73854.0,3,1,thriller,US
1300,tm135106,In a Valley of Violence,MOVIE,2016,R,104,"['thriller', 'western', 'drama', 'crime', 'action']",['US'],1.0,tt3608930,6.0,18452.0,5,1,thriller,US
1303,tm196125,"Hello, My Name Is Doris",MOVIE,2015,R,95,"['romance', 'comedy', 'drama']",['US'],1.0,tt3766394,6.6,20377.0,3,1,romance,US
1307,tm196296,A Monster Calls,MOVIE,2016,PG-13,108,"['fantasy', 'drama', 'thriller', 'animation', 'family', 'european']","['ES', 'US', 'GB']",1.0,tt3416532,7.5,86614.0,6,3,fantasy,ES
1310,tm233214,Under the Shadow,MOVIE,2016,PG-13,84,"['thriller', 'horror', 'war', 'drama', 'fantasy']","['GB', 'IR', 'JO', 'QA']",1.0,tt4273292,6.8,27125.0,5,4,thriller,GB
1312,tm219233,Loving,MOVIE,2016,PG-13,123,"['drama', 'romance']","['GB', 'US']",1.0,tt4669986,7.0,34139.0,2,2,drama,GB
1317,tm199700,The Danish Girl,MOVIE,2015,R,119,"['drama', 'romance', 'european']","['DE', 'GB', 'US', 'BE', 'DK']",1.0,tt0810819,7.1,180805.0,3,5,drama,DE
1318,tm200126,He Never Died,MOVIE,2015,R,99,"['horror', 'fantasy', 'drama', 'thriller', 'comedy']","['CA', 'US']",1.0,tt3823012,6.4,19936.0,5,2,horror,CA
1319,tm132273,Home,MOVIE,2015,PG,95,"['fantasy', 'scifi', 'comedy', 'family', 'animation']",['US'],1.0,tt2224026,6.6,100705.0,5,1,fantasy,US
1322,tm139532,Before I Wake,MOVIE,2016,PG-13,97,"['drama', 'fantasy', 'horror', 'thriller']",['US'],1.0,tt3176922,6.2,45243.0,4,1,drama,US
1324,tm219248,The Fundamentals of Caring,MOVIE,2016,R,97,"['drama', 'comedy']",['US'],1.0,tt2452386,7.3,70542.0,2,1,drama,US
1325,tm220594,Winter on Fire: Ukraine's Fight for Freedom,MOVIE,2015,Not Rated,98,['documentation'],"['UA', 'GB', 'US']",1.0,tt4908644,8.3,17710.0,1,3,documentation,UA
1327,tm239743,Batman: The Killing Joke,MOVIE,2016,R,72,"['drama', 'crime', 'thriller', 'animation', 'action']",['US'],1.0,tt4853102,6.4,55806.0,5,1,drama,US
1328,tm138614,Cop Car,MOVIE,2015,R,86,"['thriller', 'crime']",['US'],1.0,tt4209984,6.3,32547.0,2,1,thriller,US
1329,tm205890,Bastille Day,MOVIE,2016,R,92,"['action', 'drama', 'thriller', 'crime']","['US', 'FR', 'LU', 'GB']",1.0,tt4649162,6.3,42763.0,4,4,action,US
1330,tm139841,Sinister 2,MOVIE,2015,R,97,"['horror', 'thriller']","['GB', 'US', 'CA']",1.0,tt2752772,5.3,53733.0,2,3,horror,GB
1331,tm233521,Other People,MOVIE,2016,Not Rated,97,"['comedy', 'drama']",['US'],1.0,tt4158876,6.8,11243.0,2,1,comedy,US
1333,tm244788,13th,MOVIE,2016,Not Rated,100,"['documentation', 'history', 'crime']",['US'],1.0,tt5895028,8.2,34914.0,3,1,documentation,US
1334,tm208622,American Ultra,MOVIE,2015,R,96,"['comedy', 'action', 'scifi']","['US', 'CH']",1.0,tt3316948,6.1,89912.0,3,2,comedy,US
1336,tm204035,Spectral,MOVIE,2016,PG-13,109,"['scifi', 'action', 'thriller']",['US'],1.0,tt2106651,6.3,58407.0,3,1,scifi,US
1338,tm134516,"Crouching Tiger, Hidden Dragon: Sword of Destiny",MOVIE,2016,PG-13,103,"['drama', 'fantasy', 'action']",['CN'],1.0,tt2652118,6.1,19275.0,3,1,drama,CN
1342,tm136321,Advantageous,MOVIE,2015,Not Rated,92,"['scifi', 'drama', 'family']",['US'],1.0,tt4209960,6.2,5378.0,3,1,scifi,US
1343,tm233465,The Bye Bye Man,MOVIE,2016,PG-13,96,"['thriller', 'fantasy', 'horror', 'drama']",['US'],1.0,tt4032232,4.3,23588.0,4,1,thriller,US
1345,tm136257,Beasts of No Nation,MOVIE,2015,R,137,"['war', 'drama']","['US', 'GH']",1.0,tt1365050,7.7,80129.0,2,2,war,US
1348,tm140843,Self/less,MOVIE,2015,PG-13,116,"['scifi', 'thriller', 'action', 'drama']",['US'],1.0,tt2157712,6.5,98127.0,4,1,scifi,US
1349,tm238722,Collateral Beauty,MOVIE,2016,PG-13,97,"['drama', 'romance']",['US'],1.0,tt4682786,6.7,99053.0,2,1,drama,US
1352,tm239683,Team Foxcatcher,MOVIE,2016,Not Rated,91,"['documentation', 'crime', 'history', 'sport']",['US'],1.0,tt5598216,7.3,6496.0,4,1,documentation,US
1353,tm147082,"What Happened, Miss Simone?",MOVIE,2015,Not Rated,101,"['music', 'documentation']",['US'],1.0,tt5108670,7.6,13703.0,2,1,music,US
1355,tm206512,Circle,MOVIE,2015,Not Rated,87,"['scifi', 'thriller', 'horror', 'drama', 'european']",['US'],1.0,tt4473464,6.0,52925.0,5,1,scifi,US
1356,tm200690,The Forest,MOVIE,2016,R,95,"['thriller', 'scifi', 'drama', 'fantasy', 'horror']",['US'],1.0,tt3387542,4.8,42148.0,5,1,thriller,US
1357,tm155102,Demonic,MOVIE,2015,R,83,"['thriller', 'horror']","['GB', 'US']",1.0,tt1841642,5.3,14882.0,2,2,thriller,GB
1358,tm205812,The Siege of Jadotville,MOVIE,2016,Not Rated,108,"['thriller', 'war', 'drama', 'action', 'history', 'european']","['IE', 'ZA']",1.0,tt3922798,7.2,38308.0,6,2,thriller,IE
1360,tm235405,Hyena Road,MOVIE,2015,R,120,"['thriller', 'action', 'drama', 'war']",['CA'],1.0,tt4034452,6.5,7665.0,4,1,thriller,CA
1361,tm245378,Barry,MOVIE,2016,Not Rated,104,['drama'],['US'],1.0,tt5477566,5.9,7116.0,1,1,drama,US
1363,tm225308,Into the Inferno,MOVIE,2016,Not Rated,104,['documentation'],"['CA', 'DE', 'GB']",1.0,tt4846318,7.2,8512.0,1,3,documentation,CA
1364,tm230551,Ip Man 3,MOVIE,2015,PG-13,105,"['drama', 'action', 'history']","['HK', 'CN']",1.0,tt2888046,7.0,54128.0,3,2,drama,HK
1367,tm138672,Frank & Lola,MOVIE,2016,Not Rated,88,"['drama', 'romance', 'thriller', 'crime']",['US'],1.0,tt1290138,5.9,6029.0,4,1,drama,US
1370,tm253083,Blue Jay,MOVIE,2016,Not Rated,81,"['romance', 'drama']",['US'],1.0,tt5912454,7.3,17033.0,2,1,romance,US
1371,tm316731,Bert Kreischer: The Machine,MOVIE,2016,Not Rated,70,['comedy'],['US'],1.0,tt6545220,7.6,1513.0,1,1,comedy,US
1372,tm244403,ARQ,MOVIE,2016,R,88,"['scifi', 'thriller', 'action']",['US'],1.0,tt5640450,6.3,38463.0,3,1,scifi,US
1374,tm139194,Ratchet & Clank,MOVIE,2016,PG,94,"['action', 'animation', 'comedy', 'family', 'scifi', 'fantasy']","['US', 'CA']",1.0,tt2870834,5.5,10764.0,6,2,action,US
1375,tm245671,Dangal,MOVIE,2016,PG,161,"['action', 'drama', 'sport']",['IN'],1.0,tt5074352,8.4,180247.0,3,1,action,IN
1376,tm235227,Bill Hicks: Reflections,MOVIE,2015,Not Rated,34,['documentation'],['US'],1.0,Unknown,6.5334469051675175,2279.0,1,1,documentation,US
1377,tm233317,Pee-wee's Big Holiday,MOVIE,2016,PG,90,"['comedy', 'family']",['US'],1.0,tt0837156,6.1,7985.0,2,1,comedy,US
1378,tm239733,Headshot,MOVIE,2016,Not Rated,118,"['thriller', 'action', 'drama']",['ID'],1.0,tt5147214,6.3,14608.0,3,1,thriller,ID
1383,tm123789,The Young Messiah,MOVIE,2016,PG-13,120,"['drama', 'fantasy']",['US'],1.0,tt1002563,5.6,3542.0,2,1,drama,US
1387,tm244381,Marauders,MOVIE,2016,R,107,"['thriller', 'action', 'crime']",['CA'],1.0,tt3963816,5.5,21929.0,3,1,thriller,CA
1388,tm233533,White Girl,MOVIE,2016,Not Rated,88,"['drama', 'horror', 'crime']",['US'],1.0,tt4134536,5.7,10646.0,3,1,drama,US
1391,tm166321,Our Brand Is Crisis,MOVIE,2015,R,108,"['comedy', 'drama']",['US'],1.0,tt1018765,6.1,22147.0,2,1,comedy,US
1392,tm214825,The Ridiculous 6,MOVIE,2015,PG-13,119,"['western', 'action', 'comedy']",['US'],1.0,tt2479478,4.8,47935.0,3,1,western,US
1393,tm238661,Special Correspondents,MOVIE,2016,PG-13,100,['comedy'],"['US', 'CA', 'GB']",1.0,tt4181052,5.8,23669.0,1,3,comedy,US
1394,tm142881,Jem and the Holograms,MOVIE,2015,PG,119,"['fantasy', 'drama', 'family', 'music', 'romance', 'scifi']",['US'],1.0,tt3614814,4.1,7804.0,6,1,fantasy,US
1395,tm243121,Mascots,MOVIE,2016,Not Rated,89,['comedy'],['US'],1.0,tt4936176,5.8,7381.0,1,1,comedy,US
1396,tm270504,Mindhorn,MOVIE,2016,R,89,"['comedy', 'thriller']",['GB'],1.0,tt4799064,6.3,12474.0,2,1,comedy,GB
1397,tm239707,The Do-Over,MOVIE,2016,PG-13,108,"['action', 'comedy']",['US'],1.0,tt4769836,5.7,45146.0,2,1,action,US
1398,tm242736,Bo Burnham: Make Happy,MOVIE,2016,Not Rated,60,"['comedy', 'music', 'documentation']",['US'],1.0,tt5777636,8.4,14356.0,3,1,comedy,US
1399,tm267948,7 Years,MOVIE,2016,Not Rated,77,"['drama', 'european']",['ES'],1.0,tt5517438,6.7,4872.0,2,1,drama,ES
1403,tm208903,For the Love of Spock,MOVIE,2016,Not Rated,105,['documentation'],"['CA', 'US']",1.0,tt4572820,7.6,4349.0,1,2,documentation,CA
1404,tm136061,Suffragette,MOVIE,2015,PG-13,106,"['drama', 'history']","['FR', 'GB']",1.0,tt3077214,6.9,41529.0,2,2,drama,FR
1405,tm201222,The Girl King,MOVIE,2015,Not Rated,106,"['drama', 'european', 'history', 'romance']","['SE', 'CA', 'FI', 'FR', 'DE']",1.0,tt1254322,5.8,4065.0,4,5,drama,SE
1406,tm215638,Boyka: Undisputed IV,MOVIE,2016,R,87,"['drama', 'european']",['BG'],1.0,Unknown,6.5334469051675175,2279.0,2,1,drama,BG
1407,tm205437,Dream/Killer,MOVIE,2015,Not Rated,107,"['crime', 'documentation']",['US'],1.0,tt4504438,7.4,1938.0,2,1,crime,US
1409,tm247642,Amanda Knox,MOVIE,2016,Not Rated,92,"['crime', 'documentation', 'european']","['DK', 'US']",1.0,tt5952332,6.9,23969.0,3,2,crime,DK
1410,tm219276,Tallulah,MOVIE,2016,Not Rated,111,"['drama', 'romance', 'comedy']",['US'],1.0,tt1639084,6.7,20111.0,3,1,drama,US
1411,tm135543,By the Sea,MOVIE,2015,R,122,"['drama', 'european', 'romance']","['US', 'FR']",1.0,tt3707106,5.3,20541.0,3,2,drama,US
1412,tm233544,Marco Polo: One Hundred Eyes,MOVIE,2015,Not Rated,28,"['action', 'history', 'drama']",['US'],1.0,tt5248968,7.8,10742.0,3,1,action,US
1419,tm245724,Ares,MOVIE,2016,Not Rated,80,"['scifi', 'thriller', 'drama', 'european']",['FR'],1.0,tt4216902,6.2,3994.0,4,1,scifi,FR
1420,tm138792,Results,MOVIE,2015,R,105,"['comedy', 'romance']",['US'],1.0,tt3824412,5.4,7073.0,2,1,comedy,US
1421,tm244880,I Am the Pretty Thing That Lives in the House,MOVIE,2016,Not Rated,89,"['thriller', 'drama', 'horror']","['CA', 'US']",1.0,tt5059406,4.6,14491.0,3,2,thriller,CA
1425,tm308241,Legends of the Hidden Temple,MOVIE,2016,PG,68,['family'],['US'],1.0,tt5333842,5.7,896.0,1,1,family,US
1427,tm221225,David Brent: Life on the Road,MOVIE,2016,Not Rated,96,"['comedy', 'music', 'action']",['GB'],1.0,tt6852304,6.3,20005.0,3,1,comedy,GB
1431,tm205870,Message from the King,MOVIE,2016,R,102,"['thriller', 'drama', 'action', 'crime', 'european']",['FR'],1.0,tt1712192,6.4,16180.0,5,1,thriller,FR
1432,tm244052,Sebastian Maniscalco: Why Would You Do That?,MOVIE,2016,Not Rated,63,['comedy'],['US'],1.0,tt6295304,7.3,1063.0,1,1,comedy,US
1436,tm232953,Sleight,MOVIE,2016,R,89,"['thriller', 'crime', 'drama', 'scifi', 'action']",['US'],1.0,tt4573516,5.9,8644.0,5,1,thriller,US
1437,tm240007,Sniper: Ghost Shooter,MOVIE,2016,R,100,['drama'],['US'],1.0,Unknown,6.5334469051675175,2279.0,1,1,drama,US
1438,tm233493,Middle School: The Worst Years of My Life,MOVIE,2016,PG,92,"['comedy', 'family', 'animation']",['US'],1.0,tt4981636,6.0,8972.0,3,1,comedy,US
1440,tm140436,Rock the Kasbah,MOVIE,2015,R,100,"['comedy', 'music', 'war']","['MA', 'US']",1.0,tt3165590,5.5,11963.0,3,2,comedy,MA
1444,tm213681,Veteran,MOVIE,2015,Not Rated,124,"['crime', 'thriller', 'action', 'comedy']",['KR'],1.0,tt4768764,7.0,6501.0,4,1,crime,KR
1445,tm228242,A Very Murray Christmas,MOVIE,2015,Not Rated,56,"['comedy', 'music']",['US'],1.0,tt4537842,5.5,15428.0,2,1,comedy,US
1448,tm209950,Kevin Hart: What Now?,MOVIE,2016,R,96,"['comedy', 'documentation']",['US'],1.0,tt4669186,5.9,9458.0,2,1,comedy,US
1449,tm205935,Extraction,MOVIE,2015,R,92,"['thriller', 'action']","['GB', 'US']",1.0,tt4382872,4.1,11180.0,2,2,thriller,GB
1450,tm244134,Tramps,MOVIE,2016,Not Rated,83,"['romance', 'comedy', 'documentation', 'european']",['US'],1.0,tt9049178,6.5,5460.0,4,1,romance,US
1451,tm271070,The Warriors Gate,MOVIE,2016,PG-13,108,"['action', 'comedy', 'family', 'fantasy', 'european']","['CA', 'CN', 'FR']",1.0,tt4652532,5.4,5057.0,5,3,action,CA
1452,tm267135,The Dreamseller,MOVIE,2016,Not Rated,96,['drama'],['BR'],1.0,tt5496926,6.0,1438.0,1,1,drama,BR
1453,tm233616,LEGO Marvel Super Heroes: Avengers Reassembled!,MOVIE,2015,Not Rated,22,"['animation', 'comedy', 'scifi', 'action']",['US'],1.0,tt5371572,6.1,843.0,4,1,animation,US
1454,tm211510,Incarnate,MOVIE,2016,PG-13,91,"['horror', 'thriller']",['US'],1.0,tt3216348,5.2,12918.0,2,1,horror,US
1455,tm157283,Güeros,MOVIE,2015,Not Rated,106,"['drama', 'comedy']",['MX'],1.0,tt3499048,7.4,4120.0,2,1,drama,MX
1456,tm219173,Term Life,MOVIE,2016,R,93,"['thriller', 'action', 'crime', 'drama']",['US'],1.0,tt2978102,5.6,7860.0,4,1,thriller,US
1457,tm244507,The Distinguished Citizen,MOVIE,2016,Not Rated,118,"['comedy', 'drama', 'european']","['AR', 'ES']",1.0,tt4562518,7.5,11495.0,3,2,comedy,AR
1458,tm218052,Drishyam,MOVIE,2015,R,163,"['thriller', 'crime', 'drama']",['IN'],1.0,tt4430212,8.2,79075.0,3,1,thriller,IN
1459,tm214085,Tig,MOVIE,2015,Not Rated,95,['documentation'],['US'],1.0,tt3986532,7.4,2649.0,1,1,documentation,US
1460,tm229542,John Mulaney: The Comeback Kid,MOVIE,2015,PG,62,"['comedy', 'documentation']",['US'],1.0,tt5069564,7.9,8471.0,2,1,comedy,US
1461,tm335263,Kathleen Madigan: Bothering Jesus,MOVIE,2016,R,71,['comedy'],['XX'],1.0,Unknown,6.5334469051675175,2279.0,1,1,comedy,XX
1463,tm253080,Rocco,MOVIE,2016,Not Rated,105,"['documentation', 'european']",['FR'],1.0,tt5788462,5.7,3972.0,2,1,documentation,FR
1464,tm241314,Minimalism: A Documentary About the Important Things,MOVIE,2015,Not Rated,79,['documentation'],['US'],1.0,tt4685424,6.7,15656.0,1,1,documentation,US
1467,tm282915,Fate/Grand Order: First Order,MOVIE,2016,Not Rated,72,"['fantasy', 'animation']",['JP'],1.0,tt6213810,5.7,865.0,2,1,fantasy,JP
1469,tm246870,Lavender,MOVIE,2016,Not Rated,92,"['thriller', 'drama']","['CA', 'US']",1.0,tt9237490,5.3,7005.0,2,2,thriller,CA
1471,tm266844,True Memoirs of an International Assassin,MOVIE,2016,PG-13,98,"['action', 'comedy', 'crime']",['US'],1.0,tt1542768,5.9,22466.0,3,1,action,US
1473,tm238748,The Darkness,MOVIE,2016,PG-13,92,"['thriller', 'horror']",['US'],1.0,tt1878841,4.5,15848.0,2,1,thriller,US
1474,tm193125,Hot Girls Wanted,MOVIE,2015,Not Rated,84,['documentation'],['US'],1.0,tt4382552,6.1,17447.0,1,1,documentation,US
1478,tm300713,High & Low The Movie,MOVIE,2016,Not Rated,129,['action'],['JP'],1.0,tt5659172,6.6,563.0,1,1,action,JP
1483,tm229140,Anthony Jeselnik: Thoughts and Prayers,MOVIE,2015,Not Rated,59,['comedy'],['US'],1.0,Unknown,6.5334469051675175,2279.0,1,1,comedy,US
1485,tm290444,Pandora,MOVIE,2016,R,136,"['drama', 'action', 'thriller']",['KR'],1.0,tt6302160,6.6,7304.0,3,1,drama,KR
1486,tm200454,Ok Kanmani,MOVIE,2015,PG,139,"['drama', 'romance']",['IN'],1.0,tt4271820,7.5,5722.0,2,1,drama,IN
1489,tm275800,The Lighthouse of the Orcas,MOVIE,2016,Not Rated,110,"['drama', 'romance', 'european']","['AR', 'ES']",1.0,tt4944658,6.8,3844.0,3,2,drama,AR
1492,tm233561,Shaun the Sheep: The Farmer's Llamas,MOVIE,2015,Not Rated,30,"['comedy', 'animation', 'family']",['GB'],1.0,tt5174284,6.8,1364.0,3,1,comedy,GB
1493,tm232950,The Devil's Mistress,MOVIE,2016,Not Rated,111,"['romance', 'drama', 'history', 'european']","['SK', 'CZ']",1.0,tt4240406,5.8,2325.0,4,2,romance,SK
1494,tm139870,Opening Night,MOVIE,2016,Not Rated,90,"['comedy', 'thriller', 'drama', 'action', 'crime']",['US'],1.0,tt8215284,6.0,2610.0,5,1,comedy,US
1495,tm266628,LEGO Jurassic World: The Indominus Escape,MOVIE,2016,G,24,"['family', 'animation', 'comedy']",['US'],1.0,Unknown,6.5334469051675175,2279.0,3,1,family,US
1497,tm267429,"Surviving Compton: Dre, Suge and Michel'le",MOVIE,2016,Not Rated,87,"['drama', 'documentation']",['US'],1.0,tt8070856,6.6,645.0,2,1,drama,US
1501,tm233344,Kapoor & Sons,MOVIE,2016,PG-13,132,"['romance', 'comedy', 'drama', 'family']",['IN'],1.0,tt4900716,7.7,25792.0,4,1,romance,IN
1505,tm244915,Baaghi,MOVIE,2016,Not Rated,133,"['thriller', 'action', 'romance']",['IN'],1.0,tt4864932,5.3,8826.0,3,1,thriller,IN
1507,tm239947,Mercy,MOVIE,2016,Not Rated,82,"['thriller', 'drama']",['US'],1.0,tt5710042,4.1,3402.0,2,1,thriller,US
1508,tm236999,Our Lovers,MOVIE,2016,Not Rated,88,"['comedy', 'drama', 'romance', 'european']",['ES'],1.0,tt4631532,6.7,4140.0,4,1,comedy,ES
1510,tm218186,Septembers of Shiraz,MOVIE,2015,PG-13,110,"['drama', 'thriller', 'western']",['US'],1.0,tt3661298,7.9,38.0,3,1,drama,US
1511,tm242755,Ordinary World,MOVIE,2016,Not Rated,86,"['drama', 'family', 'comedy', 'music']",['US'],1.0,tt6102594,5.5,3034.0,4,1,drama,US
1513,tm193388,Dhanak,MOVIE,2015,Not Rated,106,"['drama', 'comedy']",['IN'],1.0,tt4088770,7.9,3893.0,2,1,drama,IN
1514,tm323616,The Visit,MOVIE,2015,Not Rated,130,"['comedy', 'romance', 'thriller']",[],1.0,tt15119398,6.5334469051675175,2279.0,3,0,comedy,Unknown
1515,tm242002,Jeff Foxworthy & Larry the Cable Guy: We've Been Thinking,MOVIE,2016,Not Rated,74,['comedy'],['US'],1.0,tt5571712,5.6,614.0,1,1,comedy,US
1517,tm220317,Demetri Martin: Live (At The Time),MOVIE,2015,Not Rated,61,"['comedy', 'documentation']",['US'],1.0,tt4512714,7.4,2163.0,2,1,comedy,US
1518,tm201365,Brothers,MOVIE,2015,PG-13,156,"['drama', 'action', 'sport']",['IN'],1.0,tt3802576,6.4,12886.0,3,1,drama,IN
1520,tm244638,Rebirth,MOVIE,2016,Not Rated,101,['thriller'],['US'],1.0,tt4902716,4.9,5156.0,1,1,thriller,US
1521,tm232954,Audrie & Daisy,MOVIE,2016,Not Rated,95,"['documentation', 'crime']",['US'],1.0,tt5278460,7.2,6586.0,2,1,documentation,US
1523,tm225275,Riot,MOVIE,2015,Not Rated,87,['action'],['US'],1.0,tt4642044,5.1,3332.0,1,1,action,US
1524,tm227922,Anjelah Johnson: Not Fancy,MOVIE,2015,Not Rated,63,"['comedy', 'documentation']",['US'],1.0,tt4199110,5.7,686.0,2,1,comedy,US
1527,tm272413,Colin Quinn: The New York Story,MOVIE,2016,Not Rated,62,['comedy'],['US'],1.0,tt6257714,6.8,990.0,1,1,comedy,US
1529,tm244513,Divines,MOVIE,2016,Not Rated,105,"['drama', 'crime', 'european']","['QA', 'FR']",1.0,tt4730986,7.4,9739.0,3,2,drama,QA
1530,tm234136,MindGamers,MOVIE,2015,Not Rated,97,"['thriller', 'action', 'scifi', 'european']",['AT'],1.0,tt3625516,3.6,1093.0,4,1,thriller,AT
1532,tm239762,Tony Robbins: I Am Not Your Guru,MOVIE,2016,Not Rated,115,['documentation'],['US'],1.0,tt5151716,6.7,4335.0,1,1,documentation,US
1533,tm132524,I Am Michael,MOVIE,2015,Not Rated,98,"['drama', 'romance']",['US'],1.0,tt5116866,5.6,5495.0,2,1,drama,US
1534,tm245297,Justin Timberlake + The Tennessee Kids,MOVIE,2016,Not Rated,90,"['documentation', 'music']",['US'],1.0,tt5001772,7.8,2173.0,2,1,documentation,US
1536,tm224377,Heneral Luna,MOVIE,2015,R,118,"['action', 'drama', 'history', 'war']",['PH'],1.0,tt4944352,7.4,2089.0,4,1,action,PH
1537,tm217939,Un + une,MOVIE,2015,Not Rated,115,"['comedy', 'drama', 'european', 'romance']",['FR'],1.0,tt4388506,6.2,2279.0,4,1,comedy,FR
1538,tm193211,Mucize,MOVIE,2015,PG-13,136,"['drama', 'comedy', 'romance', 'documentation', 'european']",['TR'],1.0,tt6876670,7.7,12395.0,5,1,drama,TR
1540,tm234292,The Heirs,MOVIE,2015,Not Rated,71,['drama'],['MX'],1.0,tt2903370,5.7,224.0,1,1,drama,MX
1543,tm281182,Gabriel Iglesias: I'm Sorry for What I Said When I Was Hungry,MOVIE,2016,PG-13,87,"['comedy', 'documentation']",['US'],1.0,tt6302122,7.4,2519.0,2,1,comedy,US
1544,tm242422,In the Shadow of Iris,MOVIE,2016,Not Rated,99,"['thriller', 'drama', 'crime', 'european']",['FR'],1.0,tt5598110,6.1,4256.0,4,1,thriller,FR
1545,tm245148,Jim Jefferies: Freedumb,MOVIE,2016,R,86,"['comedy', 'documentation']",['US'],1.0,tt5849950,7.7,5393.0,2,1,comedy,US
1546,tm272854,Force 2,MOVIE,2016,PG,123,"['crime', 'action', 'thriller']",['IN'],1.0,tt5156746,6.2,5501.0,3,1,crime,IN
1547,tm350159,Couple Of Days,MOVIE,2016,Not Rated,103,['drama'],['NG'],1.0,tt9741588,6.4,21.0,1,1,drama,NG
1548,tm224275,3000 Nights,MOVIE,2015,Not Rated,103,['drama'],"['QA', 'PS', 'AE', 'FR', 'JO', 'LB']",1.0,tt5342778,7.1,676.0,1,6,drama,QA
1549,tm195764,6 Years,MOVIE,2015,Not Rated,84,"['romance', 'drama']",['US'],1.0,tt3984280,5.6,12441.0,2,1,romance,US
1550,tm211478,Tamasha,MOVIE,2015,PG,139,"['drama', 'comedy', 'romance']",['IN'],1.0,tt3148502,7.4,26790.0,3,1,drama,IN
1551,tm195870,Manson Family Vacation,MOVIE,2015,Not Rated,85,"['drama', 'comedy', 'thriller']",['US'],1.0,tt4154218,5.8,2965.0,3,1,drama,US
1552,tm246056,Garfunkel and Oates: Trying to be Special,MOVIE,2016,Not Rated,62,"['comedy', 'music']",['US'],1.0,tt5602318,7.3,899.0,2,1,comedy,US
1554,tm240895,Strange Weather,MOVIE,2016,R,95,['drama'],['US'],1.0,tt5205210,6.0,1499.0,1,1,drama,US
1555,tm246579,Rainbow Time,MOVIE,2016,Not Rated,91,"['drama', 'comedy']",['US'],1.0,tt5167174,5.9,710.0,2,1,drama,US
1556,tm243849,Extremis,MOVIE,2016,Not Rated,24,['documentation'],['US'],1.0,Unknown,6.5334469051675175,2279.0,1,1,documentation,US
1557,tm211461,Much Loved,MOVIE,2015,Not Rated,108,"['drama', 'european']","['MA', 'FR']",1.0,tt4685750,6.2,2722.0,2,2,drama,MA
1559,tm239290,Always Be My Maybe,MOVIE,2016,Not Rated,112,"['comedy', 'romance']",['PH'],1.0,tt5341036,6.7,372.0,2,1,comedy,PH
1561,tm233157,The Guardian Brothers,MOVIE,2016,PG,103,"['animation', 'family', 'fantasy', 'comedy']",['CN'],1.0,tt4788934,5.4,2100.0,4,1,animation,CN
1562,tm230524,"Chatô, The King of Brazil",MOVIE,2015,Not Rated,100,"['comedy', 'drama']",['BR'],1.0,tt0337926,5.4,18.0,2,1,comedy,BR
1563,tm238829,Open Season: Scared Silly,MOVIE,2015,PG,85,['animation'],"['US', 'CA']",1.0,Unknown,6.5334469051675175,2279.0,1,2,animation,US
1566,tm242687,Riphagen the Untouchable,MOVIE,2016,Not Rated,132,"['thriller', 'war', 'drama', 'european']",['NL'],1.0,tt4969044,7.1,7701.0,4,1,thriller,NL
1567,tm246175,The 101-Year-Old Man Who Skipped Out on the Bill and Disappeared,MOVIE,2016,Not Rated,108,"['comedy', 'crime', 'european']",['SE'],1.0,tt4940370,6.3,5976.0,3,1,comedy,SE
1571,tm240162,Udta Punjab,MOVIE,2016,R,148,"['crime', 'action', 'drama']",['IN'],1.0,tt4434004,7.8,29819.0,3,1,crime,IN
1573,tm242646,Toro,MOVIE,2016,R,105,"['thriller', 'action', 'crime', 'drama', 'european']","['ES', 'FR']",1.0,tt4213806,5.9,3209.0,5,2,thriller,ES
1574,tm225675,Jeff Dunham: Unhinged in Hollywood,MOVIE,2015,PG,60,['comedy'],['US'],1.0,tt5038776,6.7,713.0,1,1,comedy,US
1575,tm233023,Tom Segura: Mostly Stories,MOVIE,2016,Not Rated,73,"['comedy', 'documentation']",['US'],1.0,tt4970632,7.5,3508.0,2,1,comedy,US
1576,tm197503,Hunterrr,MOVIE,2015,R,141,"['romance', 'drama', 'comedy']",['IN'],1.0,tt4333674,7.0,6199.0,3,1,romance,IN
1578,tm220473,Colin Quinn: Unconstitutional,MOVIE,2015,Not Rated,55,['comedy'],['US'],1.0,tt4392266,7.0,465.0,1,1,comedy,US
1579,tm225693,Keith Richards: Under the Influence,MOVIE,2015,PG,82,"['music', 'documentation']",['US'],1.0,tt4900018,7.1,3357.0,2,1,music,US
1583,tm199987,Ralphie May: Unruly,MOVIE,2015,Not Rated,83,['comedy'],['US'],1.0,Unknown,6.5334469051675175,2279.0,1,1,comedy,US
1585,tm241998,Mohenjo Daro,MOVIE,2016,Not Rated,155,"['romance', 'drama', 'history', 'action']",['IN'],1.0,tt3859980,5.6,11595.0,4,1,romance,IN
1586,tm421855,4K Fireplace,MOVIE,2015,G,181,"['family', 'reality']",['US'],1.0,tt5275236,7.7,48.0,2,1,family,US
1587,tm231314,Zip & Zap and the Captain's Island,MOVIE,2016,Not Rated,105,"['comedy', 'scifi', 'family', 'fantasy', 'european']",['ES'],1.0,tt4110400,5.8,605.0,5,1,comedy,ES
1590,tm227029,Smoke & Mirrors,MOVIE,2016,R,123,"['thriller', 'european']",['ES'],1.0,tt1713440,6.9,7900.0,2,1,thriller,ES
1593,tm244559,I Called Him Morgan,MOVIE,2016,Not Rated,91,"['music', 'documentation', 'history', 'drama', 'european']","['SE', 'US']",1.0,tt4170344,7.3,1785.0,5,2,music,SE
1594,tm245102,The Next Skin,MOVIE,2016,Not Rated,100,"['thriller', 'drama', 'european']",['ES'],1.0,tt5139326,6.2,1820.0,3,1,thriller,ES
1596,tm201906,Belgica,MOVIE,2016,Not Rated,127,"['drama', 'european']","['FR', 'BE']",1.0,tt3544218,6.7,4478.0,2,2,drama,FR
1597,tm248010,Taxi Driver,MOVIE,2015,Not Rated,100,"['crime', 'drama', 'comedy']",['NG'],1.0,tt5112438,6.0,68.0,3,1,crime,NG
1598,tm239774,XOXO,MOVIE,2016,Not Rated,92,"['music', 'drama']",['US'],1.0,tt4855748,5.3,6981.0,2,1,music,US
1599,tm252245,The White Helmets,MOVIE,2016,Not Rated,40,"['war', 'documentation']","['SY', 'GB']",1.0,Unknown,6.5334469051675175,2279.0,2,2,war,SY
1601,tm245235,Ali Wong: Baby Cobra,MOVIE,2016,Not Rated,60,['comedy'],['US'],1.0,tt5066574,7.5,6925.0,1,1,comedy,US
1603,tm232832,The Lion Woman,MOVIE,2016,PG-13,126,"['drama', 'european']","['NO', 'SE']",1.0,tt4677578,6.6,1408.0,2,2,drama,NO
1604,tm227042,Prem Ratan Dhan Payo,MOVIE,2015,Not Rated,164,"['action', 'drama', 'family', 'romance']",['IN'],1.0,tt5242900,4.4,21487.0,4,1,action,IN
1605,tm243931,The Beginning of Life,MOVIE,2016,G,98,"['documentation', 'family']",['BR'],1.0,tt5140248,7.6,934.0,2,1,documentation,BR
1606,tm233843,Pyaar Ka Punchnama 2,MOVIE,2015,PG-13,159,"['comedy', 'drama', 'romance']",['IN'],1.0,tt4430136,7.3,14968.0,3,1,comedy,IN
1609,tm215054,Chris Tucker: Live,MOVIE,2015,Not Rated,92,"['comedy', 'documentation']",['US'],1.0,tt4835636,6.3,1936.0,2,1,comedy,US
1610,tm247644,Schubert in Love,MOVIE,2016,Not Rated,95,"['comedy', 'european']",['DE'],1.0,tt5186874,5.0,356.0,2,1,comedy,DE
1613,tm526163,Dinosaur World,MOVIE,2015,Not Rated,65,"['animation', 'comedy', 'drama']",['IN'],1.0,tt6536576,6.5334469051675175,2279.0,3,1,animation,IN
1614,tm239739,Raman Raghav 2.0,MOVIE,2016,Not Rated,134,"['thriller', 'crime', 'drama']",['IN'],1.0,tt5662932,7.4,14380.0,3,1,thriller,IN
1621,tm311494,Slam,MOVIE,2016,Not Rated,100,"['comedy', 'romance', 'drama', 'european']",['IT'],1.0,tt4379536,6.1,1308.0,4,1,comedy,IT
1622,tm221883,Gridlocked,MOVIE,2016,R,114,['action'],['CA'],1.0,tt2724532,5.8,4570.0,1,1,action,CA
1623,tm233196,Jessica Darling's It List,MOVIE,2016,Not Rated,79,['family'],['US'],1.0,tt5213744,5.5,973.0,1,1,family,US
1625,tm376111,Chocolate City: Vegas Strip,MOVIE,2016,PG-13,89,['drama'],['US'],1.0,tt5485482,3.7,297.0,1,1,drama,US
1626,tm246543,Journey to Greenland,MOVIE,2016,Not Rated,98,"['drama', 'comedy', 'european']","['GL', 'FR']",1.0,tt4641248,6.3,1336.0,3,2,drama,GL
1627,tm227523,Fifty,MOVIE,2015,Not Rated,101,"['romance', 'drama', 'sport', 'thriller']",['NG'],1.0,tt7440582,6.1,259.0,4,1,romance,NG
1628,tm321189,All About Asado,MOVIE,2016,Not Rated,90,['documentation'],['AR'],1.0,tt6079360,6.5,566.0,1,1,documentation,AR
1629,tm219699,Phantom,MOVIE,2015,Not Rated,136,"['thriller', 'action', 'drama', 'horror', 'crime', 'european']",['IN'],1.0,tt3469244,5.9,9145.0,6,1,thriller,IN
1630,tm270555,The Ivory Game,MOVIE,2016,Not Rated,112,"['documentation', 'european']","['US', 'AT']",1.0,tt5952534,7.9,3243.0,2,2,documentation,US
1631,tm316567,HiGH&LOW: The Red Rain,MOVIE,2016,Not Rated,110,"['action', 'drama']",['JP'],1.0,tt5923040,6.2,277.0,2,1,action,JP
1632,tm321785,Lens,MOVIE,2016,Not Rated,109,"['thriller', 'drama']",['IN'],1.0,tt4818776,6.6,1212.0,2,1,thriller,IN
1633,tm283938,Selfie 69,MOVIE,2016,Not Rated,116,"['romance', 'comedy', 'action', 'european']",['RO'],1.0,tt4796634,6.1,1700.0,4,1,romance,RO
1634,tm228839,Ali Baba and the 7 Dwarfs,MOVIE,2015,PG-13,114,"['comedy', 'action', 'drama']",['TR'],1.0,tt6450052,5.8,19834.0,3,1,comedy,TR
1635,tm272012,Ghost Patrol,MOVIE,2016,Not Rated,50,['animation'],['CA'],1.0,tt6111628,5.1,221.0,1,1,animation,CA
1636,tm219817,Talvar,MOVIE,2015,PG,132,"['thriller', 'crime', 'drama']",['IN'],1.0,tt4934950,8.1,34659.0,3,1,thriller,IN
1637,tm230426,"Liar, Liar, Vampire",MOVIE,2015,G,66,"['comedy', 'family']",['US'],1.0,tt4448304,5.8,940.0,2,1,comedy,US
1638,tm239769,I'll Sleep When I'm Dead,MOVIE,2016,Not Rated,82,['documentation'],['US'],1.0,tt4679136,6.6,1358.0,1,1,documentation,US
1639,tm208628,Dil Dhadakne Do,MOVIE,2015,PG-13,170,"['drama', 'comedy', 'romance']",['IN'],1.0,tt4110568,7.0,17149.0,3,1,drama,IN
1640,tm66466,Wazir,MOVIE,2016,PG-13,103,"['thriller', 'crime', 'action', 'drama']",['IN'],1.0,tt0315642,7.2,18681.0,4,1,thriller,IN
1641,tm228657,Cosmos Laundromat,MOVIE,2015,Not Rated,12,['fantasy'],['NL'],1.0,Unknown,6.5334469051675175,2279.0,1,1,fantasy,NL
1642,tm245155,The Worthy,MOVIE,2016,Not Rated,95,"['scifi', 'thriller', 'family', 'fantasy', 'action', 'european']",['AE'],1.0,tt4943218,5.1,1981.0,6,1,scifi,AE
1643,tm232930,Kyaa Kool Hain Hum 3,MOVIE,2016,Not Rated,124,['comedy'],['IN'],1.0,tt5290620,1.9,4341.0,1,1,comedy,IN
1644,tm245722,Chronically Metropolitan,MOVIE,2016,Not Rated,86,"['drama', 'comedy']",['US'],1.0,tt5078796,5.0,1503.0,2,1,drama,US
1645,tm245911,1898: Our Last Men in the Philippines,MOVIE,2016,PG-13,130,"['drama', 'history', 'war', 'european']",['ES'],1.0,tt5698568,6.5,3281.0,4,1,drama,ES
1646,tm244079,Sofía Niño de Rivera: Exposed,MOVIE,2016,Not Rated,80,['comedy'],['MX'],1.0,tt5886430,7.3,299.0,1,1,comedy,MX
1647,tm266629,Russell Peters: Almost Famous,MOVIE,2016,Not Rated,73,['comedy'],['US'],1.0,tt5946232,6.5,1882.0,1,1,comedy,US
1649,tm215911,Ludo,MOVIE,2015,Not Rated,90,"['horror', 'thriller', 'fantasy']",['IN'],1.0,tt3724898,2.8,825.0,3,1,horror,IN
1650,tm232855,Everything About Her,MOVIE,2016,Not Rated,126,"['comedy', 'drama']",['PH'],1.0,tt3860092,7.1,328.0,2,1,comedy,PH
1651,tm257629,#FollowFriday,MOVIE,2016,Not Rated,90,['thriller'],['US'],1.0,tt5233106,2.7,382.0,1,1,thriller,US
1652,tm234773,Eddie: Strongman,MOVIE,2015,Not Rated,98,['documentation'],['GB'],1.0,tt4334636,7.4,1158.0,1,1,documentation,GB
1653,tm208713,Gabbar Is Back,MOVIE,2015,PG-13,130,"['drama', 'action', 'crime', 'comedy']",['IN'],1.0,tt2424988,7.2,24676.0,4,1,drama,IN
1654,tm218683,The Massively Mixed-Up Middle School Mystery,MOVIE,2015,Not Rated,39,['comedy'],['XX'],1.0,tt3521770,7.3,78.0,1,1,comedy,XX
1655,tm234466,Jonah,MOVIE,2016,PG,97,"['thriller', 'drama', 'romance', 'family']",['BR'],1.0,tt4789272,5.4,230.0,4,1,thriller,BR
1657,tm340927,Motu Patlu: King Of Kings,MOVIE,2016,G,109,"['animation', 'comedy']",['IN'],1.0,tt6278732,6.8,157.0,2,1,animation,IN
1658,tm311456,Sen Benim HerŞeyimsin,MOVIE,2016,Not Rated,107,['comedy'],['TR'],1.0,tt5748380,6.2,2667.0,1,1,comedy,TR
1659,tm238717,Barakah Meets Barakah,MOVIE,2016,Not Rated,88,"['romance', 'comedy']",['SA'],1.0,tt5435084,6.3,1681.0,2,1,romance,SA
1661,tm233015,Fitoor,MOVIE,2016,Not Rated,131,"['drama', 'romance']",['IN'],1.0,tt4399594,5.4,4787.0,2,1,drama,IN
1662,tm211273,Jen Kirkman: I'm Gonna Die Alone (And I Feel Fine),MOVIE,2015,Not Rated,78,['comedy'],['US'],1.0,tt4705606,6.8,1506.0,1,1,comedy,US
1663,tm230927,Puerto Ricans in Paris,MOVIE,2015,R,82,['comedy'],['US'],1.0,tt3730510,5.3,1824.0,1,1,comedy,US
1664,tm273933,Reggie Watts: Spatial,MOVIE,2016,Not Rated,61,"['comedy', 'music']",['US'],1.0,tt5861260,6.0,503.0,2,1,comedy,US
1665,tm245293,You Are My Sunday,MOVIE,2016,Not Rated,119,"['drama', 'comedy']",['IN'],1.0,tt4990516,7.8,1649.0,2,1,drama,IN
1666,tm270982,Layla M.,MOVIE,2016,Not Rated,98,"['drama', 'european']",['NL'],1.0,tt5712152,6.7,1692.0,2,1,drama,NL
1668,tm274053,Asperger's Are Us,MOVIE,2016,Not Rated,83,"['documentation', 'comedy', 'drama']",['US'],1.0,tt4991844,6.6,737.0,3,1,documentation,US
1669,tm137557,Honeytrap,MOVIE,2015,Not Rated,93,"['drama', 'crime', 'romance']",['GB'],1.0,tt4187514,5.9,758.0,3,1,drama,GB
1670,tm315345,City of Joy,MOVIE,2016,Not Rated,74,"['documentation', 'crime', 'drama', 'thriller', 'war']",['CD'],1.0,tt6290168,7.5,525.0,5,1,documentation,CD
1671,tm207668,ABCD 2,MOVIE,2015,PG,154,"['music', 'drama']",['IN'],1.0,tt3679000,5.4,6258.0,2,1,music,IN
1672,tm193378,Iliza Shlesinger: Freezing Hot,MOVIE,2015,Not Rated,71,"['comedy', 'documentation']",['US'],1.0,tt4074376,6.8,2572.0,2,1,comedy,US
1674,tm275726,Carlos Ballarta: el amor es de putos,MOVIE,2016,Not Rated,67,['comedy'],['MX'],1.0,tt6268852,7.0,232.0,1,1,comedy,MX
1675,tm307997,Offline: Are You Ready for the Next Level?,MOVIE,2016,Not Rated,91,"['action', 'comedy', 'european']",['DE'],1.0,tt5351044,5.0,775.0,3,1,action,DE
1677,tm149212,Olmo and the Seagull,MOVIE,2015,Not Rated,90,"['drama', 'european', 'romance', 'family', 'documentation']","['FR', 'PT', 'SE', 'DK', 'BR']",1.0,tt4160256,7.2,674.0,5,5,drama,FR
1678,tm239933,7:19,MOVIE,2016,Not Rated,94,"['thriller', 'drama', 'history']",['MX'],1.0,tt5979312,5.9,644.0,3,1,thriller,MX
1679,tm327551,Born in Syria,MOVIE,2016,Not Rated,86,"['documentation', 'european']","['ES', 'DK']",1.0,tt5356680,7.7,279.0,2,2,documentation,ES
1680,tm233366,Te3n,MOVIE,2016,PG-13,136,"['thriller', 'drama']",['IN'],1.0,tt4814290,7.3,12816.0,2,1,thriller,IN
1682,tm263743,The Doll,MOVIE,2016,Not Rated,106,"['thriller', 'horror']",['ID'],1.0,tt6011480,5.2,738.0,2,1,thriller,ID
1683,tm494288,Brother Jekwu,MOVIE,2016,Not Rated,103,"['comedy', 'crime']",['NG'],1.0,tt8857316,6.5334469051675175,2279.0,2,1,comedy,NG
1684,tm247631,Clair Obscur,MOVIE,2016,Not Rated,100,"['drama', 'european']",['TR'],1.0,tt4373956,6.5,2374.0,2,1,drama,TR
1685,tm271974,Pettson and Findus: The Best Christmas Ever,MOVIE,2016,Not Rated,82,"['family', 'animation', 'comedy', 'fantasy', 'european']",['DE'],1.0,tt5858122,5.5,353.0,5,1,family,DE
1686,tm246485,U Turn,MOVIE,2016,R,120,"['horror', 'thriller', 'crime', 'drama']",['IN'],1.0,tt6684398,7.5,3310.0,4,1,horror,IN
1688,tm267017,I Love You,MOVIE,2016,Not Rated,98,"['drama', 'comedy', 'romance', 'european']",['SE'],1.0,tt5183654,4.7,983.0,4,1,drama,SE
1689,tm244842,Ordinary People,MOVIE,2016,Not Rated,107,['drama'],['PH'],1.0,tt5891626,7.3,498.0,1,1,drama,PH
1690,tm247444,Poshter Girl,MOVIE,2016,PG-13,140,['comedy'],['IN'],1.0,tt5323386,6.6,328.0,1,1,comedy,IN
1692,tm227044,Shaandaar,MOVIE,2015,PG-13,144,"['romance', 'drama', 'comedy']",['IN'],1.0,tt4007558,3.6,5612.0,3,1,romance,IN
1695,tm138584,Hawaizaada,MOVIE,2015,PG,157,"['fantasy', 'drama']",['IN'],1.0,tt4338154,5.6,1910.0,2,1,fantasy,IN
1697,tm224255,Very Big Shot,MOVIE,2015,R,107,"['thriller', 'action', 'crime', 'drama']","['LB', 'QA']",1.0,tt4971824,7.1,1395.0,4,2,thriller,LB
1698,tm267419,Joe Rogan: Triggered,MOVIE,2016,Not Rated,63,"['comedy', 'documentation']",['US'],1.0,tt6023444,7.4,4447.0,2,1,comedy,US
1699,tm155382,X: Past Is Present,MOVIE,2015,PG-13,105,"['drama', 'thriller', 'romance']",['IN'],1.0,tt5207116,5.1,699.0,3,1,drama,IN
1700,tm239764,David Cross: Making America Great Again,MOVIE,2016,Not Rated,74,['comedy'],['US'],1.0,tt5943936,6.4,1647.0,1,1,comedy,US
1701,tm240733,100 Meters,MOVIE,2016,Not Rated,108,"['drama', 'comedy', 'european']",['ES'],1.0,tt5089786,7.5,6167.0,3,1,drama,ES
1702,tm266622,Iliza Shlesinger: Confirmed Kills,MOVIE,2016,Not Rated,77,['comedy'],['US'],1.0,tt6081882,6.6,2865.0,1,1,comedy,US
1703,tm244758,Breaking the Bank,MOVIE,2016,Not Rated,106,['comedy'],['GB'],1.0,tt3105662,4.8,928.0,1,1,comedy,GB
1704,tm232931,Hannibal Buress: Comedy Camisado,MOVIE,2016,R,67,['comedy'],['US'],1.0,tt5352432,6.6,1517.0,1,1,comedy,US
1706,tm217986,Bangistan,MOVIE,2015,PG-13,135,"['comedy', 'drama']",['IN'],1.0,tt3422462,4.5,1273.0,2,1,comedy,IN
1707,tm451222,Lang Tong,MOVIE,2015,Not Rated,83,['thriller'],['SG'],1.0,tt6423578,4.8,307.0,1,1,thriller,SG
1708,tm233648,"Trailer Park Boys: Drunk, High and Unemployed: Live In Austin",MOVIE,2015,Not Rated,74,['comedy'],['XX'],1.0,tt5087462,6.5,1036.0,1,1,comedy,XX
1709,tm247767,Kiss of Life,MOVIE,2015,G,102,"['comedy', 'romance', 'drama']",['TR'],1.0,tt5348954,5.9,1248.0,3,1,comedy,TR
1711,tm375681,S Storm,MOVIE,2016,PG-13,90,"['action', 'thriller', 'crime', 'drama']","['CN', 'HK']",1.0,tt5998744,5.2,697.0,4,2,action,CN
1712,tm452046,Hans Teeuwen: Echte Rancune,MOVIE,2016,Not Rated,103,['comedy'],['NL'],1.0,Unknown,6.5334469051675175,2279.0,1,1,comedy,NL
1713,tm238486,Theo Von: No Offense,MOVIE,2016,Not Rated,65,"['comedy', 'documentation']",['US'],1.0,tt5066564,5.6,864.0,2,1,comedy,US
1715,tm232267,Mike Epps: Don't Take It Personal,MOVIE,2015,Not Rated,60,['comedy'],['US'],1.0,tt5339586,4.4,274.0,1,1,comedy,US
1716,tm203056,Husband Factor,MOVIE,2015,PG-13,108,"['comedy', 'fantasy', 'romance', 'drama']",['TR'],1.0,tt4899096,6.2,5031.0,4,1,comedy,TR
1717,tm272484,Michael Che Matters,MOVIE,2016,Not Rated,60,['comedy'],['US'],1.0,tt6209400,7.2,2586.0,1,1,comedy,US
1720,tm198496,Aziz Ansari: Live at Madison Square Garden,MOVIE,2015,Not Rated,58,['comedy'],['US'],1.0,tt4530184,6.6,3247.0,1,1,comedy,US
1722,tm201855,Katti Batti,MOVIE,2015,Not Rated,138,"['romance', 'comedy', 'drama']",['IN'],1.0,tt4467262,4.7,3137.0,3,1,romance,IN
1723,tm215265,Ave Maria,MOVIE,2015,Not Rated,15,['comedy'],"['FR', 'DE', 'PS']",1.0,Unknown,6.5334469051675175,2279.0,1,3,comedy,FR
1724,tm240728,Patton Oswalt: Talking for Clapping,MOVIE,2016,Not Rated,65,"['comedy', 'documentation']",['US'],1.0,tt5457520,6.8,1971.0,2,1,comedy,US
1725,tm233463,Husband Factor: Resurrection,MOVIE,2016,PG,108,"['comedy', 'family', 'romance', 'drama', 'fantasy']",['TR'],1.0,tt5838944,5.4,297.0,5,1,comedy,TR
1726,tm290157,XV Beyond the Tryline,MOVIE,2016,Not Rated,91,"['documentation', 'sport']",['GB'],1.0,tt5254198,6.8,75.0,2,1,documentation,GB
1730,tm271839,"Dana Carvey: Straight White Male, 60",MOVIE,2016,Not Rated,64,['comedy'],['US'],1.0,tt6217368,6.4,1483.0,1,1,comedy,US
1731,tm232710,A Second Chance,MOVIE,2015,Not Rated,130,"['romance', 'drama', 'family', 'sport', 'documentation']",['PH'],1.0,tt5226380,8.6,47.0,5,1,romance,PH
1732,tm234703,Soul Thieves,MOVIE,2015,Not Rated,88,['horror'],['MX'],1.0,tt4990706,5.0,275.0,1,1,horror,MX
1733,tm134052,Umrika,MOVIE,2015,Not Rated,98,"['drama', 'comedy']",['IN'],1.0,tt3995590,6.6,1463.0,2,1,drama,IN
1734,tm234069,Wedding Association 2: Circumcision,MOVIE,2015,PG-13,107,['comedy'],['TR'],1.0,tt5114588,6.4,10261.0,1,1,comedy,TR
1737,tm278279,One in a Billion,MOVIE,2016,Not Rated,69,['documentation'],['US'],1.0,tt6045798,6.7,543.0,1,1,documentation,US
1738,tm212968,Frank and Cindy,MOVIE,2015,Not Rated,102,"['comedy', 'drama']",['US'],1.0,tt1239242,6.1,855.0,2,1,comedy,US
1740,tm211571,Niyazi Gül Dörtnala,MOVIE,2015,PG,106,"['comedy', 'drama', 'action']",['TR'],1.0,tt4505260,4.5,3170.0,3,1,comedy,TR
1741,tm230478,Brent Morin: I'm Brent Morin,MOVIE,2015,Not Rated,67,['comedy'],['US'],1.0,tt5280664,6.5,688.0,1,1,comedy,US
1742,tm244923,My Mother's Wound,MOVIE,2016,PG-13,120,"['drama', 'war']",['TR'],1.0,tt5684860,7.3,3620.0,2,1,drama,TR
1743,tm350374,Saawan,MOVIE,2016,Not Rated,90,"['drama', 'thriller']",['PK'],1.0,tt5580778,7.4,239.0,2,1,drama,PK
1744,tm233570,Beauty and the Bestie,MOVIE,2015,Not Rated,119,"['comedy', 'drama', 'action']",['PH'],1.0,tt4842270,4.8,294.0,3,1,comedy,PH
1745,tm554110,The CEO,MOVIE,2016,PG-13,105,"['drama', 'thriller']",['NG'],1.0,tt5036924,5.7,121.0,2,1,drama,NG
1746,tm533845,Sam Kinison: The Scream Continues,MOVIE,2016,Not Rated,29,['documentation'],['US'],1.0,tt6069058,6.1,39.0,1,1,documentation,US
1748,tm242906,Sila Samayangalil,MOVIE,2016,Not Rated,101,['drama'],['IN'],1.0,tt5877882,5.5,30.0,1,1,drama,IN
1751,tm236705,Ricardo O'Farrill: Abrazo Genial,MOVIE,2016,Not Rated,92,['comedy'],['MX'],1.0,tt5547496,5.5,113.0,1,1,comedy,MX
1752,tm232947,Brahman Naman,MOVIE,2016,Not Rated,94,['comedy'],"['GB', 'IN']",1.0,tt5240748,5.5,1884.0,1,2,comedy,GB
1753,tm233121,Dedemin Fişi,MOVIE,2016,PG,100,"['comedy', 'family']",['TR'],1.0,tt5191238,5.5,3524.0,2,1,comedy,TR
1754,tm245791,My Stupid Boss,MOVIE,2016,Not Rated,106,"['comedy', 'drama']",['ID'],1.0,tt5514296,7.2,1511.0,2,1,comedy,ID
1755,tm244577,Love O2O,MOVIE,2016,Not Rated,105,"['romance', 'drama']",['CN'],1.0,tt6093452,6.4,998.0,2,1,romance,CN
1756,tm409220,Ojukokoro (Greed),MOVIE,2016,Not Rated,110,"['comedy', 'thriller', 'crime']",['NG'],1.0,tt6660922,6.7,62.0,3,1,comedy,NG
1757,tm549892,Aerials,MOVIE,2016,Not Rated,90,"['drama', 'scifi', 'thriller']",['AE'],1.0,tt5314138,1.5,382.0,3,1,drama,AE
1759,tm239635,Jimmy Carr: Funny Business,MOVIE,2016,Not Rated,62,[],['GB'],1.0,Unknown,6.5334469051675175,2279.0,0,1,Unknown,GB
1760,tm319354,Santa Pac's Merry Berry Day,MOVIE,2016,Not Rated,44,"['action', 'animation', 'comedy']","['JP', 'US', 'CA']",1.0,Unknown,6.5334469051675175,2279.0,3,3,action,JP
1762,tm257141,Cedric the Entertainer: Live from the Ville,MOVIE,2016,Not Rated,60,['comedy'],['US'],1.0,tt5753806,6.0,681.0,1,1,comedy,US
1763,tm244635,The Blind Christ,MOVIE,2016,Not Rated,95,['drama'],"['CL', 'FR']",1.0,tt4778424,5.8,273.0,1,2,drama,CL
1764,tm456667,Black,MOVIE,2015,Not Rated,90,['action'],[],1.0,tt7254796,4.4,74.0,1,0,action,Unknown
1765,tm198842,Souk Bazaar,MOVIE,2015,PG,97,['comedy'],['TR'],1.0,tt4324242,5.2,1891.0,1,1,comedy,TR
1766,tm211424,Dharam Sankat Mein,MOVIE,2015,PG-13,129,"['comedy', 'drama']",['IN'],1.0,tt4354740,6.3,2237.0,2,1,comedy,IN
1767,tm421214,Saudi Arabia Uncovered,MOVIE,2016,Not Rated,51,['documentation'],['SA'],1.0,Unknown,6.5334469051675175,2279.0,1,1,documentation,SA
1768,tm286268,#Rucker50,MOVIE,2016,Not Rated,56,['documentation'],['US'],1.0,tt6475636,5.2,117.0,1,1,documentation,US
1769,tm313374,The Tour,MOVIE,2016,Not Rated,93,"['comedy', 'european']",['CZ'],1.0,Unknown,6.5334469051675175,2279.0,2,1,comedy,CZ
1770,tm244380,Barcelona: A Love Untold,MOVIE,2016,Not Rated,132,"['drama', 'romance']",['PH'],1.0,tt5755912,6.9,749.0,2,1,drama,PH
1771,tm540757,Project Marathwada,MOVIE,2016,Not Rated,110,['drama'],['IN'],1.0,tt5714802,6.6,88.0,1,1,drama,IN
1772,tm267112,Gang of the Caribbean,MOVIE,2016,Not Rated,90,"['thriller', 'european']",['FR'],1.0,tt2174084,5.1,294.0,2,1,thriller,FR
1773,tm245042,Budhia Singh: Born to Run,MOVIE,2016,Not Rated,112,"['drama', 'sport']",['IN'],1.0,tt5805252,7.6,1479.0,2,1,drama,IN
1774,tm198786,Crazy Beautiful You,MOVIE,2015,Not Rated,115,"['romance', 'drama', 'comedy']",['PH'],1.0,tt4377918,7.2,828.0,3,1,romance,PH
1775,tm226320,Kara Bela,MOVIE,2015,PG-13,100,"['comedy', 'action', 'drama']",['TR'],1.0,tt5274684,6.8,8920.0,3,1,comedy,TR
1776,tm424879,Road To High & Low,MOVIE,2016,Not Rated,95,"['action', 'drama']",['JP'],1.0,tt5659164,6.7,177.0,2,1,action,JP
1778,tm214589,The Breakup Playlist,MOVIE,2015,Not Rated,117,"['drama', 'music', 'romance']",['PH'],1.0,tt4628812,6.5,303.0,3,1,drama,PH
1780,tm279828,Vince & Kath & James,MOVIE,2016,Not Rated,116,['romance'],['PH'],1.0,tt6271264,6.9,371.0,1,1,romance,PH
1781,tm571645,Sommore: The Reign Continues,MOVIE,2015,R,93,['comedy'],['US'],1.0,tt4172758,6.9,76.0,1,1,comedy,US
1782,tm247159,The Last Egg,MOVIE,2016,Not Rated,95,"['romance', 'drama', 'comedy']",['VN'],1.0,tt5357902,4.8,98.0,3,1,romance,VN
1783,tm295349,Ricardo O'Farrill: abrazo navideño,MOVIE,2016,Not Rated,31,['comedy'],['MX'],1.0,tt6475778,5.7,67.0,1,1,comedy,MX
1784,tm205333,You're My Boss,MOVIE,2015,Not Rated,116,"['comedy', 'romance']",['PH'],1.0,tt4489160,6.3,272.0,2,1,comedy,PH
1785,tm231911,Everyday I Love You,MOVIE,2015,Not Rated,122,"['romance', 'drama']",['PH'],1.0,tt4944460,7.1,491.0,2,1,romance,PH
1786,tm139590,Triumph in the Skies,MOVIE,2015,Not Rated,100,"['comedy', 'drama']",['HK'],1.0,tt1929433,4.3,368.0,2,1,comedy,HK
1787,tm283909,The Super Parental Guardians,MOVIE,2016,Not Rated,115,['comedy'],['PH'],1.0,tt6271110,4.5,204.0,1,1,comedy,PH
1788,tm407961,Gbomo Gbomo Express,MOVIE,2015,Not Rated,97,"['drama', 'crime']",['NG'],1.0,tt4527090,5.0,50.0,2,1,drama,NG
1789,tm207734,Chris D'Elia: Incorrigible,MOVIE,2015,R,83,"['comedy', 'documentation']",['US'],1.0,tt4624852,6.4,1535.0,2,1,comedy,US
1790,tm247396,Virunga: Gorillas in Peril,MOVIE,2015,Not Rated,28,['documentation'],['US'],1.0,tt4677816,6.6,32.0,1,1,documentation,US
1791,tm811691,Thomas & Friends: Full Steam To The Rescue!,MOVIE,2016,Not Rated,93,['family'],['GB'],1.0,Unknown,6.5334469051675175,2279.0,1,1,family,GB
1792,tm242745,Cristina,MOVIE,2016,Not Rated,39,"['drama', 'documentation']",['US'],1.0,Unknown,6.5334469051675175,2279.0,2,1,drama,US
1793,tm225416,Janoskians: Untold and Untrue,MOVIE,2015,Not Rated,88,['comedy'],['US'],1.0,tt4841640,3.7,160.0,1,1,comedy,US
1794,tm282988,Dieter Nuhr: Nuhr in Berlin,MOVIE,2016,Not Rated,68,"['comedy', 'european']",['DE'],1.0,tt6959666,4.8,67.0,2,1,comedy,DE
1795,tm246810,Santa Banta Pvt Ltd,MOVIE,2016,Not Rated,112,"['comedy', 'crime', 'drama']",['IN'],1.0,tt2909396,2.7,282.0,3,1,comedy,IN
1797,tm252609,76,MOVIE,2016,PG-13,118,"['romance', 'drama']",['NG'],1.0,tt2385126,5.6,220.0,2,1,romance,NG
1799,tm528287,Chhota Bheem in African Safari,MOVIE,2015,Not Rated,62,['animation'],[],1.0,tt6418390,6.5,12.0,1,0,animation,Unknown
1800,tm562821,Grandmother's Farm Part 2,MOVIE,2015,Not Rated,80,"['comedy', 'horror', 'thriller']",['AE'],1.0,tt4658908,5.3,59.0,3,1,comedy,AE
1801,tm244041,Jandino: Whatever it Takes,MOVIE,2016,Not Rated,94,['comedy'],"['GB', 'NL']",1.0,tt6999080,4.5,30.0,1,2,comedy,GB
1802,tm272666,The Unmarried Wife,MOVIE,2016,Not Rated,130,"['romance', 'drama']",['PH'],1.0,tt5755796,5.8,188.0,2,1,romance,PH
1803,tm219739,The Love Affair,MOVIE,2015,Not Rated,125,"['romance', 'drama']",['PH'],1.0,tt4202506,6.2,256.0,2,1,romance,PH
1804,tm860487,Pac’s Scary Halloween,MOVIE,2016,Not Rated,44,"['fantasy', 'horror']",['US'],1.0,Unknown,6.5334469051675175,2279.0,2,1,fantasy,US
1805,tm1063792,Unknown_tm1063792,MOVIE,2015,Not Rated,11,[],[],1.0,tt4661188,6.5334469051675175,2279.0,0,0,Unknown,Unknown
1807,tm232090,Snervous Tyler Oakley,MOVIE,2015,PG-13,82,['documentation'],['US'],1.0,tt5073746,5.4,473.0,1,1,documentation,US
1808,tm317850,Meet The in-Laws,MOVIE,2016,Not Rated,75,['comedy'],['NG'],1.0,tt8332742,6.0,23.0,1,1,comedy,NG
1809,tm235005,Oloibiri,MOVIE,2015,Not Rated,106,"['thriller', 'drama', 'action']","['CA', 'NG']",1.0,tt8007138,5.1,183.0,3,2,thriller,CA
1810,tm296203,A Chaster Marriage,MOVIE,2016,PG-13,93,"['romance', 'family', 'comedy']",['TR'],1.0,tt6379048,5.4,874.0,3,1,romance,TR
1812,tm350727,Hajwala: The Missing Engine,MOVIE,2016,R,96,"['drama', 'thriller', 'action', 'crime', 'sport']",['AE'],1.0,tt6200274,2.1,250.0,5,1,drama,AE
1813,tm245050,The Arbitration,MOVIE,2016,Not Rated,100,"['drama', 'comedy']",['NG'],1.0,tt5811182,5.1,121.0,2,1,drama,NG
1814,tm212909,Just the Way You Are,MOVIE,2015,Not Rated,107,"['drama', 'comedy', 'romance']",['PH'],1.0,tt3837166,6.3,502.0,3,1,drama,PH
1818,tm271333,The Third Party,MOVIE,2016,Not Rated,118,"['comedy', 'romance']",['PH'],1.0,tt6088634,6.1,267.0,2,1,comedy,PH
1819,tm421382,Lakeeran,MOVIE,2016,Not Rated,113,['drama'],['IN'],1.0,tt6115284,6.2,33.0,1,1,drama,IN
1820,tm368725,Love Is a Story,MOVIE,2015,Not Rated,107,"['comedy', 'european', 'romance']",['RO'],1.0,tt3764686,6.0,365.0,3,1,comedy,RO
1821,tm350044,A Man Returned,MOVIE,2016,Not Rated,30,['documentation'],[],1.0,Unknown,6.5334469051675175,2279.0,1,0,documentation,Unknown
1822,tm234735,Time Out,MOVIE,2015,Not Rated,98,"['drama', 'animation', 'family', 'music']",['IN'],1.0,tt4396648,6.0,399.0,4,1,drama,IN
1823,tm239078,Jada,MOVIE,2016,PG-13,16,"['drama', 'sport']",['US'],1.0,tt9769714,5.3,157.0,2,1,drama,US
1827,tm239091,Blade Runner 2049,MOVIE,2017,R,164,"['scifi', 'thriller', 'action', 'drama']","['CA', 'HU', 'MX', 'ES', 'GB', 'US']",1.0,tt1856101,8.0,539864.0,4,6,scifi,CA
1829,tm310953,Sorry to Bother You,MOVIE,2018,R,111,"['fantasy', 'scifi', 'drama', 'comedy']",['US'],1.0,tt5688932,6.9,75653.0,4,1,fantasy,US
1830,tm232797,Dunkirk,MOVIE,2017,PG-13,107,"['drama', 'history', 'thriller', 'war', 'action', 'european']","['US', 'FR', 'NL', 'GB']",1.0,tt5013056,7.8,619645.0,6,4,drama,US
1831,tm244259,Wind River,MOVIE,2017,R,106,"['thriller', 'crime', 'drama', 'western']","['FR', 'GB', 'US']",1.0,tt6185846,7.7,240408.0,4,3,thriller,FR
1832,tm315344,Molly's Game,MOVIE,2017,R,140,"['drama', 'crime', 'sport']","['CA', 'US', 'CN']",1.0,tt4209788,7.4,165817.0,3,3,drama,CA
1836,tm318206,Den of Thieves,MOVIE,2018,R,140,"['thriller', 'action', 'crime', 'drama']",['US'],1.0,tt1259528,7.0,107701.0,4,1,thriller,US
1838,tm315174,Phantom Thread,MOVIE,2017,R,130,"['romance', 'drama']","['US', 'GB']",1.0,tt5776858,7.4,128600.0,2,2,romance,US
1845,tm344989,Lady Bird,MOVIE,2017,R,94,"['drama', 'comedy']",['US'],1.0,tt4925292,7.4,277165.0,2,1,drama,US
1847,tm287684,The Ritual,MOVIE,2017,R,94,"['horror', 'thriller']","['GB', 'CA']",1.0,tt5638642,6.3,92788.0,2,2,horror,GB
1853,tm244220,Darkest Hour,MOVIE,2017,PG-13,125,"['drama', 'war', 'history', 'thriller', 'family']",['GB'],1.0,tt4555426,7.4,193208.0,5,1,drama,GB
1859,tm244364,The Nightingale,MOVIE,2018,R,136,"['thriller', 'drama', 'horror']",['AU'],1.0,tt4068576,7.3,28196.0,3,1,thriller,AU
1863,tm420745,How It Ends,MOVIE,2018,Not Rated,113,"['thriller', 'action', 'drama', 'scifi']","['CA', 'US']",1.0,tt5246700,5.0,51513.0,4,2,thriller,CA
1865,tm232500,The Disaster Artist,MOVIE,2017,R,104,"['comedy', 'drama']",['US'],1.0,tt3521126,7.3,149604.0,2,1,comedy,US
1868,tm350379,Ghostland,MOVIE,2018,R,91,"['horror', 'thriller', 'drama', 'european']","['FR', 'CA']",1.0,tt6195094,6.4,30444.0,4,2,horror,FR
1869,tm363103,Perfect Bid: The Contestant Who Knew Too Much,MOVIE,2017,Not Rated,72,"['documentation', 'history']",['CA'],1.0,tt6854248,6.6,2176.0,2,1,documentation,CA
1871,tm425889,The Ballad of Buster Scruggs,MOVIE,2018,R,132,"['western', 'comedy', 'drama', 'romance']",['US'],1.0,tt6412452,7.3,141528.0,4,1,western,US
1872,tm244174,Okja,MOVIE,2017,PG-13,122,"['drama', 'scifi', 'action']","['KR', 'US']",1.0,tt3967856,7.3,116305.0,3,2,drama,KR
1874,tm350,The Bad Batch,MOVIE,2017,R,119,"['drama', 'action', 'horror', 'romance', 'scifi']",['US'],1.0,tt4334266,5.2,30785.0,5,1,drama,US
1882,tm210043,Shot Caller,MOVIE,2017,R,120,"['thriller', 'crime', 'drama']",['US'],1.0,tt4633690,7.3,83961.0,3,1,thriller,US
1884,tm226948,The Shack,MOVIE,2017,PG-13,132,"['fantasy', 'drama']",['US'],1.0,tt2872518,6.2,35406.0,2,1,fantasy,US
1889,tm288499,Roma,MOVIE,2018,R,135,"['drama', 'european']","['MX', 'US']",1.0,tt6155172,7.7,153508.0,2,2,drama,MX
1891,tm299741,Crooked House,MOVIE,2017,PG-13,115,"['drama', 'crime']",['GB'],1.0,tt1869347,6.3,23327.0,2,1,drama,GB
1893,tm244191,The Beguiled,MOVIE,2017,R,93,"['drama', 'documentation', 'war', 'thriller']",['US'],1.0,tt5592248,6.8,21.0,4,1,drama,US
1898,tm272060,What Happened to Monday,MOVIE,2017,R,123,"['thriller', 'drama', 'action', 'crime', 'fantasy', 'scifi']","['BE', 'FR', 'GB']",1.0,tt1536537,6.8,120311.0,6,3,thriller,BE
1899,tm233482,The Foreigner,MOVIE,2017,R,113,"['thriller', 'action', 'crime', 'drama', 'european']","['IN', 'CN', 'US', 'GB']",1.0,tt4759848,7.0,112487.0,5,4,thriller,IN
1900,tm271951,Apostle,MOVIE,2018,R,130,"['thriller', 'horror', 'drama', 'fantasy']","['US', 'GB']",1.0,tt6217306,6.3,51038.0,4,2,thriller,US
1901,tm311815,Icarus,MOVIE,2017,Not Rated,121,"['documentation', 'thriller', 'sport']",['US'],1.0,tt6333060,7.9,48672.0,3,1,documentation,US
1902,tm371380,The Package,MOVIE,2018,R,94,"['comedy', 'drama', 'thriller']",['US'],1.0,tt7525778,5.5,17226.0,3,1,comedy,US
1905,tm310899,Mary Magdalene,MOVIE,2018,R,120,['drama'],"['GB', 'US', 'AU']",1.0,tt5360996,5.9,10234.0,1,3,drama,GB
1907,tm266666,Gerald's Game,MOVIE,2017,Not Rated,103,"['horror', 'thriller', 'drama']",['US'],1.0,tt3748172,6.5,104894.0,3,1,horror,US
1908,tm435086,Level 16,MOVIE,2018,Not Rated,102,"['thriller', 'drama', 'scifi', 'european']",['CA'],1.0,tt4006302,6.0,11118.0,4,1,thriller,CA
1910,tm267401,The Invisible Guest,MOVIE,2017,R,107,"['thriller', 'crime', 'drama', 'european']",['ES'],1.0,tt4857264,8.0,170351.0,4,1,thriller,ES
1911,tm239286,The Cloverfield Paradox,MOVIE,2018,PG-13,102,"['thriller', 'horror', 'scifi', 'drama', 'action']",['US'],1.0,tt2548396,5.5,102759.0,5,1,thriller,US
1912,tm273294,I Don't Feel at Home in This World Anymore,MOVIE,2017,Not Rated,93,"['drama', 'thriller', 'comedy', 'crime', 'european']",['US'],1.0,tt6149822,6.9,55549.0,5,1,drama,US
1914,tm414285,Abducted in Plain Sight,MOVIE,2018,G,91,"['crime', 'documentation', 'thriller', 'drama']",['US'],1.0,tt6098534,6.8,18165.0,4,1,crime,US
1915,tm244192,Annabelle: Creation,MOVIE,2017,R,110,"['horror', 'thriller']",['US'],1.0,tt5140878,6.5,129883.0,2,1,horror,US
1917,tm419595,The Witch: Part 1. The Subversion,MOVIE,2018,Not Rated,125,"['fantasy', 'action', 'european']",['KR'],1.0,tt8574252,7.1,9862.0,3,1,fantasy,KR
1918,tm346943,Kodachrome,MOVIE,2017,Not Rated,105,"['drama', 'comedy', 'european']",['US'],1.0,tt1880399,6.8,16482.0,3,1,drama,US
1920,tm371900,Calibre,MOVIE,2018,Not Rated,101,"['thriller', 'horror', 'drama']",['GB'],1.0,tt6218358,6.8,27622.0,3,1,thriller,GB
1923,tm270895,I Am Not Your Negro,MOVIE,2017,R,93,"['documentation', 'history', 'european']","['BE', 'FR', 'US']",1.0,tt5804038,7.9,21632.0,3,3,documentation,BE
1926,tm374132,Bird Box,MOVIE,2018,R,124,"['thriller', 'drama', 'horror', 'scifi']",['US'],1.0,tt2737304,6.6,325194.0,4,1,thriller,US
1928,tm244175,The Zookeeper's Wife,MOVIE,2017,PG-13,122,"['drama', 'war', 'history']","['GB', 'US', 'CZ']",1.0,tt1730768,7.0,42808.0,3,3,drama,GB
1931,tm319818,Outlaw King,MOVIE,2018,R,121,"['drama', 'action', 'history', 'war']","['GB', 'US']",1.0,tt6679794,6.9,69834.0,4,2,drama,GB
1933,tm313683,Veronica,MOVIE,2017,R,105,['horror'],['ES'],1.0,tt4276868,6.2,40254.0,1,1,horror,ES
1936,tm244332,Beirut,MOVIE,2018,R,109,"['thriller', 'action', 'crime', 'drama']",['US'],1.0,tt4669264,6.4,21843.0,4,1,thriller,US
1937,tm315340,The Night Comes for Us,MOVIE,2018,R,121,"['thriller', 'action']",['ID'],1.0,tt6116856,6.9,25500.0,2,1,thriller,ID
1940,tm414887,Destination Wedding,MOVIE,2018,R,84,"['romance', 'comedy', 'drama']",['US'],1.0,tt6987770,6.0,28933.0,3,1,romance,US
1942,tm420348,Cam,MOVIE,2018,Not Rated,95,"['horror', 'thriller', 'drama']",['US'],1.0,tt8361028,5.9,31042.0,3,1,horror,US
1944,tm244206,The Meyerowitz Stories (New and Selected),MOVIE,2017,Not Rated,112,"['drama', 'comedy']",['US'],1.0,tt5536736,6.9,47971.0,2,1,drama,US
1945,tm434202,Malevolent,MOVIE,2018,Not Rated,89,"['horror', 'thriller']",['GB'],1.0,tt2386237,4.8,13290.0,2,1,horror,GB
1946,tm280828,The Babysitter,MOVIE,2017,R,85,"['horror', 'comedy']",['US'],1.0,tt4225622,6.4,86953.0,2,1,horror,US
1947,tm366567,When We First Met,MOVIE,2018,PG-13,97,"['fantasy', 'comedy', 'romance']",['US'],1.0,tt5783956,6.4,48215.0,3,1,fantasy,US
1948,tm310706,Extinction,MOVIE,2018,R,96,"['drama', 'thriller', 'scifi', 'action']",['US'],1.0,tt3201640,5.8,51781.0,4,1,drama,US
1949,tm410435,To All the Boys I've Loved Before,MOVIE,2018,PG-13,100,"['romance', 'comedy', 'drama']",['US'],1.0,tt3846674,7.1,101175.0,3,1,romance,US
1951,tm307283,Cargo,MOVIE,2017,Not Rated,105,"['drama', 'thriller', 'horror', 'scifi']",['AU'],1.0,tt3860916,6.3,42722.0,4,1,drama,AU
1954,tm244229,Everybody Knows,MOVIE,2018,R,132,"['drama', 'crime', 'thriller', 'european']","['IT', 'ES', 'FR']",1.0,tt4964788,6.9,34009.0,4,3,drama,IT
1959,tm357589,The Guernsey Literary & Potato Peel Pie Society,MOVIE,2018,Not Rated,124,"['romance', 'drama', 'history', 'war']","['GB', 'US', 'FR']",1.0,tt1289403,7.3,44917.0,4,3,romance,GB
1960,tm317542,1922,MOVIE,2017,Not Rated,102,"['horror', 'crime', 'documentation', 'drama', 'thriller']",['US'],1.0,tt8312644,6.2,60982.0,5,1,horror,US
1962,tm321703,Home Again,MOVIE,2017,PG-13,97,"['drama', 'romance', 'comedy']",['US'],1.0,tt5719700,5.8,31620.0,3,1,drama,US
1963,tm300615,Mudbound,MOVIE,2017,R,120,"['drama', 'war']",['US'],1.0,tt2396589,7.4,47676.0,2,1,drama,US
1964,tm244233,The Book of Henry,MOVIE,2017,PG-13,105,"['thriller', 'crime', 'drama']",['US'],1.0,tt4572792,6.5,27052.0,3,1,thriller,US
1966,tm349803,"Jim & Andy: The Great Beyond - Featuring a Very Special, Contractually Obligated Mention of Tony Clifton",MOVIE,2017,Not Rated,94,"['comedy', 'documentation']","['US', 'CA']",1.0,tt7214762,7.7,25593.0,2,2,comedy,US
1972,tm227940,Berlin Syndrome,MOVIE,2017,R,116,"['thriller', 'horror', 'drama']",['AU'],1.0,tt3335606,6.2,24733.0,3,1,thriller,AU
1973,tm243326,Anon,MOVIE,2018,R,100,"['scifi', 'drama', 'action', 'crime', 'thriller', 'european']","['US', 'GB']",1.0,tt5419536,6.1,42608.0,6,2,scifi,US
1975,tm244197,Replicas,MOVIE,2018,PG-13,107,"['thriller', 'drama', 'scifi']","['PR', 'US', 'GB', 'CN']",1.0,tt4154916,5.5,37340.0,3,4,thriller,PR
1976,tm368449,Private Life,MOVIE,2018,R,123,"['drama', 'comedy']",['US'],1.0,tt6394284,7.2,19023.0,2,1,drama,US
1977,tm211554,Beyond Skyline,MOVIE,2017,R,105,"['scifi', 'thriller', 'horror', 'action']","['SG', 'US', 'GB', 'ID', 'CA', 'CN']",1.0,tt6856700,5.3,21540.0,4,6,scifi,SG
1978,tm363248,A Futile and Stupid Gesture,MOVIE,2018,Not Rated,101,['comedy'],['US'],1.0,tt5566790,6.7,15750.0,1,1,comedy,US
1979,tm362881,Mirai,MOVIE,2018,PG,98,"['fantasy', 'animation', 'drama', 'family']",['JP'],1.0,tt6900448,7.0,14983.0,4,1,fantasy,JP
1980,tm232673,The Strangers: Prey at Night,MOVIE,2018,Not Rated,85,"['thriller', 'horror']","['US', 'GB']",1.0,tt1285009,5.2,30499.0,2,2,thriller,US
1985,tm411311,King of Thieves,MOVIE,2018,R,108,"['drama', 'crime', 'history']",['GB'],1.0,tt5789976,5.5,14081.0,3,1,drama,GB
1986,tm299677,Hold the Dark,MOVIE,2018,Not Rated,125,"['thriller', 'horror', 'action', 'drama']",['US'],1.0,tt5057140,5.6,36500.0,4,1,thriller,US
1989,tm449070,Black Mirror: Bandersnatch,MOVIE,2018,R,90,"['scifi', 'thriller', 'fantasy', 'drama']","['GB', 'US']",1.0,tt9495224,7.1,123377.0,4,2,scifi,GB
1993,tm363488,RBG,MOVIE,2018,PG,98,['documentation'],['US'],1.0,tt7689964,7.6,14037.0,1,1,documentation,US
1994,tm221953,Bāhubali 2: The Conclusion,MOVIE,2017,Not Rated,168,"['fantasy', 'action', 'drama']",['IN'],1.0,tt4849438,8.2,91560.0,3,1,fantasy,IN
1995,tm435916,The Perfection,MOVIE,2018,Not Rated,90,"['thriller', 'drama', 'horror', 'music']",['US'],1.0,tt7772580,6.1,41508.0,4,1,thriller,US
1996,tm233362,The Discovery,MOVIE,2017,Not Rated,102,"['thriller', 'drama', 'romance', 'scifi']",['US'],1.0,tt5155780,6.2,33579.0,4,1,thriller,US
1998,tm362098,The Kindergarten Teacher,MOVIE,2018,R,96,"['drama', 'thriller', 'european']",['US'],1.0,tt6952960,6.7,15683.0,3,1,drama,US
1999,tm346467,Wheelman,MOVIE,2017,R,82,"['thriller', 'crime', 'action']",['US'],1.0,tt5723286,6.4,19951.0,3,1,thriller,US
2000,tm433381,Mirage,MOVIE,2018,R,129,"['thriller', 'drama', 'documentation', 'fantasy', 'music', 'romance', 'european']",['ES'],1.0,tt7919356,7.4,52657.0,7,1,thriller,ES
2001,tm412550,Set It Up,MOVIE,2018,PG-13,105,"['comedy', 'romance']",['US'],1.0,tt5304992,6.5,49880.0,2,1,comedy,US
2002,tm315424,An Evening with Beverly Luff Linn,MOVIE,2018,R,108,"['crime', 'comedy']","['GB', 'US']",1.0,tt6520524,5.8,5457.0,2,2,crime,GB
2004,tm499724,The Delivery Boy,MOVIE,2018,Not Rated,66,"['thriller', 'drama']",['NG'],1.0,tt8541826,6.2,74.0,2,1,thriller,NG
2007,tm414220,Little Italy,MOVIE,2018,R,102,"['romance', 'comedy']","['US', 'CA']",1.0,tt6957966,5.7,14492.0,2,2,romance,US
2010,tm139545,The Outsider,MOVIE,2018,R,120,"['crime', 'thriller', 'action', 'drama']",['US'],1.0,tt2011311,6.2,25223.0,4,1,crime,US
2012,tm314477,Skins,MOVIE,2017,Not Rated,78,"['comedy', 'drama', 'fantasy', 'european']",['ES'],1.0,tt5808778,6.1,5686.0,4,1,comedy,ES
2013,tm420274,Hannah Gadsby: Nanette,MOVIE,2018,Not Rated,69,"['comedy', 'documentation']",['AU'],1.0,tt8465676,8.1,12035.0,2,1,comedy,AU
2014,tm434008,Banana Split,MOVIE,2018,R,88,['comedy'],['US'],1.0,tt7755856,6.2,3190.0,1,1,comedy,US
2017,tm317566,Creep 2,MOVIE,2017,R,80,"['horror', 'thriller', 'crime', 'drama']",['US'],1.0,tt3654796,6.4,24468.0,4,1,horror,US
2018,tm417496,Dumplin',MOVIE,2018,PG-13,110,"['comedy', 'drama']",['US'],1.0,tt4878482,6.5,33206.0,2,1,comedy,US
2019,tm367065,Shirkers,MOVIE,2018,Not Rated,96,['documentation'],"['GB', 'US', 'SG']",1.0,tt7472352,7.4,5020.0,1,3,documentation,GB
2020,tm426274,The After Party,MOVIE,2018,Not Rated,89,"['comedy', 'horror', 'music']",['US'],1.0,tt3960240,5.7,4348.0,3,1,comedy,US
2021,tm433228,Red Joan,MOVIE,2018,R,101,"['thriller', 'drama', 'history', 'romance']",['GB'],1.0,tt7615302,6.4,12124.0,4,1,thriller,GB
2022,tm244325,Mute,MOVIE,2018,R,126,"['thriller', 'drama', 'scifi']","['GB', 'DE']",1.0,tt1464763,5.4,34788.0,3,2,thriller,GB
2024,tm316414,Hell Fest,MOVIE,2018,R,89,"['horror', 'thriller']",['US'],1.0,tt1999890,5.5,16610.0,2,1,horror,US
2025,tm311921,Small Town Crime,MOVIE,2018,R,91,"['thriller', 'crime']",['US'],1.0,tt5751998,6.6,11167.0,2,1,thriller,US
2026,tm370212,Adrift,MOVIE,2018,PG-13,96,"['thriller', 'drama', 'romance', 'action', 'european']","['HK', 'IS', 'US']",1.0,tt6306064,6.6,54750.0,5,3,thriller,HK
2029,tm410742,Happy as Lazzaro,MOVIE,2018,PG-13,125,"['fantasy', 'drama', 'european']","['IT', 'CH', 'FR']",1.0,tt6752992,7.5,17716.0,3,3,fantasy,IT
2030,tm281935,A Bad Moms Christmas,MOVIE,2017,R,104,['comedy'],['US'],1.0,tt6365402,5.6,49478.0,1,1,comedy,US
2031,tm323634,A-X-L,MOVIE,2018,PG-13,98,"['scifi', 'family', 'thriller', 'action', 'drama']",['US'],1.0,tt5709188,5.3,11785.0,5,1,scifi,US
2032,tm139885,The Other Side of the Wind,MOVIE,2018,R,122,"['drama', 'european']","['US', 'FR', 'IR']",1.0,tt0069049,6.7,7104.0,2,3,drama,US
2034,tm349278,Ravenous,MOVIE,2017,Not Rated,104,"['horror', 'animation', 'documentation', 'scifi', 'thriller', 'action', 'drama']",['CA'],1.0,tt6243140,5.8,9154.0,7,1,horror,CA
2038,tm348993,22 July,MOVIE,2018,R,143,"['thriller', 'history', 'crime', 'drama', 'european']","['NO', 'US', 'IS']",1.0,tt7280898,6.8,33246.0,5,3,thriller,NO
2040,tm285107,Victoria & Abdul,MOVIE,2017,PG-13,112,"['drama', 'history']","['GB', 'US']",1.0,tt5816682,6.8,35458.0,2,2,drama,GB
2042,tm414962,May the Devil Take You,MOVIE,2018,R,110,"['thriller', 'horror']",['ID'],1.0,tt8765496,5.9,4209.0,2,1,thriller,ID
2047,tm240076,Buster's Mal Heart,MOVIE,2017,Not Rated,96,"['thriller', 'drama', 'crime']",['US'],1.0,tt5833778,6.2,10490.0,3,1,thriller,US
2049,tm217228,Death Note,MOVIE,2017,NC-17,101,"['fantasy', 'horror', 'thriller', 'action', 'crime', 'drama']",['US'],1.0,tt1241317,4.5,83519.0,6,1,fantasy,US
2051,tm244307,Bright,MOVIE,2017,R,117,"['thriller', 'fantasy', 'action', 'crime', 'scifi']",['US'],1.0,tt5519340,6.3,183841.0,5,1,thriller,US
2052,tm298846,The Incredible Jessica James,MOVIE,2017,Not Rated,83,['comedy'],['US'],1.0,tt5990342,6.5,7496.0,1,1,comedy,US
2053,tm412623,The Kissing Booth,MOVIE,2018,Not Rated,105,"['romance', 'comedy']",['GB'],1.0,tt3799232,5.9,81639.0,2,1,romance,GB
2054,tm298339,Handsome Devil,MOVIE,2017,Not Rated,95,"['drama', 'comedy', 'sport', 'european']",['IE'],1.0,tt5016946,7.0,13708.0,4,1,drama,IE
2056,tm245176,Sand Castle,MOVIE,2017,Not Rated,113,"['drama', 'action', 'war']","['IQ', 'GB']",1.0,tt2582576,6.3,22854.0,3,2,drama,IQ
2061,tm351101,Errementari: The Blacksmith and the Devil,MOVIE,2018,Not Rated,98,"['drama', 'fantasy', 'horror', 'thriller', 'european']","['ES', 'FR']",1.0,tt5592878,6.4,11561.0,5,2,drama,ES
2062,tm299504,Holy Camp!,MOVIE,2017,Not Rated,109,"['comedy', 'european']",['ES'],1.0,tt5176252,6.2,3986.0,2,1,comedy,ES
2063,tm321224,"Game Over, Man!",MOVIE,2018,R,100,"['comedy', 'action']",['US'],1.0,tt3317234,5.4,29773.0,2,1,comedy,US
2064,tm359978,Forgotten,MOVIE,2017,Not Rated,109,"['thriller', 'horror', 'crime', 'scifi']",['KR'],1.0,tt4236484,7.4,29804.0,4,1,thriller,KR
2065,tm306301,Piercing,MOVIE,2018,R,82,"['thriller', 'horror']","['FR', 'US']",1.0,tt6516314,5.5,7534.0,2,2,thriller,FR
2069,tm298084,On Body and Soul,MOVIE,2017,Not Rated,116,"['fantasy', 'drama', 'romance']",['HU'],1.0,tt5607714,7.5,27003.0,3,1,fantasy,HU
2070,tm244148,Mowgli: Legend of the Jungle,MOVIE,2018,PG-13,105,"['drama', 'fantasy']","['GB', 'US']",1.0,tt2388771,6.5,60870.0,2,2,drama,GB
2071,tm436470,No Escape Room,MOVIE,2018,Not Rated,85,"['thriller', 'horror']",['US'],1.0,tt9099102,5.0,4277.0,2,1,thriller,US
2073,tm219259,Goon: Last of the Enforcers,MOVIE,2017,R,101,"['comedy', 'sport']",['CA'],1.0,tt2417712,5.8,13476.0,2,1,comedy,CA
2077,tm375912,Ricky Gervais: Humanity,MOVIE,2018,R,79,['comedy'],['GB'],1.0,tt7830574,7.9,18523.0,1,1,comedy,GB
2078,tm356742,Trolls Holiday,MOVIE,2017,PG,26,"['fantasy', 'comedy', 'family', 'romance', 'animation']",[],1.0,tt6645614,6.2,2725.0,5,0,fantasy,Unknown
2079,tm244317,To the Bone,MOVIE,2017,Not Rated,107,['drama'],['US'],1.0,tt6143418,6.8,47025.0,1,1,drama,US
2083,tm292837,The Bar,MOVIE,2017,Not Rated,102,"['horror', 'thriller', 'comedy', 'fantasy', 'european']",['ES'],1.0,tt5121816,6.3,25934.0,5,1,horror,ES
2084,tm414709,Siberia,MOVIE,2018,R,105,"['thriller', 'european', 'crime', 'romance']","['DE', 'CA', 'US']",1.0,tt6494688,4.3,15038.0,4,3,thriller,DE
2086,tm321295,Woodshock,MOVIE,2017,R,100,"['thriller', 'horror', 'drama', 'fantasy']",['US'],1.0,tt4677924,4.2,1933.0,4,1,thriller,US
2087,tm233294,War Machine,MOVIE,2017,R,122,"['drama', 'comedy', 'war']",['US'],1.0,tt4758646,6.0,45972.0,3,1,drama,US
2088,tm328443,Illang: The Wolf Brigade,MOVIE,2018,R,140,"['thriller', 'drama', 'action', 'scifi']",['KR'],1.0,tt3967878,5.9,5073.0,4,1,thriller,KR
2089,tm324155,Security,MOVIE,2017,R,87,"['crime', 'thriller', 'action', 'european']",['US'],1.0,tt3501112,5.7,18618.0,4,1,crime,US
2090,tm289181,Newness,MOVIE,2017,Not Rated,112,"['drama', 'romance']",['US'],1.0,tt6408226,6.3,16459.0,2,1,drama,US
2092,tm370436,The Breaker Upperers,MOVIE,2018,Not Rated,82,['comedy'],['NZ'],1.0,tt6728096,5.9,6008.0,1,1,comedy,NZ
2093,tm351216,Joan Didion: The Center Will Not Hold,MOVIE,2017,Not Rated,92,['documentation'],['US'],1.0,tt7253506,7.4,2596.0,1,1,documentation,US
2094,tm318200,Clive Davis: The Soundtrack of Our Lives,MOVIE,2017,PG-13,123,"['music', 'documentation']",['US'],1.0,tt6494358,7.5,950.0,2,1,music,US
2103,tm370232,We the Animals,MOVIE,2018,R,94,['drama'],['US'],1.0,tt7681824,6.9,4181.0,1,1,drama,US
2105,tm439484,Welcome Home,MOVIE,2018,R,97,"['thriller', 'horror', 'drama']",['US'],1.0,tt6829180,5.2,7387.0,3,1,thriller,US
2106,tm271960,Midnight Sun,MOVIE,2018,PG-13,91,"['drama', 'romance', 'european']",['US'],1.0,tt4799078,6.6,29565.0,3,1,drama,US
2107,tm349800,Unicorn Store,MOVIE,2017,Not Rated,92,"['fantasy', 'comedy', 'drama']",['US'],1.0,tt2340044,5.5,19140.0,3,1,fantasy,US
2108,tm352588,Tau,MOVIE,2018,R,97,"['thriller', 'scifi']",['US'],1.0,tt4357394,5.8,30611.0,2,1,thriller,US
2109,tm219258,Brain on Fire,MOVIE,2017,PG-13,95,"['drama', 'european']","['IE', 'CA']",1.0,tt3704700,6.6,21164.0,2,2,drama,IE
2113,tm411415,If I Leave Here Tomorrow: A Film About Lynyrd Skynyrd,MOVIE,2018,Not Rated,94,"['documentation', 'music']",['US'],1.0,tt6216786,7.9,1285.0,2,1,documentation,US
2114,tm406881,Bathtubs Over Broadway,MOVIE,2018,PG-13,87,"['comedy', 'music', 'documentation']",['US'],1.0,tt6029778,7.6,1065.0,3,1,comedy,US
2117,tm307910,What the Health,MOVIE,2017,Not Rated,97,['documentation'],['US'],1.0,tt5541848,7.4,28911.0,1,1,documentation,US
2119,tm368241,Duck Butter,MOVIE,2018,Not Rated,94,"['drama', 'comedy', 'romance']",['US'],1.0,tt6958014,5.3,3909.0,3,1,drama,US
2121,tm321596,The Long Dumb Road,MOVIE,2018,R,90,['comedy'],['US'],1.0,tt4712076,6.1,3172.0,1,1,comedy,US
2131,tm308090,Bill Nye: Science Guy,MOVIE,2017,Not Rated,95,['documentation'],['US'],1.0,tt4853154,6.5,1208.0,1,1,documentation,US
2132,tm271959,Mr. Roosevelt,MOVIE,2017,Not Rated,90,['comedy'],['US'],1.0,tt6212496,6.2,3320.0,1,1,comedy,US
2133,tm411507,John Mulaney: Kid Gorgeous at Radio City,MOVIE,2018,R,65,['comedy'],['US'],1.0,tt8271714,7.9,7696.0,1,1,comedy,US
2134,tm245937,Win It All,MOVIE,2017,Not Rated,88,['comedy'],['US'],1.0,tt3155328,6.2,9108.0,1,1,comedy,US
2136,tm423373,Andhadhun,MOVIE,2018,R,139,"['thriller', 'music', 'drama', 'comedy', 'crime']",['IN'],1.0,tt8303792,8.2,88359.0,5,1,thriller,IN
2141,tm409766,In Darkness,MOVIE,2018,Not Rated,110,['thriller'],"['GB', 'US']",1.0,tt5164184,5.7,13098.0,1,2,thriller,GB
2142,tm322243,Shimmer Lake,MOVIE,2017,Not Rated,83,"['thriller', 'crime', 'drama']","['CA', 'US']",1.0,tt1386691,6.3,14098.0,3,2,thriller,CA
2145,tm406111,The Debt Collector,MOVIE,2018,Not Rated,96,"['action', 'comedy']","['GB', 'US']",1.0,tt7448180,5.8,7344.0,2,2,action,GB
2146,tm300054,Orbiter 9,MOVIE,2017,Not Rated,95,"['scifi', 'drama', 'romance', 'european']",['ES'],1.0,tt3469798,5.9,7586.0,4,1,scifi,ES
2147,tm357479,Day of the Dead: Bloodline,MOVIE,2017,R,90,"['horror', 'drama', 'scifi', 'thriller', 'action', 'european']","['BG', 'US']",1.0,tt3053228,3.4,11841.0,6,2,horror,BG
2148,tm232965,Lovesong,MOVIE,2017,Not Rated,85,"['romance', 'drama']",['US'],1.0,tt4305148,6.3,4908.0,2,1,romance,US
2150,tm431347,Reversing Roe,MOVIE,2018,Not Rated,99,['documentation'],['US'],1.0,tt8948614,7.5,1281.0,1,1,documentation,US
2151,tm285356,First They Killed My Father,MOVIE,2017,R,136,"['drama', 'history', 'war']","['KH', 'US']",1.0,tt4882376,7.2,17871.0,3,2,drama,KH
2152,tm368040,The Titan,MOVIE,2018,R,97,"['thriller', 'fantasy', 'scifi', 'drama', 'romance']","['US', 'GB', 'ES']",1.0,tt6973848,4.8,30698.0,5,3,thriller,US
2156,tm285340,Girlfriend's Day,MOVIE,2017,Not Rated,70,"['drama', 'comedy']",['US'],1.0,tt2962984,5.2,4197.0,2,1,drama,US
2157,tm1883,Animal Crackers,MOVIE,2017,PG,105,"['comedy', 'animation', 'family', 'fantasy']","['CN', 'US', 'ES']",1.0,tt4155534,5.8,3352.0,4,3,comedy,CN
2159,tm324870,Dude,MOVIE,2018,Not Rated,90,"['comedy', 'drama']",['US'],1.0,tt6151516,5.2,6873.0,2,1,comedy,US
2160,tm284015,My Happy Family,MOVIE,2017,Not Rated,119,['drama'],"['FR', 'GE', 'DE']",1.0,tt5791536,7.4,3826.0,1,3,drama,FR
2161,tm326624,Unrest,MOVIE,2017,Not Rated,97,"['documentation', 'drama', 'history', 'romance', 'european']","['GB', 'US', 'DK']",1.0,tt6510268,7.6,2904.0,5,3,documentation,GB
2162,tm300184,iBoy,MOVIE,2017,Not Rated,90,"['scifi', 'action', 'crime', 'thriller']",['GB'],1.0,tt6105716,6.0,22594.0,4,1,scifi,GB
2163,tm411958,Ibiza,MOVIE,2018,Not Rated,94,"['comedy', 'romance']",['US'],1.0,tt3685236,5.2,17194.0,2,1,comedy,US
2164,tm270999,The Resurrection of Gavin Stone,MOVIE,2017,PG,91,"['drama', 'family', 'romance', 'comedy']",['US'],1.0,tt4902904,6.2,2233.0,4,1,drama,US
2166,tm307612,Strong Island,MOVIE,2017,Not Rated,107,"['documentation', 'crime']",['US'],1.0,tt5873150,6.4,3849.0,2,1,documentation,US
2167,tm320255,Bad Genius,MOVIE,2017,PG-13,130,"['thriller', 'comedy', 'crime', 'drama']",['TH'],1.0,tt6788942,7.6,20430.0,4,1,thriller,TH
2170,tm425138,Godzilla: The Planet Eater,MOVIE,2018,PG,90,"['animation', 'action', 'scifi', 'horror']",['JP'],1.0,tt8478602,5.0,4158.0,4,1,animation,JP
2171,tm241990,Blame!,MOVIE,2017,PG-13,106,"['scifi', 'thriller', 'animation', 'action', 'drama']",['JP'],1.0,tt6574146,6.6,7968.0,5,1,scifi,JP
2173,tm353742,Bullet Head,MOVIE,2017,R,93,"['thriller', 'crime', 'drama', 'european']","['BG', 'US']",1.0,tt6204340,5.4,9954.0,4,2,thriller,BG
2177,tm429163,The Photographer of Mauthausen,MOVIE,2018,R,111,"['thriller', 'drama', 'war', 'history', 'european']",['ES'],1.0,tt6704776,6.7,10466.0,5,1,thriller,ES
2180,tm311789,The Most Hated Woman in America,MOVIE,2017,Not Rated,91,"['drama', 'history']",['US'],1.0,tt4842646,6.1,6540.0,2,1,drama,US
2183,tm359103,River's Edge,MOVIE,2018,Not Rated,118,"['drama', 'crime']",['JP'],1.0,tt7476946,6.2,942.0,2,1,drama,JP
2186,tm315584,Godzilla: Planet of the Monsters,MOVIE,2017,PG-13,89,"['scifi', 'animation', 'action']",['JP'],1.0,tt5979874,6.0,8451.0,3,1,scifi,JP
2189,tm407827,Girl,MOVIE,2018,R,105,"['drama', 'european']","['NL', 'BE']",1.0,tt8254556,7.1,14046.0,2,2,drama,NL
2190,tm348003,Acts of Vengeance,MOVIE,2017,R,87,"['thriller', 'action', 'drama', 'crime', 'european']","['BG', 'US']",1.0,tt6288694,5.7,11971.0,5,2,thriller,BG
2193,tm266652,Bleach,MOVIE,2018,PG-13,108,"['fantasy', 'action']",['JP'],1.0,tt5986074,6.4,11406.0,2,1,fantasy,JP
2195,tm285295,Our Souls at Night,MOVIE,2017,Not Rated,101,"['drama', 'romance']",['US'],1.0,tt5034266,6.9,13360.0,2,1,drama,US
2196,tm317110,Psychokinesis,MOVIE,2018,Not Rated,101,"['fantasy', 'action', 'comedy']",['KR'],1.0,tt4838572,5.9,5519.0,3,1,fantasy,KR
2197,tm324124,"Oh, Hello on Broadway",MOVIE,2017,Not Rated,102,['comedy'],['US'],1.0,tt6987652,7.7,3106.0,1,1,comedy,US
2200,tm244519,Birth of the Dragon,MOVIE,2017,PG-13,120,"['drama', 'action']","['CN', 'US', 'CA']",1.0,tt2720826,5.6,8112.0,2,3,drama,CN
2201,tm260272,Little Evil,MOVIE,2017,Not Rated,94,"['comedy', 'fantasy', 'horror']",['US'],1.0,tt2937366,5.7,21009.0,3,1,comedy,US
2202,tm347530,Gaga: Five Foot Two,MOVIE,2017,Not Rated,100,"['music', 'documentation']",['US'],1.0,tt7291268,7.0,12825.0,2,1,music,US
2205,tm312577,Fullmetal Alchemist,MOVIE,2017,PG-13,135,"['fantasy', 'scifi', 'action']",['JP'],1.0,tt5749000,5.2,19493.0,3,1,fantasy,JP
2207,tm344886,The Angel,MOVIE,2018,Not Rated,114,"['thriller', 'action', 'drama']","['IL', 'MA', 'US', 'BG', 'GB']",1.0,tt5968274,6.6,14013.0,3,5,thriller,IL
2209,tm365122,Benji,MOVIE,2018,PG,87,"['crime', 'drama', 'family']","['US', 'AE']",1.0,tt1799516,6.3,4544.0,3,2,crime,US
2211,tm320670,White Fang,MOVIE,2018,PG,87,"['animation', 'drama', 'western', 'european']","['FR', 'LU', 'US']",1.0,tt7016508,6.9,3634.0,4,3,animation,FR
2214,tm367250,The Resistance Banker,MOVIE,2018,R,124,"['drama', 'war', 'european']",['NL'],1.0,tt4610378,6.9,9273.0,3,1,drama,NL
2220,tm425732,The Land of Steady Habits,MOVIE,2018,Not Rated,98,"['drama', 'comedy']",['US'],1.0,tt6485928,6.2,7566.0,2,1,drama,US
2226,tm416105,Steve Martin and Martin Short: An Evening You Will Forget for the Rest of Your Life,MOVIE,2018,Not Rated,74,"['comedy', 'music', 'documentation']",['US'],1.0,tt8075256,7.1,2556.0,3,1,comedy,US
2230,tm285171,Clinical,MOVIE,2017,Not Rated,104,"['thriller', 'horror']",['US'],1.0,tt5577742,5.1,7904.0,2,1,thriller,US
2232,tm311995,The Battleship Island,MOVIE,2017,PG-13,132,"['action', 'drama', 'history']",['KR'],1.0,tt5969696,7.1,7005.0,3,1,action,KR
2238,tm298779,Lu Over the Wall,MOVIE,2017,PG,107,"['fantasy', 'animation', 'family', 'music', 'comedy']",['JP'],1.0,tt6452332,6.8,2189.0,5,1,fantasy,JP
2241,tm319882,Hampstead,MOVIE,2017,PG-13,102,"['comedy', 'romance', 'drama']",['GB'],1.0,tt5153236,6.0,6254.0,3,1,comedy,GB
2242,tm420656,Reprisal,MOVIE,2018,R,89,"['action', 'thriller', 'crime', 'drama']","['GB', 'US']",1.0,tt6547170,4.2,7248.0,4,2,action,GB
2243,tm420334,Like Father,MOVIE,2018,R,103,"['comedy', 'drama']",['US'],1.0,tt7170950,6.1,21202.0,2,1,comedy,US
2244,tm368538,MILF,MOVIE,2018,Not Rated,96,"['comedy', 'european']",['FR'],1.0,tt7205316,4.8,6047.0,2,1,comedy,FR
2246,tm357820,The Open House,MOVIE,2018,Not Rated,94,"['horror', 'thriller']",['US'],1.0,tt7608028,3.2,33769.0,2,1,horror,US
2247,tm244521,Catfight,MOVIE,2017,Not Rated,96,"['comedy', 'drama', 'action']",['US'],1.0,tt5294198,5.9,6251.0,3,1,comedy,US
2250,tm419733,"My Teacher, My Obsession",MOVIE,2018,Not Rated,105,"['thriller', 'drama']",['US'],1.0,tt6997574,4.4,2289.0,2,1,thriller,US
2251,tm315850,Take Me,MOVIE,2017,Not Rated,83,"['comedy', 'crime', 'thriller']",['US'],1.0,tt6598734,6.1,5566.0,3,1,comedy,US
2252,tm324820,MFKZ,MOVIE,2018,R,95,"['crime', 'scifi', 'thriller', 'animation', 'action', 'comedy', 'european']","['JP', 'FR']",1.0,tt4717402,6.7,4263.0,7,2,crime,JP
2254,tm296398,Steel Rain,MOVIE,2017,Not Rated,139,"['thriller', 'action', 'drama']",['KR'],1.0,tt6769508,7.1,5434.0,3,1,thriller,KR
2256,tm438502,Sad Hill Unearthed,MOVIE,2017,Not Rated,86,"['documentation', 'european']",['ES'],1.0,tt6997426,7.4,1593.0,2,1,documentation,ES
2258,tm365824,Zero,MOVIE,2018,Not Rated,152,"['comedy', 'drama', 'scifi', 'romance', 'thriller', 'fantasy', 'european']",['IN'],1.0,tt6527426,5.2,27208.0,7,1,comedy,IN
2259,tm436844,The Christmas Chronicles,MOVIE,2018,PG,104,"['fantasy', 'family', 'comedy']",['US'],1.0,tt2990140,7.0,71182.0,3,1,fantasy,US
2260,tm359150,Nothing to Hide,MOVIE,2018,Not Rated,93,"['drama', 'comedy', 'european']","['BE', 'FR', 'IT']",1.0,tt7489816,6.8,14876.0,3,3,drama,BE
2264,tm351931,Patrick,MOVIE,2018,PG,94,"['comedy', 'drama', 'family', 'romance']",['GB'],1.0,tt6542108,6.2,150.0,4,1,comedy,GB
2265,tm285649,The Ottoman Lieutenant,MOVIE,2017,R,111,"['drama', 'war']","['TR', 'US']",1.0,tt4943322,6.4,25582.0,2,2,drama,TR
2268,tm306811,Casting JonBenet,MOVIE,2017,Not Rated,81,"['crime', 'documentation', 'drama']","['US', 'AU']",1.0,tt6333052,6.1,5384.0,3,2,crime,US
2271,tm372318,The World Is Yours,MOVIE,2018,R,94,"['crime', 'comedy', 'european']",['FR'],1.0,tt6892462,6.3,4246.0,3,1,crime,FR
2272,tm351214,Long Shot,MOVIE,2017,Not Rated,40,"['documentation', 'crime', 'sport']",['US'],1.0,tt7344360,7.4,7734.0,3,1,documentation,US
2273,tm347821,Outside In,MOVIE,2018,Not Rated,109,['drama'],['US'],1.0,tt7260048,6.7,4611.0,1,1,drama,US
2276,tm429208,Next Gen,MOVIE,2018,PG,90,"['animation', 'action', 'family', 'scifi', 'comedy']","['CA', 'CN']",1.0,tt7133686,6.6,16964.0,5,2,animation,CA
2277,tm327199,The Saint,MOVIE,2017,PG-13,92,"['crime', 'action']",['US'],1.0,tt2569088,4.9,6555.0,2,1,crime,US
2278,tm352774,Voyeur,MOVIE,2017,R,95,"['documentation', 'crime', 'drama']",['US'],1.0,tt3465276,6.2,5922.0,3,1,documentation,US
2281,tm313974,Get Me Roger Stone,MOVIE,2017,Not Rated,100,"['history', 'documentation']",['US'],1.0,tt6714534,7.4,7333.0,2,1,history,US
2285,tm305437,Hey Arnold! The Jungle Movie,MOVIE,2017,Not Rated,81,"['comedy', 'animation', 'action', 'family', 'fantasy']",['US'],1.0,tt5257726,7.5,3139.0,5,1,comedy,US
2286,tm369179,Irreplaceable You,MOVIE,2018,Not Rated,96,"['drama', 'comedy', 'romance']",['US'],1.0,tt6119856,6.4,9442.0,3,1,drama,US
2289,tm307515,Amar,MOVIE,2017,Not Rated,105,"['romance', 'drama', 'european']","['ES', 'US']",1.0,tt5479616,5.1,4397.0,3,2,romance,ES
2290,tm412273,Tig Notaro: Happy To Be Here,MOVIE,2018,Not Rated,58,['comedy'],['XX'],1.0,tt8342946,6.6,1327.0,1,1,comedy,XX
2291,tm219252,Carrie Pilby,MOVIE,2017,Not Rated,98,"['comedy', 'drama']",['US'],1.0,tt6189446,6.7,11311.0,2,1,comedy,US
2295,tm290831,Fun Mom Dinner,MOVIE,2017,R,81,['comedy'],['US'],1.0,tt6174314,5.3,5509.0,1,1,comedy,US
2297,tm434917,I Am Jonas,MOVIE,2018,Not Rated,82,"['drama', 'romance', 'european']",['FR'],1.0,tt8168186,7.0,5598.0,3,1,drama,FR
2298,tm445735,Springsteen On Broadway,MOVIE,2018,Not Rated,153,"['documentation', 'music']",['US'],1.0,tt8716334,8.5,2178.0,2,1,documentation,US
2304,tm245383,Te Ata,MOVIE,2017,PG,105,"['drama', 'history']",['US'],1.0,tt5225360,7.4,736.0,2,1,drama,US
2305,tm349529,Cuba and the Cameraman,MOVIE,2017,Not Rated,113,['documentation'],"['CU', 'US']",1.0,tt7320560,8.3,4715.0,1,2,documentation,CU
2306,tm374454,Indian Horse,MOVIE,2018,PG-13,105,"['drama', 'sport']",['CA'],1.0,tt5672286,7.3,2105.0,2,1,drama,CA
2307,tm407714,I Am Not an Easy Man,MOVIE,2018,Not Rated,98,"['comedy', 'european']",['FR'],1.0,tt6857988,6.3,14146.0,2,1,comedy,FR
2308,tm374313,The Forgiven,MOVIE,2018,R,115,['thriller'],"['ZA', 'GB']",1.0,tt2249081,5.9,2427.0,1,2,thriller,ZA
2313,tm244368,You Get Me,MOVIE,2017,Not Rated,89,"['thriller', 'crime', 'drama', 'romance']",['US'],1.0,tt5539054,4.7,12740.0,4,1,thriller,US
2314,tm266702,The Climb,MOVIE,2017,Not Rated,103,"['comedy', 'drama', 'romance', 'european']",['FR'],1.0,tt5157682,6.9,7383.0,4,1,comedy,FR
2316,tm323195,Sarah Silverman: A Speck of Dust,MOVIE,2017,Not Rated,71,"['comedy', 'documentation']",['US'],1.0,tt6948354,6.9,3711.0,2,1,comedy,US
2319,tm322569,Hasan Minhaj: Homecoming King,MOVIE,2017,Not Rated,72,"['comedy', 'documentation']",['US'],1.0,tt6900940,8.2,7120.0,2,1,comedy,US
2323,tm406831,Modest Heroes,MOVIE,2018,PG,53,"['fantasy', 'animation', 'drama', 'family', 'comedy']",['JP'],1.0,tt8223844,6.6,2646.0,5,1,fantasy,JP
2326,tm408941,Mercury 13,MOVIE,2018,NC-17,79,['documentation'],['IE'],1.0,tt8139850,6.9,1160.0,1,1,documentation,IE
2328,tm305112,The Fortress,MOVIE,2017,Not Rated,140,"['drama', 'action', 'history', 'war', 'thriller']",['KR'],1.0,tt7160176,6.8,2435.0,5,1,drama,KR
2330,tm363231,Godzilla: City on the Edge of Battle,MOVIE,2018,PG-13,105,"['scifi', 'animation', 'action']",['JP'],1.0,tt8015080,5.8,4824.0,3,1,scifi,JP
2332,tm427465,Quincy,MOVIE,2018,Not Rated,124,"['music', 'documentation']",['US'],1.0,tt7440432,7.6,4488.0,2,1,music,US
2333,tm445899,Struggle: The Life and Lost Art of Szukalski,MOVIE,2018,Not Rated,104,"['documentation', 'european']","['US', 'PL']",1.0,tt9316022,7.9,4082.0,2,2,documentation,US
2334,tm139564,The Outcasts,MOVIE,2017,PG-13,95,['comedy'],['US'],1.0,tt2597760,5.4,4426.0,1,1,comedy,US
2335,tm263427,The Invisible Guardian,MOVIE,2017,Not Rated,129,"['thriller', 'crime', 'european']","['ES', 'DE']",1.0,tt4924942,6.4,15541.0,3,2,thriller,ES
2336,tm313487,Bending the Arc,MOVIE,2017,Not Rated,102,['documentation'],['US'],1.0,tt6370266,8.0,314.0,1,1,documentation,US
2339,tm443993,"Take the Ball, Pass the Ball",MOVIE,2018,Not Rated,107,"['documentation', 'sport', 'european']",['ES'],1.0,tt9135854,8.0,3064.0,3,1,documentation,ES
2341,tm437608,Adam Sandler: 100% Fresh,MOVIE,2018,R,73,"['comedy', 'music']",['US'],1.0,tt9036126,7.5,5096.0,2,1,comedy,US
2343,tm336712,An Imperfect Murder,MOVIE,2017,R,71,"['crime', 'drama', 'thriller']",['US'],1.0,tt6469960,3.1,1594.0,3,1,crime,US
2344,tm307950,Mike Birbiglia: Thank God for Jokes,MOVIE,2017,Not Rated,71,['comedy'],['US'],1.0,tt6608034,7.4,2465.0,1,1,comedy,US
2345,tm236659,Sky Ladder: The Art of Cai Guo-Qiang,MOVIE,2017,Not Rated,80,['documentation'],['US'],1.0,tt5278930,7.3,1436.0,1,1,documentation,US
2346,tm327540,Gnome Alone,MOVIE,2017,PG,85,"['fantasy', 'family', 'drama', 'comedy', 'thriller', 'music', 'animation']","['US', 'CA', 'GB']",1.0,tt5851786,5.6,3410.0,7,3,fantasy,US
2352,tm293867,Neal Brennan: 3 Mics,MOVIE,2017,Not Rated,65,"['comedy', 'documentation']",['US'],1.0,tt6438918,7.8,3228.0,2,1,comedy,US
2353,tm266685,Sandy Wexler,MOVIE,2017,Not Rated,130,['comedy'],['US'],1.0,tt5893332,5.2,16603.0,1,1,comedy,US
2354,tm839847,WHAT DID JACK DO?,MOVIE,2017,Not Rated,17,['comedy'],['US'],1.0,Unknown,6.5334469051675175,2279.0,1,1,comedy,US
2355,tm370392,The Week Of,MOVIE,2018,PG-13,116,['comedy'],['US'],1.0,tt6821012,5.2,21481.0,1,1,comedy,US
2356,tm285298,Naked,MOVIE,2017,Not Rated,96,"['comedy', 'fantasy', 'romance']",['US'],1.0,tt6048930,5.4,19366.0,3,1,comedy,US
2358,tm404475,The Bleeding Edge,MOVIE,2018,Not Rated,100,['documentation'],['US'],1.0,tt8106576,7.6,2671.0,1,1,documentation,US
2361,tm448122,Taylor Swift: Reputation Stadium Tour,MOVIE,2018,PG-13,125,"['documentation', 'music']",['US'],1.0,tt9426852,8.3,5293.0,2,1,documentation,US
2362,tm299761,Toc Toc,MOVIE,2017,PG,90,"['comedy', 'family', 'fantasy', 'european']",['ES'],1.0,tt6060156,6.8,18484.0,4,1,comedy,ES
2363,tm440415,John Leguizamo's Latin History for Morons,MOVIE,2018,PG,89,"['comedy', 'documentation']",['US'],1.0,tt9777830,7.4,738.0,2,1,comedy,US
2364,tm362074,And Breathe Normally,MOVIE,2018,Not Rated,95,"['drama', 'european']","['IS', 'SE', 'BE']",1.0,tt6776106,6.9,3020.0,2,3,drama,IS
2365,tm358666,The Awakening of Motti Wolkenbruch,MOVIE,2018,Not Rated,94,"['comedy', 'drama', 'european']","['CH', 'DE']",1.0,tt4766630,6.6,4255.0,3,2,comedy,CH
2367,tm233485,Charming,MOVIE,2018,Not Rated,90,"['fantasy', 'animation', 'comedy', 'family']",['US'],1.0,tt4086018,5.6,3467.0,4,1,fantasy,US
2369,tm266705,Giant,MOVIE,2017,PG-13,114,"['drama', 'history', 'european']",['ES'],1.0,tt5693136,6.7,4153.0,3,1,drama,ES
2373,tm427293,Solo,MOVIE,2018,Not Rated,100,"['thriller', 'drama', 'romance', 'sport', 'european']",['ES'],1.0,tt6699860,5.0,2747.0,5,1,thriller,ES
2374,tm327053,The Killer,MOVIE,2017,Not Rated,99,"['western', 'horror', 'action']",['BR'],1.0,tt5379294,6.0,2642.0,3,1,western,BR
2375,tm405849,Flavors of Youth,MOVIE,2018,PG-13,74,"['drama', 'animation', 'romance']","['CN', 'JP']",1.0,tt8176578,6.6,7206.0,3,2,drama,CN
2376,tm326723,The Polka King,MOVIE,2017,Not Rated,95,"['comedy', 'drama', 'music']",['US'],1.0,tt5539052,5.9,10428.0,3,1,comedy,US
2378,tm238377,The Legacy of a Whitetail Deer Hunter,MOVIE,2018,Not Rated,83,"['comedy', 'drama']",['US'],1.0,tt4762824,5.5,3909.0,2,1,comedy,US
2379,tm366820,Come Sunday,MOVIE,2018,Not Rated,106,['drama'],['US'],1.0,tt1690967,6.0,2287.0,1,1,drama,US
2381,tm313988,The Death and Life of Marsha P. Johnson,MOVIE,2017,Not Rated,105,['documentation'],['US'],1.0,tt5233558,7.2,2881.0,1,1,documentation,US
2383,tm312767,Monster High: Electrified,MOVIE,2017,PG,72,"['animation', 'fantasy']",['US'],1.0,tt9408950,5.5,300.0,2,1,animation,US
2384,tm320817,Mersal,MOVIE,2017,Not Rated,169,"['thriller', 'action']",['IN'],1.0,tt6485666,8.1,32573.0,2,1,thriller,IN
2386,tm370628,Fred Armisen: Standup for Drummers,MOVIE,2018,Not Rated,65,"['music', 'comedy']",['US'],1.0,tt7924798,5.8,1276.0,2,1,music,US
2387,tm405738,Perdida,MOVIE,2018,R,103,"['crime', 'drama', 'thriller']","['AR', 'ES']",1.0,tt7841496,5.6,4684.0,3,2,crime,AR
2388,tm371952,Sarkar,MOVIE,2018,Not Rated,164,"['drama', 'action']",['IN'],1.0,tt8591968,7.0,18453.0,2,1,drama,IN
2391,tm417440,Camarón: The Film,MOVIE,2018,Not Rated,104,['documentation'],['ES'],1.0,tt8067306,7.5,303.0,1,1,documentation,ES
2392,tm327622,S.W.A.T.: Under Siege,MOVIE,2017,R,89,"['thriller', 'crime', 'action']",['US'],1.0,tt6014472,4.5,3524.0,3,1,thriller,US
2393,tm430104,High Society,MOVIE,2018,Not Rated,119,"['crime', 'drama']",['KR'],1.0,tt8865580,5.5,984.0,2,1,crime,KR
2394,tm443186,Generation Iron 3,MOVIE,2018,Not Rated,75,['documentation'],['US'],1.0,tt8178958,6.2,3333.0,1,1,documentation,US
2398,tm313293,Whose Streets?,MOVIE,2017,R,90,['documentation'],['US'],1.0,tt6185288,5.5,1337.0,1,1,documentation,US
2399,tm349138,One of Us,MOVIE,2017,Not Rated,95,['documentation'],['US'],1.0,tt7214842,7.0,6482.0,1,1,documentation,US
2400,tm376801,The Rachel Divide,MOVIE,2018,Not Rated,104,['documentation'],['US'],1.0,tt8106570,6.3,2512.0,1,1,documentation,US
2401,tm424032,My Masterpiece,MOVIE,2018,Not Rated,100,"['comedy', 'drama']","['ES', 'AR']",1.0,tt7605922,7.1,5934.0,2,2,comedy,ES
2402,tm358242,Brian Regan: Nunchucks and Flamethrowers,MOVIE,2017,Not Rated,61,"['comedy', 'documentation']",['US'],1.0,tt7679532,6.3,679.0,2,1,comedy,US
2404,tm409618,Alex Strangelove,MOVIE,2018,R,99,"['drama', 'comedy', 'romance']",['US'],1.0,tt5688996,6.3,17305.0,3,1,drama,US
2405,tm244274,Lowriders,MOVIE,2017,PG-13,99,"['drama', 'crime']",['US'],1.0,tt1366338,5.6,2519.0,2,1,drama,US
2407,tm376840,End Game,MOVIE,2018,Not Rated,40,['documentation'],['US'],1.0,Unknown,6.5334469051675175,2279.0,1,1,documentation,US
2408,tm372891,Chris Rock: Tamborine,MOVIE,2018,Not Rated,64,"['comedy', 'documentation']",['US'],1.0,tt8005338,6.6,6816.0,2,1,comedy,US
2411,tm443034,Your Son,MOVIE,2018,Not Rated,103,"['thriller', 'drama', 'action', 'crime', 'european']",['ES'],1.0,tt7807026,6.1,4708.0,5,1,thriller,ES
2412,tm318641,Justice,MOVIE,2017,R,92,"['western', 'drama', 'action', 'european']",['US'],1.0,tt5143890,4.0,1208.0,4,1,western,US
2414,tm314829,NY Prison Break: The Seduction of Joyce Mitchell,MOVIE,2017,Not Rated,84,"['crime', 'drama']",['US'],1.0,tt6710568,5.6,322.0,2,1,crime,US
2415,tm366973,Tom Segura: Disgraceful,MOVIE,2018,PG-13,74,"['comedy', 'documentation']",['US'],1.0,tt7379330,7.5,3695.0,2,1,comedy,US
2416,tm295177,It's for Your Own Good,MOVIE,2017,Not Rated,93,"['comedy', 'european']",['ES'],1.0,tt5790492,5.5,2284.0,2,1,comedy,ES
2417,tm420797,Sierra Burgess Is a Loser,MOVIE,2018,PG-13,105,"['drama', 'romance', 'comedy']",['US'],1.0,tt3120280,5.8,38319.0,3,1,drama,US
2419,tm406098,Battle,MOVIE,2018,R,95,"['drama', 'romance', 'music', 'european']","['DK', 'NL', 'NO', 'SE']",1.0,tt6854672,5.9,4139.0,4,4,drama,DK
2420,tm374845,The Seven Deadly Sins: Prisoners of the Sky,MOVIE,2018,PG-13,99,"['fantasy', 'animation', 'action']",['JP'],1.0,tt9089294,7.1,4649.0,3,1,fantasy,JP
2421,tm359714,Christmas Inheritance,MOVIE,2017,Not Rated,105,"['romance', 'comedy', 'drama']",['US'],1.0,tt7608534,5.7,11693.0,3,1,romance,US
2422,tm314705,Jo Koy: Live from Seattle,MOVIE,2017,Not Rated,63,['comedy'],['US'],1.0,tt6720442,7.1,1322.0,1,1,comedy,US
2423,tm325102,Puss in Book: Trapped in an Epic Tale,MOVIE,2017,G,23,['fantasy'],['US'],1.0,Unknown,6.5334469051675175,2279.0,1,1,fantasy,US
2426,tm413557,Okko's Inn,MOVIE,2018,PG,94,"['comedy', 'fantasy', 'animation', 'family', 'drama']",['JP'],1.0,tt8328740,7.0,1803.0,5,1,comedy,JP
2428,tm363787,Christmas in the Heartland,MOVIE,2017,Not Rated,90,['family'],['US'],1.0,tt3396114,5.9,1414.0,1,1,family,US
2429,tm371630,How to Be Really Bad,MOVIE,2018,Not Rated,100,"['comedy', 'family', 'fantasy', 'romance', 'european']",['DE'],1.0,tt5571754,6.2,1076.0,5,1,comedy,DE
2431,tm355724,A Christmas Prince,MOVIE,2017,PG,92,"['romance', 'comedy', 'family']",['US'],1.0,tt7608418,5.7,19456.0,3,1,romance,US
2434,tm356563,The Stolen,MOVIE,2017,Not Rated,98,"['western', 'drama', 'thriller', 'action']","['NZ', 'GB', 'DE']",1.0,tt1680140,5.3,1330.0,4,3,western,NZ
2435,tm420989,Father of the Year,MOVIE,2018,Not Rated,94,['comedy'],['US'],1.0,tt7256866,5.2,11281.0,1,1,comedy,US
2437,tm348010,Killing Hasselhoff,MOVIE,2017,R,79,['comedy'],['US'],1.0,tt2967226,4.4,2655.0,1,1,comedy,US
2438,tm357552,Pottersville,MOVIE,2017,Not Rated,85,['comedy'],['US'],1.0,tt3672120,5.4,4674.0,1,1,comedy,US
2439,tm300027,Thi Mai,MOVIE,2018,G,100,"['comedy', 'family', 'european']",['ES'],1.0,tt6126346,6.0,2504.0,3,1,comedy,ES
2441,tm414676,Paradise Lost,MOVIE,2018,Not Rated,110,"['drama', 'music', 'documentation']",['BR'],1.0,tt6955878,6.9,674.0,3,1,drama,BR
2442,tm437631,Derren Brown: Sacrifice,MOVIE,2018,Not Rated,49,"['documentation', 'reality']",['US'],1.0,tt9077188,7.1,1786.0,2,1,documentation,US
2443,tm408890,Yucatán,MOVIE,2018,PG,129,"['comedy', 'romance', 'european']",['ES'],1.0,tt6502956,5.5,2065.0,3,1,comedy,ES
2444,tm426569,A Twelve-Year Night,MOVIE,2018,Not Rated,122,"['drama', 'crime', 'history', 'european']","['AR', 'ES', 'UY']",1.0,tt6792282,7.5,9816.0,4,3,drama,AR
2445,tm404690,Happy Anniversary,MOVIE,2018,Not Rated,78,['comedy'],['US'],1.0,tt6423886,5.7,4219.0,1,1,comedy,US
2446,tm320249,Maria Bamford: Old Baby,MOVIE,2017,Not Rated,64,"['comedy', 'documentation']",['US'],1.0,tt6264596,6.1,945.0,2,1,comedy,US
2449,tm286532,Rock my Heart,MOVIE,2017,Not Rated,105,"['drama', 'european']",['DE'],1.0,tt5870322,6.5,984.0,2,1,drama,DE
2454,tm375729,Us and Them,MOVIE,2018,Not Rated,120,"['romance', 'drama']",['CN'],1.0,tt8521758,7.4,4026.0,2,1,romance,CN
2458,tm311319,Manhunt,MOVIE,2017,Not Rated,106,"['thriller', 'action', 'crime']","['HK', 'CN']",1.0,tt4537986,5.2,3210.0,3,2,thriller,HK
2460,tm270490,The B-Side: Elsa Dorfman's Portrait Photography,MOVIE,2017,R,76,['documentation'],['US'],1.0,tt5952468,6.7,743.0,1,1,documentation,US
2461,tm358949,A Very Country Christmas,MOVIE,2017,G,83,"['romance', 'drama', 'family', 'comedy']","['CA', 'US']",1.0,tt7001906,6.0,1622.0,4,2,romance,CA
2462,tm408104,Greg Davies: You Magnificent Beast,MOVIE,2018,Not Rated,66,['comedy'],['GB'],1.0,tt8259682,7.1,2328.0,1,1,comedy,GB
2464,tm428073,When Angels Sleep,MOVIE,2018,Not Rated,94,"['thriller', 'drama', 'horror', 'fantasy', 'action', 'crime', 'european']",['ES'],1.0,tt3732280,5.5,3619.0,7,1,thriller,ES
2466,tm429377,Bert Kreischer: Secret Time,MOVIE,2018,Not Rated,57,"['comedy', 'documentation']",['US'],1.0,tt8786466,7.3,2307.0,2,1,comedy,US
2468,tm330869,Show Dogs,MOVIE,2018,PG,90,"['comedy', 'crime', 'family']","['GB', 'US']",1.0,tt5691024,3.9,4653.0,3,2,comedy,GB
2469,tm350607,Escape from Mr. Lemoncello's Library,MOVIE,2017,G,69,"['fantasy', 'family']","['CA', 'US']",1.0,tt5878476,5.4,440.0,2,2,fantasy,CA
2470,tm417317,Bhavesh Joshi Superhero,MOVIE,2018,Not Rated,155,"['drama', 'action', 'crime']",['IN'],1.0,tt6129302,7.7,8587.0,3,1,drama,IN
2472,tm407295,Amateur,MOVIE,2018,R,96,"['drama', 'sport']",['US'],1.0,tt5580392,5.9,4303.0,2,1,drama,US
2474,tm282910,Fireworks,MOVIE,2017,PG-13,90,"['drama', 'documentation', 'fantasy', 'romance', 'scifi', 'family', 'animation']",['JP'],1.0,tt6317962,5.6,3147.0,7,1,drama,JP
2476,tm429984,Pachamama,MOVIE,2018,PG,72,"['fantasy', 'animation', 'family', 'european']","['LU', 'CA', 'FR']",1.0,tt5541002,6.8,848.0,4,3,fantasy,LU
2478,tm419496,Lust Stories,MOVIE,2018,R,120,"['romance', 'drama']",['IN'],1.0,tt8439854,6.4,10725.0,2,1,romance,IN
2479,tm344173,All I Wish,MOVIE,2018,G,94,"['comedy', 'drama', 'romance']",['US'],1.0,tt1492705,5.2,1564.0,3,1,comedy,US
2482,tm362180,"Ram Dass, Going Home",MOVIE,2017,PG-13,31,['documentation'],['US'],1.0,Unknown,6.5334469051675175,2279.0,1,1,documentation,US
2483,tm294581,The Clapper,MOVIE,2018,R,89,"['comedy', 'drama']",['US'],1.0,tt5461956,5.1,7425.0,2,1,comedy,US
2484,tm313120,Chasing Coral,MOVIE,2017,Not Rated,93,['documentation'],['US'],1.0,tt6333054,8.1,5143.0,1,1,documentation,US
2487,tm477838,Disconnect,MOVIE,2018,Not Rated,107,"['romance', 'comedy', 'scifi']",['KE'],1.0,tt8413566,5.3,117.0,3,1,romance,KE
2492,tm374216,Take Your Pills,MOVIE,2018,Not Rated,87,['documentation'],['US'],1.0,tt7983844,6.3,5048.0,1,1,documentation,US
2493,tm232464,Raees,MOVIE,2017,R,143,"['thriller', 'drama', 'action', 'crime']",['IN'],1.0,tt3405236,6.7,43835.0,4,1,thriller,IN
2494,tm367473,Bad Seeds,MOVIE,2018,Not Rated,100,"['comedy', 'european']",['FR'],1.0,tt6708116,7.3,5407.0,2,1,comedy,FR
2495,tm361743,A Miraculous Christmas Special: Tales of Ladybug and Cat Noir,MOVIE,2017,Not Rated,21,[],"['KR', 'FR', 'JP']",1.0,Unknown,6.5334469051675175,2279.0,0,3,Unknown,KR
2496,tm413049,Animal World,MOVIE,2018,R,125,"['thriller', 'action', 'fantasy', 'scifi', 'comedy', 'drama']",['CN'],1.0,tt9257932,6.5,4367.0,6,1,thriller,CN
2498,tm311193,Seeking a Man,MOVIE,2017,Not Rated,100,"['comedy', 'drama', 'romance']",['EG'],1.0,tt6539420,6.3,602.0,3,1,comedy,EG
2499,tm307761,Toilet: A Love Story,MOVIE,2017,Not Rated,155,"['comedy', 'drama', 'romance']",['IN'],1.0,tt5785170,7.2,20675.0,3,1,comedy,IN
2501,tm371959,6 Balloons,MOVIE,2018,Not Rated,75,['drama'],['US'],1.0,tt6142496,5.9,4087.0,1,1,drama,US
2502,tm320206,#realityhigh,MOVIE,2017,Not Rated,99,"['comedy', 'drama', 'romance']",['US'],1.0,tt6119504,5.2,6283.0,3,1,comedy,US
2504,tm408306,Seth Rogen's Hilarity for Charity,MOVIE,2018,Not Rated,70,"['comedy', 'documentation']",['CA'],1.0,tt8178116,5.0,2360.0,2,1,comedy,CA
2505,tm422715,Stree,MOVIE,2018,Not Rated,128,"['horror', 'comedy']",['IN'],1.0,tt8108202,7.6,32814.0,2,1,horror,IN
2506,tm301024,Wedding Unplanned,MOVIE,2017,Not Rated,94,"['comedy', 'romance', 'drama', 'european']",['FR'],1.0,tt9519642,5.7,1610.0,4,1,comedy,FR
2512,tm418870,Close Enemies,MOVIE,2018,Not Rated,111,"['drama', 'thriller', 'european']","['FR', 'BE']",1.0,tt6527586,6.4,2607.0,3,2,drama,FR
2513,tm340366,The Mitfords: A Tale of Two Sisters,MOVIE,2017,Not Rated,44,['documentation'],[],1.0,Unknown,6.5334469051675175,2279.0,1,0,documentation,Unknown
2514,tm370447,The Tree of Blood,MOVIE,2018,Not Rated,130,"['drama', 'european']",['ES'],1.0,tt6433832,6.4,2934.0,2,1,drama,ES
2515,tm425884,They'll Love Me When I'm Dead,MOVIE,2018,Not Rated,98,['documentation'],['US'],1.0,tt6893836,7.4,4953.0,1,1,documentation,US
2516,tm429382,Nappily Ever After,MOVIE,2018,NC-17,100,"['comedy', 'drama', 'romance']",['US'],1.0,tt0365545,6.4,9139.0,3,1,comedy,US
2517,tm322210,Bomb Scared,MOVIE,2017,Not Rated,89,"['comedy', 'european']",['ES'],1.0,tt6895746,5.7,2846.0,2,1,comedy,ES
2518,tm313748,Handsome: A Netflix Mystery Movie,MOVIE,2017,Not Rated,81,"['comedy', 'documentation']",['US'],1.0,tt8836958,5.2,4465.0,2,1,comedy,US
2521,tm244300,Lommbock,MOVIE,2017,Not Rated,102,"['comedy', 'european']",['DE'],1.0,tt5075584,6.7,3647.0,2,1,comedy,DE
2523,tm366143,Maktub,MOVIE,2017,PG-13,100,"['drama', 'comedy']",['IL'],1.0,tt7252000,7.3,2831.0,2,1,drama,IL
2524,tm432838,Black Is Beltza,MOVIE,2018,Not Rated,88,"['thriller', 'animation', 'drama']",['ES'],1.0,tt8512986,5.8,292.0,3,1,thriller,ES
2525,tm463806,The Legend of Cocaine Island,MOVIE,2018,Not Rated,87,['documentation'],['US'],1.0,tt8106596,6.3,3287.0,1,1,documentation,US
2526,tm313712,Mom,MOVIE,2017,Not Rated,147,"['crime', 'thriller', 'drama']",['IN'],1.0,tt8771030,7.2,10320.0,3,1,crime,IN
2528,tm244287,Half Girlfriend,MOVIE,2017,Not Rated,135,"['romance', 'drama']",['IN'],1.0,tt5474042,4.6,7090.0,2,1,romance,IN
2531,tm299764,The Motive,MOVIE,2017,Not Rated,104,"['drama', 'thriller', 'comedy', 'crime', 'european']","['MX', 'ES']",1.0,tt5454810,6.5,5713.0,5,2,drama,MX
2532,tm407775,Lady J,MOVIE,2018,Not Rated,110,"['romance', 'drama', 'european']",['FR'],1.0,tt7530986,6.8,3306.0,3,1,romance,FR
2533,tm334949,Right Here Right Now,MOVIE,2018,Not Rated,89,"['drama', 'music', 'comedy', 'european']",['DE'],1.0,tt6175086,5.4,311.0,4,1,drama,DE
2534,tm409942,Shéhérazade,MOVIE,2018,Not Rated,106,"['thriller', 'drama', 'romance', 'european']",['FR'],1.0,tt8459250,7.0,2195.0,4,1,thriller,FR
2535,tm238587,Shepherds and Butchers,MOVIE,2017,R,106,"['drama', 'crime']","['US', 'DE', 'ZA']",1.0,tt4627352,6.8,3460.0,2,3,drama,US
2536,tm410748,The Most Unknown,MOVIE,2018,Not Rated,92,['documentation'],['US'],1.0,tt8126390,6.6,2067.0,1,1,documentation,US
2537,tm413955,A Fortunate Man,MOVIE,2018,Not Rated,162,"['drama', 'romance', 'european']",['DK'],1.0,tt8436026,7.2,6093.0,3,1,drama,DK
2538,tm376015,LEGO Marvel Super Heroes: Guardians of the Galaxy - The Thanos Threat,MOVIE,2017,Not Rated,21,"['animation', 'fantasy', 'scifi', 'action', 'comedy']",['US'],1.0,tt7387224,5.9,444.0,5,1,animation,US
2539,tm346334,Out of Thin Air,MOVIE,2017,Not Rated,85,"['crime', 'documentation']","['GB', 'IS']",1.0,tt6330514,6.3,2271.0,2,2,crime,GB
2540,tm434727,"Ron White: If You Quit Listening, I'll Shut Up",MOVIE,2018,Not Rated,63,['comedy'],['US'],1.0,tt9060534,6.5,827.0,1,1,comedy,US
2541,tm409817,Sir,MOVIE,2018,Not Rated,99,"['romance', 'drama', 'european']","['FR', 'IN']",1.0,tt7142506,7.7,6893.0,3,2,romance,FR
2542,tm307776,Secret Superstar,MOVIE,2017,Not Rated,150,"['drama', 'music']",['IN'],1.0,tt6108090,7.9,24046.0,2,1,drama,IN
2543,tm372917,Pope Francis: A Man of His Word,MOVIE,2018,PG,96,"['documentation', 'european']","['IT', 'CH', 'VA', 'FR', 'DE']",1.0,tt6915100,6.4,2240.0,2,5,documentation,IT
2544,tm426202,Demetri Martin: The Overthinker,MOVIE,2018,Not Rated,56,['comedy'],['US'],1.0,tt7725144,7.2,1697.0,1,1,comedy,US
2545,tm367008,Katt Williams: Great America,MOVIE,2018,Not Rated,60,['comedy'],['US'],1.0,tt8536972,6.2,940.0,1,1,comedy,US
2546,tm270987,Sahara,MOVIE,2017,Not Rated,86,"['comedy', 'family', 'romance', 'animation', 'drama', 'european']","['FR', 'CA']",1.0,tt4466894,5.5,2778.0,6,2,comedy,FR
2547,tm328175,Budapest,MOVIE,2018,R,102,"['comedy', 'european']",['FR'],1.0,tt7027092,5.4,2893.0,2,1,comedy,FR
2548,tm359713,El Camino Christmas,MOVIE,2017,Not Rated,97,"['crime', 'comedy', 'western']",['US'],1.0,tt3255590,5.7,8519.0,3,1,crime,US
2549,tm366019,BuyBust,MOVIE,2018,Not Rated,127,"['thriller', 'action', 'drama', 'crime']",['PH'],1.0,tt5938084,5.8,1874.0,4,1,thriller,PH
2550,tm353046,Patton Oswalt: Annihilation,MOVIE,2017,Not Rated,66,"['comedy', 'documentation']",['US'],1.0,tt7026230,7.2,2367.0,2,1,comedy,US
2552,tm321627,Ali's Wedding,MOVIE,2017,Not Rated,110,"['comedy', 'drama', 'romance']",['AU'],1.0,tt2782692,6.9,4959.0,3,1,comedy,AU
2553,tm311283,Amy Schumer: The Leather Special,MOVIE,2017,Not Rated,57,['comedy'],['US'],1.0,tt6616074,3.0,9753.0,1,1,comedy,US
2554,tm368441,Aapla Manus,MOVIE,2018,Not Rated,132,"['thriller', 'drama']",['IN'],1.0,tt7867076,7.0,922.0,2,1,thriller,IN
2555,tm244292,Bibi & Tina: Perfect Pandemonium,MOVIE,2017,Not Rated,110,"['fantasy', 'drama', 'family', 'comedy', 'european']",['DE'],1.0,tt5950646,4.0,457.0,5,1,fantasy,DE
2558,tm368310,Retablo,MOVIE,2018,Not Rated,95,['drama'],"['DE', 'NO', 'PE']",1.0,tt7761590,7.5,1711.0,1,3,drama,DE
2559,tm411358,The American Meme,MOVIE,2018,Not Rated,95,['documentation'],['US'],1.0,tt8106558,6.8,17034.0,1,1,documentation,US
2560,tm300056,Holy Goalie,MOVIE,2018,Not Rated,95,"['comedy', 'sport', 'european']",['ES'],1.0,tt6197484,5.3,1603.0,3,1,comedy,ES
2561,tm344336,Burn Out,MOVIE,2018,Not Rated,107,"['thriller', 'crime', 'action', 'european']",['FR'],1.0,tt6340604,6.2,3718.0,4,1,thriller,FR
2562,tm372054,The Tribe,MOVIE,2018,Not Rated,90,"['comedy', 'family', 'european']",['ES'],1.0,tt6708044,5.8,2627.0,3,1,comedy,ES
2563,tm405901,Family Blood,MOVIE,2018,Not Rated,92,"['horror', 'thriller', 'drama']",['US'],1.0,tt7895904,4.2,2934.0,3,1,horror,US
2565,tm350887,Barbie: Dolphin Magic,MOVIE,2017,G,63,['fantasy'],['CA'],1.0,Unknown,6.5334469051675175,2279.0,1,1,fantasy,CA
2572,tm415875,Break,MOVIE,2018,Not Rated,91,"['drama', 'comedy', 'european']",['FR'],1.0,tt7343574,5.8,1144.0,3,1,drama,FR
2573,tm375302,Derren Brown: The Push,MOVIE,2018,Not Rated,69,"['reality', 'documentation']",[],1.0,tt7924808,7.5,3637.0,2,0,reality,Unknown
2575,tm372305,First Match,MOVIE,2018,Not Rated,102,"['drama', 'sport']",['US'],1.0,tt6061074,6.4,2242.0,2,1,drama,US
2576,tm515157,Point Blank,MOVIE,2017,NC-17,86,"['action', 'thriller', 'crime', 'drama']",['US'],1.0,tt2499472,5.7,14184.0,4,1,action,US
2577,tm376234,The Warning,MOVIE,2018,Not Rated,93,"['fantasy', 'thriller', 'action', 'horror', 'crime', 'drama', 'european']",['ES'],1.0,tt3711510,5.9,6278.0,7,1,fantasy,ES
2578,tm441198,The Princess Switch,MOVIE,2018,PG,101,"['romance', 'comedy', 'drama', 'family']",['US'],1.0,tt8954732,6.0,27650.0,4,1,romance,US
2579,tm366590,Sanju,MOVIE,2018,Not Rated,161,"['drama', 'comedy']","['IN', 'US']",1.0,tt6452574,7.7,52227.0,2,2,drama,IN
2580,tm418039,LEGO Marvel Super Heroes: Black Panther - Trouble in Wakanda,MOVIE,2018,Not Rated,22,"['fantasy', 'action', 'comedy', 'scifi', 'animation']",['US'],1.0,tt8205250,5.6,551.0,5,1,fantasy,US
2581,tm371212,My Perfect Romance,MOVIE,2018,PG-13,91,['romance'],['CA'],1.0,tt7358936,4.6,3012.0,1,1,romance,CA
2582,tm366972,The Drug King,MOVIE,2018,Not Rated,139,"['crime', 'drama', 'action']",['KR'],1.0,tt6914542,6.2,3103.0,3,1,crime,KR
2583,tm411288,Nigerian Prince,MOVIE,2018,Not Rated,104,"['thriller', 'crime', 'drama']","['US', 'NG']",1.0,tt6851966,5.8,383.0,3,2,thriller,US
2584,tm244321,Sun Dogs,MOVIE,2017,Not Rated,93,"['drama', 'fantasy', 'comedy']","['MX', 'US']",1.0,tt5665452,6.2,2284.0,3,2,drama,MX
2585,tm358746,A Witches' Ball,MOVIE,2017,PG,90,"['fantasy', 'scifi', 'family', 'comedy']",['CA'],1.0,tt5814408,5.2,376.0,4,1,fantasy,CA
2586,tm340587,Ittefaq,MOVIE,2017,PG,107,"['thriller', 'crime']",['IN'],1.0,tt6692354,7.2,12095.0,2,1,thriller,IN
2587,tm359975,The Chase,MOVIE,2017,Not Rated,110,"['thriller', 'crime', 'drama']",['KR'],1.0,tt8088944,6.6,2957.0,3,1,thriller,KR
2588,tm852185,Limitless,MOVIE,2017,Not Rated,59,['documentation'],['IN'],1.0,Unknown,6.5334469051675175,2279.0,1,1,documentation,IN
2589,tm444469,Eerie,MOVIE,2018,Not Rated,101,"['horror', 'thriller', 'crime', 'drama']","['SG', 'PH']",1.0,tt8723216,4.6,2297.0,4,2,horror,SG
2592,tm374357,Going for Gold,MOVIE,2018,G,89,"['drama', 'family', 'sport']",['AU'],1.0,tt7104578,4.8,537.0,3,1,drama,AU
2593,tm321073,Judwaa 2,MOVIE,2017,Not Rated,150,"['romance', 'action', 'comedy']",['IN'],1.0,tt5456546,3.6,10517.0,3,1,romance,IN
2594,tm352033,The Milk System,MOVIE,2018,Not Rated,90,"['documentation', 'european']","['DE', 'IT']",1.0,tt7274546,7.0,525.0,2,2,documentation,DE
2597,tm421776,Ronnie Coleman: The King,MOVIE,2018,Not Rated,93,['documentation'],['US'],1.0,tt7217214,7.0,3730.0,1,1,documentation,US
2598,tm314295,Nobody Speak: Trials of the Free Press,MOVIE,2017,Not Rated,95,"['documentation', 'european']","['NL', 'US']",1.0,tt6333064,6.5,4092.0,2,2,documentation,NL
2601,tm327708,Bareilly Ki Barfi,MOVIE,2017,Not Rated,123,"['romance', 'comedy']",['IN'],1.0,tt6967980,7.5,23011.0,2,1,romance,IN
2604,tm233484,Duck Duck Goose,MOVIE,2018,PG,82,"['comedy', 'family', 'animation']",['CN'],1.0,tt4940416,5.7,3686.0,3,1,comedy,CN
2605,tm440678,Revenger,MOVIE,2018,NC-17,102,"['action', 'crime', 'thriller']",['KR'],1.0,tt9426186,5.7,4252.0,3,1,action,KR
2607,tm242108,Little Boxes,MOVIE,2017,Not Rated,84,"['drama', 'comedy']",['US'],1.0,tt5030402,5.9,1971.0,2,1,drama,US
2610,tm348568,Jerry Before Seinfeld,MOVIE,2017,Not Rated,62,"['comedy', 'documentation']",['US'],1.0,tt7310906,7.0,5643.0,2,1,comedy,US
2611,tm320727,"Norm Macdonald: Hitler's Dog, Gossip & Trickery",MOVIE,2017,Not Rated,60,"['comedy', 'documentation']",['US'],1.0,tt6887486,7.4,2868.0,2,1,comedy,US
2613,tm365961,Mustang Island,MOVIE,2017,Not Rated,86,"['comedy', 'drama']",['US'],1.0,tt6589292,6.2,522.0,2,1,comedy,US
2614,tm299783,The Laws of Thermodynamics,MOVIE,2018,Not Rated,100,"['romance', 'comedy', 'european']",['ES'],1.0,tt6053938,6.0,2726.0,3,1,romance,ES
2615,tm427143,Edge of Fear,MOVIE,2018,R,91,"['thriller', 'crime', 'action']",['US'],1.0,tt7149916,4.5,3124.0,3,1,thriller,US
2617,tm375962,Nothing to Lose,MOVIE,2018,PG,130,['drama'],['BR'],1.0,tt6910020,2.3,23016.0,1,1,drama,BR
2620,tm299381,Uncertain Glory,MOVIE,2017,Not Rated,115,"['drama', 'european']",['ES'],1.0,tt5304874,6.2,943.0,2,1,drama,ES
2621,tm320489,Expedition Happiness,MOVIE,2017,G,95,"['documentation', 'european']",['DE'],1.0,tt6688136,5.9,4483.0,2,1,documentation,DE
2623,tm138667,Taramani,MOVIE,2017,Not Rated,150,"['drama', 'romance']",['IN'],1.0,tt4328934,7.5,1605.0,2,1,drama,IN
2624,tm280060,Step Sisters,MOVIE,2018,PG-13,104,['comedy'],['US'],1.0,tt5267472,5.4,4460.0,1,1,comedy,US
2625,tm363922,Dovlatov,MOVIE,2018,PG-13,126,['drama'],"['RU', 'RS', 'PL']",1.0,tt7763020,6.4,1974.0,1,3,drama,RU
2626,tm349273,Hot Sweet Sour,MOVIE,2017,Not Rated,102,"['romance', 'drama']",['TR'],1.0,tt7535964,6.1,2450.0,2,1,romance,TR
2629,tm347850,SPF-18,MOVIE,2017,PG-13,75,"['romance', 'drama', 'sport']",['US'],1.0,tt7296862,3.2,5122.0,3,1,romance,US
2631,tm410298,Samouni Road,MOVIE,2018,Not Rated,129,"['documentation', 'animation', 'european']","['FR', 'IT']",1.0,tt8397524,6.7,160.0,3,2,documentation,FR
2632,tm368729,My Birthday Song,MOVIE,2018,Not Rated,95,['thriller'],['IN'],1.0,tt4335954,5.6,282.0,1,1,thriller,IN
2633,tm441060,ReMastered: Tricky Dick & The Man in Black,MOVIE,2018,Not Rated,58,"['documentation', 'music']",['US'],1.0,tt9244438,7.1,1463.0,2,1,documentation,US
2634,tm434676,Joe Rogan: Strange Times,MOVIE,2018,Not Rated,63,['comedy'],['US'],1.0,tt9017614,7.3,4300.0,1,1,comedy,US
2635,tm346939,Alaska Is a Drag,MOVIE,2017,Not Rated,83,['drama'],['US'],1.0,tt4341390,6.5,386.0,1,1,drama,US
2636,tm244196,Rangoon,MOVIE,2017,Not Rated,167,"['war', 'history', 'drama', 'romance', 'action']",['IN'],1.0,tt4909752,5.7,4690.0,5,1,war,IN
2637,tm438995,A Christmas Prince: The Royal Wedding,MOVIE,2018,PG,101,"['romance', 'drama']",['US'],1.0,tt8709036,5.3,10658.0,2,1,romance,US
2640,tm354644,Something Huge,MOVIE,2017,Not Rated,86,"['comedy', 'european']",['ES'],1.0,tt5674698,4.4,479.0,2,1,comedy,ES
2641,tm440996,Trevor Noah: Son of Patricia,MOVIE,2018,R,63,['comedy'],['US'],1.0,tt9170648,7.3,3970.0,1,1,comedy,US
2642,tm242765,Raising the Bar,MOVIE,2017,PG,93,"['drama', 'family', 'documentation', 'sport']",['AU'],1.0,tt5274066,5.5,1545.0,4,1,drama,AU
2643,tm348073,Pup Star: Better 2Gether,MOVIE,2017,G,90,['family'],['US'],1.0,tt6357074,4.4,234.0,1,1,family,US
2644,tm307751,Jab Harry Met Sejal,MOVIE,2017,PG,144,"['romance', 'comedy', 'drama']",['IN'],1.0,tt5997666,5.0,20501.0,3,1,romance,IN
2645,tm273600,Kuroko's Basketball the Movie: Last Game,MOVIE,2017,Not Rated,90,"['animation', 'drama', 'sport']",['JP'],1.0,tt6728390,7.7,2445.0,3,1,animation,JP
2647,tm464542,Tottaa Pataaka Item Maal,MOVIE,2018,Not Rated,107,['drama'],['IN'],1.0,tt9000388,7.6,8051.0,1,1,drama,IN
2648,tm445456,Pihu,MOVIE,2018,G,91,"['thriller', 'drama', 'family']",['IN'],1.0,tt8458202,6.7,2411.0,3,1,thriller,IN
2649,tm481188,Isoken,MOVIE,2017,Not Rated,100,"['romance', 'drama', 'comedy']",['NG'],1.0,tt6685776,6.6,306.0,3,1,romance,NG
2650,tm309903,The Little Vampire 3D,MOVIE,2017,Not Rated,83,"['fantasy', 'horror', 'animation', 'comedy', 'family', 'european']","['GB', 'DE', 'DK', 'NL']",1.0,tt4729560,5.4,1687.0,6,4,fantasy,GB
2651,tm424888,Armed to the Teeth,MOVIE,2018,Not Rated,108,"['documentation', 'crime', 'thriller']",['MX'],1.0,tt7609436,7.9,634.0,3,1,documentation,MX
2652,tm317491,Spyder,MOVIE,2017,Not Rated,145,"['thriller', 'action', 'crime']",['IN'],1.0,tt6522546,6.3,10230.0,3,1,thriller,IN
2653,tm355666,Saving Capitalism,MOVIE,2017,Not Rated,73,['documentation'],['US'],1.0,tt6185286,6.8,3157.0,1,1,documentation,US
2655,tm331117,Carbone,MOVIE,2017,Not Rated,104,"['thriller', 'crime', 'european']","['BE', 'FR']",1.0,tt6183834,6.5,2550.0,3,2,thriller,BE
2656,tm409494,Ali Wong: Hard Knock Wife,MOVIE,2018,Not Rated,64,['comedy'],['US'],1.0,tt7410684,7.3,4874.0,1,1,comedy,US
2657,tm348392,The Last Shaman,MOVIE,2017,Not Rated,83,"['documentation', 'drama', 'family', 'european']","['GB', 'US', 'IL', 'IT', 'PE']",1.0,tt6080156,6.6,1865.0,4,5,documentation,GB
2658,tm375007,Feminists: What Were They Thinking?,MOVIE,2018,Not Rated,86,['documentation'],['US'],1.0,tt5419676,6.9,2196.0,1,1,documentation,US
2659,tm411467,Dany Boon: Des Hauts-De-France,MOVIE,2018,Not Rated,90,"['comedy', 'european']",['FR'],1.0,tt8352124,6.2,91.0,2,1,comedy,FR
2660,tm416620,Quién te cantará,MOVIE,2018,Not Rated,125,"['thriller', 'drama', 'music', 'european']","['FR', 'ES']",1.0,tt6485304,6.9,2854.0,4,2,thriller,FR
2663,tm357272,Barbra: The Music ... The Mem'ries ... The Magic!,MOVIE,2017,Not Rated,108,"['documentation', 'music']",['US'],1.0,tt7588584,7.5,448.0,2,1,documentation,US
2665,tm446987,Russell Brand: Re:Birth,MOVIE,2018,Not Rated,63,['comedy'],['GB'],1.0,tt9349942,6.5,1193.0,1,1,comedy,GB
2666,tm307551,Katherine Ryan: In Trouble,MOVIE,2017,Not Rated,63,['comedy'],['GB'],1.0,tt6540084,7.0,2165.0,1,1,comedy,GB
2667,tm349752,Heroin(e),MOVIE,2017,Not Rated,39,['documentation'],['US'],1.0,Unknown,6.5334469051675175,2279.0,1,1,documentation,US
2670,tm359658,The 3rd Eye,MOVIE,2017,Not Rated,107,"['horror', 'thriller', 'animation', 'drama', 'fantasy', 'european']",['ID'],1.0,tt6506146,5.1,1373.0,6,1,horror,ID
2671,tm311898,Small Crimes,MOVIE,2017,Not Rated,95,"['crime', 'drama', 'thriller']","['CA', 'US']",1.0,tt6158968,5.8,7948.0,3,2,crime,CA
2672,tm421748,Ee Nagaraniki Emaindi,MOVIE,2018,Not Rated,120,"['drama', 'comedy']",['IN'],1.0,tt8490894,7.9,2817.0,2,1,drama,IN
2673,tm429174,Gun City,MOVIE,2018,Not Rated,127,"['drama', 'history', 'thriller', 'action', 'crime', 'european']","['FR', 'ES']",1.0,tt7104984,6.3,3819.0,6,2,drama,FR
2675,tm361770,Craig Ferguson: Tickle Fight,MOVIE,2017,Not Rated,66,['comedy'],['US'],1.0,tt7193448,6.6,995.0,1,1,comedy,US
2676,tm375547,El club de los buenos infieles,MOVIE,2018,Not Rated,90,"['comedy', 'european']",['ES'],1.0,tt3398808,5.5,642.0,2,1,comedy,ES
2679,tm279585,Deidra & Laney Rob a Train,MOVIE,2017,Not Rated,92,"['drama', 'comedy', 'crime']",['US'],1.0,tt4144332,6.0,1887.0,3,1,drama,US
2680,tm307774,Jagga Jasoos,MOVIE,2017,PG,180,"['romance', 'action', 'comedy']",['IN'],1.0,tt4129428,6.4,10092.0,3,1,romance,IN
2681,tm411503,Candy Jar,MOVIE,2018,PG-13,92,['comedy'],['US'],1.0,tt6744044,5.8,4950.0,1,1,comedy,US
2682,tm363329,Christmas Wedding Planner,MOVIE,2017,PG,86,['romance'],['CA'],1.0,tt7074092,4.3,5913.0,1,1,romance,CA
2683,tm326704,Parmanu: The Story of Pokhran,MOVIE,2018,Not Rated,129,"['drama', 'history', 'action']",['IN'],1.0,tt6826438,7.6,23771.0,3,1,drama,IN
2684,tm359030,F.R.E.D.I.,MOVIE,2018,Not Rated,89,"['scifi', 'family']",['XX'],1.0,tt6146590,4.9,1010.0,2,1,scifi,XX
2685,tm327652,"Roxanne, Roxanne",MOVIE,2017,Not Rated,98,"['drama', 'music']",['US'],1.0,tt5796838,6.2,3173.0,2,1,drama,US
2686,tm321628,Rip Tide,MOVIE,2017,Not Rated,85,"['drama', 'family', 'action', 'thriller']",['AU'],1.0,tt6262764,5.5,3421.0,4,1,drama,AU
2687,tm348175,Jeff Dunham: Relative Disaster,MOVIE,2017,Not Rated,70,['comedy'],['IE'],1.0,tt7364706,6.4,1274.0,1,1,comedy,IE
2688,tm416458,The Insomnia Club,MOVIE,2018,PG-13,84,"['comedy', 'drama']",['MX'],1.0,tt6719840,6.2,497.0,2,1,comedy,MX
2689,tm352865,Rodney Carrington: Here Comes the Truth,MOVIE,2017,Not Rated,66,"['comedy', 'documentation']",['XX'],1.0,tt7582798,4.5,164.0,2,1,comedy,XX
2691,tm437159,ReMastered: Who Shot the Sheriff,MOVIE,2018,Not Rated,57,"['documentation', 'crime', 'history', 'music']",['US'],1.0,tt9118620,6.9,1381.0,4,1,documentation,US
2692,tm446206,Angela's Christmas,MOVIE,2017,G,30,"['family', 'animation']","['IE', 'CA']",1.0,Unknown,6.5334469051675175,2279.0,2,2,family,IE
2693,tm324278,What We Started,MOVIE,2018,Not Rated,70,"['documentation', 'music']",['US'],1.0,tt6191876,7.1,2126.0,2,1,documentation,US
2694,tm348845,Marc Maron: Too Real,MOVIE,2017,Not Rated,70,['comedy'],['US'],1.0,tt7335938,7.2,1916.0,1,1,comedy,US
2695,tm353627,Christina P: Mother Inferior,MOVIE,2017,Not Rated,59,['comedy'],['US'],1.0,tt7057376,6.4,941.0,1,1,comedy,US
2698,tm439854,Baazaar,MOVIE,2018,Not Rated,140,"['drama', 'crime', 'thriller']",['IN'],1.0,tt6519690,6.5,5270.0,3,1,drama,IN
2699,tm299396,Getaway Plan,MOVIE,2017,Not Rated,105,"['thriller', 'crime', 'drama', 'action', 'european']",['ES'],1.0,tt5003186,5.6,1850.0,5,1,thriller,ES
2700,tm300447,Bill Burr: Walk Your Way Out,MOVIE,2017,Not Rated,77,"['comedy', 'documentation']",['US'],1.0,tt6184894,7.2,7123.0,2,1,comedy,US
2702,tm306631,Trevor Noah: Afraid of the Dark,MOVIE,2017,PG-13,68,['comedy'],['US'],1.0,tt6562866,7.2,5121.0,1,1,comedy,US
2703,tm440255,The Plagues of Breslau,MOVIE,2018,Not Rated,93,"['crime', 'thriller', 'action', 'european']",['PL'],1.0,tt8618118,5.9,4942.0,4,1,crime,PL
2704,tm414595,Period. End of Sentence.,MOVIE,2018,Not Rated,26,['documentation'],['US'],1.0,Unknown,6.5334469051675175,2279.0,1,1,documentation,US
2705,tm353247,Qarib Qarib Singlle,MOVIE,2017,Not Rated,125,"['drama', 'romance', 'comedy']",['IN'],1.0,tt7399470,7.1,8203.0,3,1,drama,IN
2706,tm426983,Joy,MOVIE,2018,Not Rated,99,"['drama', 'european']",['AT'],1.0,tt8917752,6.6,1293.0,2,1,drama,AT
2708,tm355941,Zoo,MOVIE,2018,Not Rated,100,['drama'],[],1.0,tt6149820,5.7,96.0,1,0,drama,Unknown
2709,tm411313,Forgive Us Our Debts,MOVIE,2018,Not Rated,104,"['drama', 'european']","['PL', 'CH', 'AL', 'IT']",1.0,tt6679412,6.2,1573.0,2,4,drama,PL
2710,tm372610,Derren Brown: Miracle,MOVIE,2018,Not Rated,73,['documentation'],['GB'],1.0,tt8599562,6.5,1031.0,1,1,documentation,GB
2713,tm307843,Angamaly Diaries,MOVIE,2017,Not Rated,132,"['action', 'drama', 'comedy', 'thriller']",['IN'],1.0,tt6167894,8.0,5901.0,4,1,action,IN
2714,tm365670,Perú: Tesoro Escondido,MOVIE,2017,Not Rated,76,['documentation'],['PE'],1.0,tt7679306,6.1,515.0,1,1,documentation,PE
2716,tm376903,Dry Martina,MOVIE,2018,Not Rated,95,"['drama', 'comedy']","['CL', 'AR']",1.0,tt6312802,5.8,965.0,2,2,drama,CL
2717,tm358609,Sara's Notebook,MOVIE,2018,R,115,"['thriller', 'drama', 'european']",['ES'],1.0,tt6599742,5.9,2699.0,3,1,thriller,ES
2719,tm376421,HiGH&LOW The Movie 2: End of Sky,MOVIE,2017,Not Rated,124,['action'],['JP'],1.0,tt7099076,7.1,396.0,1,1,action,JP
2720,tm233360,Sand Storm,MOVIE,2017,Not Rated,87,['drama'],['IL'],1.0,tt5209988,6.8,3492.0,1,1,drama,IL
2721,tm319310,CIA: Comrade In America,MOVIE,2017,Not Rated,134,"['romance', 'drama', 'action']",['IN'],1.0,tt5925772,6.4,3064.0,3,1,romance,IN
2722,tm283559,The Art of Loving: Story of Michalina Wislocka,MOVIE,2017,Not Rated,121,"['drama', 'comedy', 'romance', 'european']",['PL'],1.0,tt5805298,7.1,3690.0,4,1,drama,PL
2723,tm447328,ReMastered: Who Killed Jam Master Jay?,MOVIE,2018,Not Rated,58,"['music', 'documentation']",['US'],1.0,tt9399094,6.5,768.0,2,1,music,US
2724,tm233345,Love Beats Rhymes,MOVIE,2017,R,105,['drama'],['US'],1.0,tt4721022,5.4,1057.0,1,1,drama,US
2725,tm283322,Burning Sands,MOVIE,2017,Not Rated,105,"['drama', 'thriller', 'action']",['US'],1.0,tt6148014,6.0,2828.0,3,1,drama,US
2726,tm358813,Judd Apatow: The Return,MOVIE,2017,Not Rated,69,['comedy'],['US'],1.0,tt7741238,6.2,1321.0,1,1,comedy,US
2728,tm429186,Up Among the Stars,MOVIE,2018,Not Rated,86,"['drama', 'european']",['ES'],1.0,tt6984530,6.2,496.0,2,1,drama,ES
2729,tm371619,Sabrina,MOVIE,2018,Not Rated,98,"['thriller', 'horror']","['SG', 'ID', 'MY']",1.0,tt7981492,4.2,1712.0,2,3,thriller,SG
2730,tm287041,Jailbreak,MOVIE,2017,Not Rated,100,"['action', 'comedy']",['KH'],1.0,tt5741304,5.4,1445.0,2,1,action,KH
2731,tm424162,Secrets in the Hot Spring,MOVIE,2018,Not Rated,109,"['horror', 'comedy']",['TW'],1.0,tt8587122,6.0,749.0,2,1,horror,TW
2732,tm538868,III Smoking Barrels,MOVIE,2017,Not Rated,127,['drama'],['IN'],1.0,tt5791986,6.6,123.0,1,1,drama,IN
2733,tm423761,Iliza Shlesinger: Elder Millennial,MOVIE,2018,Not Rated,72,['comedy'],['US'],1.0,tt8697266,7.2,4033.0,1,1,comedy,US
2734,tm324041,Amelia: A Tale of Two Sisters,MOVIE,2017,Not Rated,43,['documentation'],[],1.0,Unknown,6.5334469051675175,2279.0,1,0,documentation,Unknown
2735,tm409456,Manto,MOVIE,2018,Not Rated,112,['drama'],['IN'],1.0,tt6923462,7.3,4222.0,1,1,drama,IN
2736,tm372662,The Skin of the Wolf,MOVIE,2018,Not Rated,110,"['romance', 'thriller', 'action', 'drama', 'european']",['ES'],1.0,tt6347150,5.8,3019.0,5,1,romance,ES
2737,tm428597,Being Napoleon,MOVIE,2018,Not Rated,88,['documentation'],['US'],1.0,tt8841814,5.5,124.0,1,1,documentation,US
2738,tm476960,El testigo,MOVIE,2018,Not Rated,76,['documentation'],[],1.0,tt9149838,8.1,210.0,1,0,documentation,Unknown
2739,tm372486,All Good,MOVIE,2018,Not Rated,93,"['drama', 'comedy', 'european']",['DE'],1.0,tt7776430,6.5,1416.0,3,1,drama,DE
2740,tm370440,Paradox,MOVIE,2018,Not Rated,73,"['western', 'fantasy', 'music']",['US'],1.0,tt7949046,3.9,711.0,3,1,western,US
2741,tm324204,Monster Island,MOVIE,2017,PG,80,"['comedy', 'fantasy', 'animation', 'family']","['IN', 'MX']",1.0,tt6269658,4.7,728.0,4,2,comedy,IN
2742,tm348467,Invisible,MOVIE,2017,Not Rated,87,['drama'],"['FR', 'AR']",1.0,tt6596630,6.0,763.0,1,2,drama,FR
2743,tm324806,Counterpunch,MOVIE,2017,Not Rated,91,['documentation'],['US'],1.0,tt7022034,6.7,903.0,1,1,documentation,US
2744,tm373873,Weed the People,MOVIE,2018,Not Rated,98,['documentation'],['US'],1.0,tt7968976,7.3,332.0,1,1,documentation,US
2745,tm414447,Dear Ex,MOVIE,2018,Not Rated,99,"['drama', 'comedy', 'romance']",['TW'],1.0,tt8443704,7.3,6143.0,3,1,drama,TW
2746,tm324588,Rory Scovel Tries Stand-Up for the First Time,MOVIE,2017,Not Rated,66,"['comedy', 'documentation']",['US'],1.0,tt7044010,6.7,821.0,2,1,comedy,US
2747,tm413418,Cycle,MOVIE,2018,Not Rated,96,"['drama', 'comedy', 'animation']",['IN'],1.0,tt6627630,8.2,479.0,3,1,drama,IN
2748,tm348919,How to Stage a Coup,MOVIE,2017,Not Rated,47,['documentation'],['GB'],1.0,tt7149296,6.1,172.0,1,1,documentation,GB
2749,tm445255,Qismat,MOVIE,2018,Not Rated,140,"['romance', 'drama']",['IN'],1.0,tt8665634,8.1,3037.0,2,1,romance,IN
2750,tm367264,Milada,MOVIE,2017,Not Rated,130,"['drama', 'history', 'european']","['CZ', 'US']",1.0,tt4554212,6.3,1302.0,3,2,drama,CZ
2751,tm423950,Romina,MOVIE,2018,Not Rated,74,"['horror', 'thriller']",['MX'],1.0,tt6090044,2.3,2282.0,2,1,horror,MX
2752,tm351720,The Most Assassinated Woman in the World,MOVIE,2018,Not Rated,102,"['thriller', 'drama', 'european']","['BE', 'GB', 'US']",1.0,tt6186696,5.3,1076.0,3,3,thriller,BE
2753,tm324042,Jackie: A Tale of Two Sisters,MOVIE,2017,Not Rated,44,['documentation'],"['GB', 'US']",1.0,Unknown,6.5334469051675175,2279.0,1,2,documentation,GB
2754,tm350116,B. A. Pass 2,MOVIE,2017,Not Rated,136,['drama'],['IN'],1.0,tt8581230,2.2,475.0,1,1,drama,IN
2755,tm835357,A 3 Minute Hug,MOVIE,2018,Not Rated,28,['documentation'],['MX'],1.0,Unknown,6.5334469051675175,2279.0,1,1,documentation,MX
2756,tm447750,Aggretsuko: We Wish You A Metal Christmas,MOVIE,2018,Not Rated,22,"['animation', 'comedy']",['JP'],1.0,Unknown,6.5334469051675175,2279.0,2,1,animation,JP
2757,tm314939,Kalushi : The Story of Solomon Mahlangu,MOVIE,2017,Not Rated,106,"['drama', 'thriller']",['ZA'],1.0,tt5560694,6.5,309.0,2,1,drama,ZA
2758,tm418894,Franco Escamilla: Por La Anécdota,MOVIE,2018,Not Rated,66,['comedy'],['MX'],1.0,tt8467922,6.9,302.0,1,1,comedy,MX
2759,tm279017,"Michael Bolton's Big, Sexy Valentine's Day Special",MOVIE,2017,Not Rated,54,"['comedy', 'music', 'romance']",['US'],1.0,tt6343706,6.7,2102.0,3,1,comedy,US
2760,tm558730,A Champion Heart,MOVIE,2018,G,90,['family'],['US'],1.0,tt4738912,5.9,395.0,1,1,family,US
2761,tm344995,The Russian Revolution,MOVIE,2017,Not Rated,47,"['documentation', 'history']",['GB'],1.0,tt7094352,6.5,642.0,2,1,documentation,GB
2762,tm426117,On My Skin,MOVIE,2018,Not Rated,100,"['drama', 'european']",['IT'],1.0,tt7121252,7.3,9159.0,2,1,drama,IT
2765,tm372969,Love per Square Foot,MOVIE,2018,Not Rated,133,"['romance', 'comedy']",['IN'],1.0,tt7853242,7.2,8187.0,2,1,romance,IN
2767,tm300440,The Mansion,MOVIE,2017,PG-13,100,"['horror', 'comedy', 'european']",['FR'],1.0,tt7029854,4.6,2592.0,3,1,horror,FR
2771,tm299730,Lucid Dream,MOVIE,2017,Not Rated,101,"['thriller', 'scifi']",['KR'],1.0,tt6830780,6.1,3575.0,2,1,thriller,KR
2774,tm351201,In the Family,MOVIE,2017,PG-13,124,['comedy'],['TR'],1.0,tt7642818,7.7,23297.0,1,1,comedy,TR
2775,tm408871,Jefe,MOVIE,2018,Not Rated,89,"['comedy', 'european']",['ES'],1.0,tt7527538,5.4,1073.0,2,1,comedy,ES
2779,tm362264,The Gift,MOVIE,2017,Not Rated,85,['drama'],['TZ'],1.0,tt6856604,8.1,20.0,1,1,drama,TZ
2780,tm412489,Dear Son,MOVIE,2018,Not Rated,100,['drama'],"['QA', 'TN', 'BE', 'FR']",1.0,tt7537960,6.5,388.0,1,4,drama,QA
2781,tm361588,Mission Kathmandu: The Adventures of Nelly & Simon,MOVIE,2017,Not Rated,84,"['animation', 'comedy']",['CA'],1.0,tt5433884,5.1,434.0,2,1,animation,CA
2782,tm307767,Baadshaho,MOVIE,2017,Not Rated,136,"['action', 'thriller']",['IN'],1.0,tt4906960,5.0,4783.0,2,1,action,IN
2783,tm314272,Love.com,MOVIE,2017,Not Rated,92,"['romance', 'comedy']",['BR'],1.0,tt5635808,5.8,737.0,2,1,romance,BR
2784,tm364206,Ex-Shaman,MOVIE,2018,Not Rated,81,['documentation'],['BR'],1.0,tt7754564,7.1,245.0,1,1,documentation,BR
2785,tm413082,Recovery Boys,MOVIE,2018,Not Rated,90,['documentation'],['US'],1.0,tt8167872,6.7,714.0,1,1,documentation,US
2787,tm446424,Christmas with a Prince,MOVIE,2018,Not Rated,82,"['romance', 'drama']",['CA'],1.0,tt8667202,5.2,1627.0,2,1,romance,CA
2788,tm327219,Buddy Thunderstruck: The Maybe Pile,MOVIE,2017,Not Rated,13,['comedy'],['US'],1.0,Unknown,6.5334469051675175,2279.0,1,1,comedy,US
2789,tm424898,Bayonet,MOVIE,2018,Not Rated,101,['drama'],"['MX', 'FI']",1.0,tt6472116,5.7,549.0,1,2,drama,MX
2790,tm316658,Frat Star,MOVIE,2017,Not Rated,85,"['drama', 'comedy']",['US'],1.0,tt5117484,3.6,659.0,2,1,drama,US
2792,tm349656,A Sort of Family,MOVIE,2017,Not Rated,95,"['drama', 'thriller', 'crime', 'european']","['AR', 'BR', 'DK', 'FR', 'DE', 'PL']",1.0,tt6386168,6.3,694.0,4,6,drama,AR
2793,tm372061,Sudani from Nigeria,MOVIE,2018,PG,123,"['comedy', 'drama', 'family', 'sport']",['IN'],1.0,tt7582102,8.2,4159.0,4,1,comedy,IN
2794,tm416121,Kuntilanak,MOVIE,2018,Not Rated,105,"['comedy', 'horror', 'family']",['ID'],1.0,tt8512746,4.6,651.0,3,1,comedy,ID
2795,tm350971,The Last Hour,MOVIE,2017,Not Rated,118,"['drama', 'thriller', 'history']",['PE'],1.0,tt7480104,6.3,522.0,3,1,drama,PE
2796,tm445153,Njan Prakashan,MOVIE,2018,G,131,"['comedy', 'drama']",['IN'],1.0,tt8286926,7.6,4304.0,2,1,comedy,IN
2797,tm995893,The Crossing,MOVIE,2017,Not Rated,10,['documentation'],['PS'],1.0,tt7466040,7.5,2279.0,1,1,documentation,PS
2799,tm438994,The Holiday Calendar,MOVIE,2018,Not Rated,95,"['romance', 'comedy', 'drama', 'fantasy']",['US'],1.0,tt8262802,5.7,9985.0,4,1,romance,US
2800,tm428453,Cities of Last Things,MOVIE,2018,Not Rated,106,"['crime', 'drama', 'scifi']","['TW', 'US', 'CN', 'FR']",1.0,tt4397342,6.2,1615.0,3,4,crime,TW
2801,tm360618,The Trader,MOVIE,2018,Not Rated,23,['documentation'],['GE'],1.0,tt10455716,6.5334469051675175,2279.0,1,1,documentation,GE
2804,tm363003,Seeing Allred,MOVIE,2018,Not Rated,96,['documentation'],['US'],1.0,tt7689924,7.2,1338.0,1,1,documentation,US
2809,tm295558,The Grown-Ups,MOVIE,2017,Not Rated,82,['documentation'],"['CL', 'NL', 'FR']",1.0,tt6618178,7.6,251.0,1,3,documentation,CL
2810,tm440946,Christmas with a View,MOVIE,2018,Not Rated,90,"['romance', 'drama']",['CA'],1.0,tt8041006,5.1,4544.0,2,1,romance,CA
2812,tm463827,Paranormal Investigation,MOVIE,2018,Not Rated,92,"['thriller', 'horror']",['FR'],1.0,tt9866700,3.7,1652.0,2,1,thriller,FR
2813,tm414746,Carlos Ballarta: furia ñera,MOVIE,2018,Not Rated,62,['comedy'],['MX'],1.0,tt7607318,7.2,212.0,1,1,comedy,MX
2814,tm432327,C/o Kancharapalem,MOVIE,2018,PG,152,['drama'],['IN'],1.0,tt7391996,9.0,6562.0,1,1,drama,IN
2815,tm356684,Animas,MOVIE,2018,Not Rated,83,"['drama', 'horror', 'thriller', 'animation', 'european']","['BE', 'ES']",1.0,tt9620806,6.5334469051675175,2279.0,5,2,drama,BE
2816,tm275437,Coin Heist,MOVIE,2017,PG,97,"['crime', 'thriller', 'drama', 'romance']",['US'],1.0,tt5740806,4.8,2638.0,4,1,crime,US
2818,tm492277,Semesta,MOVIE,2018,Not Rated,88,['documentation'],['ID'],1.0,tt9097372,7.3,111.0,1,1,documentation,ID
2819,tm431928,Rajma Chawal,MOVIE,2018,Not Rated,129,"['comedy', 'drama', 'family']",['IN'],1.0,tt6747420,5.7,1815.0,3,1,comedy,IN
2820,tm407318,Sofía Niño de Rivera: Natural Selection,MOVIE,2018,Not Rated,61,['comedy'],['MX'],1.0,tt7607378,6.9,237.0,1,1,comedy,MX
2821,tm408892,Unbridled,MOVIE,2018,Not Rated,96,"['thriller', 'european']","['ES', 'IT']",1.0,tt7474914,5.1,498.0,2,2,thriller,ES
2823,tm320785,The Mars Generation,MOVIE,2017,Not Rated,97,['documentation'],['US'],1.0,tt6333096,6.5,989.0,1,1,documentation,US
2824,tm1068348,Deranged,MOVIE,2017,Not Rated,99,['thriller'],[],1.0,tt15057542,3.5,11.0,1,0,thriller,Unknown
2825,tm430426,El Diesel,MOVIE,2018,Not Rated,105,"['thriller', 'action', 'crime']",['EG'],1.0,tt7906422,4.5,437.0,3,1,thriller,EG
2826,tm362121,Time Share,MOVIE,2018,Not Rated,96,"['drama', 'horror', 'thriller', 'european']","['NL', 'MX']",1.0,tt6444140,5.9,2762.0,4,2,drama,NL
2827,tm320144,The Wishing Tree,MOVIE,2017,Not Rated,99,"['fantasy', 'drama']",['IN'],1.0,tt2936628,5.7,92.0,2,1,fantasy,IN
2830,tm318492,Overnight Republic,MOVIE,2017,PG-13,105,['comedy'],['TR'],1.0,tt6721848,5.8,4632.0,1,1,comedy,TR
2831,tm434883,Been So Long,MOVIE,2018,Not Rated,100,"['romance', 'drama']",['GB'],1.0,tt1682886,5.4,1100.0,2,1,romance,GB
2833,tm374226,Gad Elmaleh: American Dream,MOVIE,2018,Not Rated,57,['comedy'],['US'],1.0,tt8110630,7.2,1028.0,1,1,comedy,US
2834,tm337040,Maz Jobrani: Immigrant,MOVIE,2017,Not Rated,67,"['comedy', 'documentation']",['US'],1.0,tt7164714,6.7,840.0,2,1,comedy,US
2835,tm446574,Love Jacked,MOVIE,2018,PG-13,100,"['comedy', 'romance']","['CA', 'ZA', 'US']",1.0,tt4329242,5.9,2142.0,2,3,comedy,CA
2837,tm323907,Michael Lost and Found,MOVIE,2017,Not Rated,19,['documentation'],"['CA', 'US']",1.0,Unknown,6.5334469051675175,2279.0,1,2,documentation,CA
2838,tm316923,Kartini: Princess of Java,MOVIE,2017,Not Rated,118,"['drama', 'family', 'history', 'european']",['ID'],1.0,tt6094994,7.6,511.0,4,1,drama,ID
2839,tm348386,Resurface,MOVIE,2017,Not Rated,27,"['documentation', 'sport', 'war']",['US'],1.0,tt6081408,7.1,286.0,3,1,documentation,US
2841,tm315865,Laerte-se,MOVIE,2017,Not Rated,100,['documentation'],['BR'],1.0,tt6795136,7.0,688.0,1,1,documentation,BR
2842,tm285329,Take the 10,MOVIE,2017,Not Rated,80,['comedy'],['US'],1.0,tt5792472,4.7,3130.0,1,1,comedy,US
2843,tm363181,Ladies First,MOVIE,2017,G,39,"['documentation', 'comedy', 'romance']",['IN'],1.0,tt4389410,3.9,25.0,3,1,documentation,IN
2844,tm325433,Dismissal,MOVIE,2017,Not Rated,90,['comedy'],"['AR', 'ES']",1.0,tt6580972,5.0,973.0,1,2,comedy,AR
2845,tm326773,Sunday's Illness,MOVIE,2018,PG-13,113,"['drama', 'european']",['ES'],1.0,tt6053948,6.9,3484.0,2,1,drama,ES
2847,tm407730,Target,MOVIE,2018,Not Rated,93,"['horror', 'thriller', 'comedy']",['ID'],1.0,tt8512320,3.9,496.0,3,1,horror,ID
2848,tm370430,Liberated: The New Sexual Revolution,MOVIE,2017,Not Rated,84,['documentation'],"['MX', 'US']",1.0,tt6768350,6.0,1502.0,1,2,documentation,MX
2850,tm309115,Naam Shabana,MOVIE,2017,Not Rated,147,"['thriller', 'action', 'drama']",['IN'],1.0,tt6170954,6.2,6712.0,3,1,thriller,IN
2851,tm436266,Born Racer,MOVIE,2018,R,88,"['drama', 'action', 'documentation']",['NZ'],1.0,tt6936350,6.1,256.0,3,1,drama,NZ
2852,tm428483,The Girl Allergic to Wi-Fi,MOVIE,2018,Not Rated,104,['romance'],['PH'],1.0,tt7619554,6.3,290.0,1,1,romance,PH
2853,tm416341,HiGH&LOW The Movie 3: Final Mission,MOVIE,2017,Not Rated,118,"['drama', 'action']",['JP'],1.0,tt7624932,7.7,636.0,2,1,drama,JP
2854,tm411257,Kevin James: Never Don't Give Up,MOVIE,2018,PG,62,['comedy'],['US'],1.0,tt8324578,6.1,1448.0,1,1,comedy,US
2855,tm451171,Sylvia,MOVIE,2018,Not Rated,130,"['thriller', 'drama', 'romance']",['NG'],1.0,tt8326250,4.7,126.0,3,1,thriller,NG
2856,tm435487,Suzzanna: Buried Alive,MOVIE,2018,Not Rated,125,"['horror', 'comedy', 'drama', 'thriller']",['ID'],1.0,tt9044128,5.5,894.0,4,1,horror,ID
2857,tm327951,The Doll 2,MOVIE,2017,Not Rated,116,"['thriller', 'horror']",['ID'],1.0,tt6409782,5.2,534.0,2,1,thriller,ID
2858,tm417111,How to Get Over a Breakup,MOVIE,2018,Not Rated,104,['comedy'],['PE'],1.0,tt8435268,6.1,1972.0,1,1,comedy,PE
2860,tm425748,Cook Off,MOVIE,2017,PG,116,"['comedy', 'romance']",['ZW'],1.0,tt7981318,6.1,337.0,2,1,comedy,ZW
2861,tm430057,Weapon of Choice,MOVIE,2018,Not Rated,90,"['documentation', 'european']","['AT', 'IQ', 'US']",1.0,tt7683350,4.8,162.0,2,3,documentation,AT
2862,tm353875,All the Reasons to Forget,MOVIE,2017,Not Rated,90,"['comedy', 'drama']",['BR'],1.0,tt6964520,6.2,523.0,2,1,comedy,BR
2863,tm313472,The Lost Brother,MOVIE,2017,Not Rated,112,"['thriller', 'crime', 'drama', 'european']",['AR'],1.0,tt6522634,6.5,1690.0,4,1,thriller,AR
2864,tm430496,D.L. Hughley: Contrarian,MOVIE,2018,Not Rated,58,['comedy'],['US'],1.0,tt8426270,6.6,606.0,1,1,comedy,US
2866,tm444043,Hometown Holiday,MOVIE,2018,Not Rated,84,"['drama', 'romance', 'comedy']",['CA'],1.0,tt8659750,5.0,994.0,3,1,drama,CA
2867,tm374656,Zion,MOVIE,2018,Not Rated,10,"['documentation', 'drama']",['US'],1.0,tt4315044,6.5334469051675175,2279.0,2,1,documentation,US
2869,tm317274,Can't Help Falling in Love,MOVIE,2017,Not Rated,119,"['romance', 'comedy', 'drama']",['PH'],1.0,tt6725484,7.2,889.0,3,1,romance,PH
2871,tm366025,Blanche Gardin: I Talk to Myself,MOVIE,2017,Not Rated,88,"['comedy', 'european']",['FR'],1.0,tt9182404,7.9,133.0,2,1,comedy,FR
2872,tm321149,Fishtronaut: The Movie,MOVIE,2018,G,88,"['animation', 'family']",['BR'],1.0,tt7804254,7.5,72.0,2,1,animation,BR
2873,tm299771,Gad Gone Wild,MOVIE,2017,Not Rated,57,"['comedy', 'european']",['FR'],1.0,tt6550440,6.9,396.0,2,1,comedy,FR
2874,tm369433,Awe!,MOVIE,2018,Not Rated,115,"['drama', 'romance', 'thriller', 'fantasy', 'horror', 'scifi']",['IN'],1.0,tt7797658,7.8,4967.0,6,1,drama,IN
2875,tm313424,Pad Man,MOVIE,2018,PG-13,140,"['comedy', 'drama']",['IN'],1.0,tt7218518,7.9,25269.0,2,1,comedy,IN
2876,tm352705,Jack Whitehall: At Large,MOVIE,2017,Not Rated,67,['comedy'],['GB'],1.0,tt7539884,6.9,2094.0,1,1,comedy,GB
2877,tm328052,Sparring,MOVIE,2017,Not Rated,95,"['drama', 'sport', 'european']",['FR'],1.0,tt7222552,6.4,614.0,3,1,drama,FR
2879,tm351171,My Travel Buddy,MOVIE,2017,PG-13,115,['comedy'],['TR'],1.0,tt7535792,6.1,6656.0,1,1,comedy,TR
2880,tm326270,Tiffany Haddish: She Ready! From the Hood to Hollywood!,MOVIE,2017,Not Rated,65,"['comedy', 'documentation']",['US'],1.0,tt9238720,6.6,526.0,2,1,comedy,US
2881,tm851055,God Calling,MOVIE,2018,Not Rated,120,['drama'],[],1.0,Unknown,6.5334469051675175,2279.0,1,0,drama,Unknown
2882,tm429567,Party Monster: Scratching the Surface,MOVIE,2018,PG-13,33,['comedy'],['US'],1.0,Unknown,6.5334469051675175,2279.0,1,1,comedy,US
2883,tm336227,Catching Feelings,MOVIE,2017,Not Rated,115,"['romance', 'comedy', 'drama']",['ZA'],1.0,tt6095982,5.8,552.0,3,1,romance,ZA
2885,tm285712,Jen Kirkman: Just Keep Livin'?,MOVIE,2017,Not Rated,69,['comedy'],['US'],1.0,tt6386352,6.7,1281.0,1,1,comedy,US
2886,tm415245,Crossroads: One Two Jaga,MOVIE,2018,Not Rated,80,"['drama', 'crime']",['MY'],1.0,tt6603812,6.6,634.0,2,1,drama,MY
2887,tm322200,Superlopez,MOVIE,2018,G,108,"['comedy', 'scifi', 'action', 'european']",['ES'],1.0,tt4110388,5.4,3574.0,4,1,comedy,ES
2888,tm407349,The Birth Reborn 2,MOVIE,2018,PG,91,['documentation'],['BR'],1.0,tt16114198,6.6,5.0,1,1,documentation,BR
2889,tm430090,The Last Runaway,MOVIE,2018,Not Rated,107,"['crime', 'action', 'drama']",['PY'],1.0,tt7606620,5.9,719.0,3,1,crime,PY
2890,tm360945,Soorma,MOVIE,2018,PG-13,131,"['drama', 'sport']",['IN'],1.0,tt7690638,7.4,5103.0,2,1,drama,IN
2891,tm299790,Cristela Alonzo: Lower Classy,MOVIE,2017,Not Rated,66,['comedy'],['US'],1.0,tt6555236,6.4,845.0,1,1,comedy,US
2893,tm361505,48 Christmas Wishes,MOVIE,2017,Not Rated,84,"['family', 'fantasy', 'comedy']",['CA'],1.0,tt7422638,3.9,1103.0,3,1,family,CA
2894,tm345767,The Maus,MOVIE,2017,Not Rated,90,"['horror', 'fantasy', 'drama', 'european']",['ES'],1.0,tt5586362,4.7,6331.0,4,1,horror,ES
2895,tm294696,Bygones Be Bygones,MOVIE,2017,PG-13,103,['comedy'],['TR'],1.0,tt6318200,6.2,3973.0,1,1,comedy,TR
2896,tm363088,Russell Howard: Recalibrate,MOVIE,2017,Not Rated,69,['comedy'],['GB'],1.0,tt7736664,7.4,1587.0,1,1,comedy,GB
2897,tm319512,The Girl From the Song,MOVIE,2017,Not Rated,102,"['drama', 'music', 'romance', 'european']",['ES'],1.0,tt6336270,5.6,1750.0,4,1,drama,ES
2898,tm432313,Manu,MOVIE,2018,Not Rated,182,"['thriller', 'romance']",['IN'],1.0,tt6615648,8.0,1073.0,2,1,thriller,IN
2899,tm413129,Goyo: The Boy General,MOVIE,2018,Not Rated,155,"['history', 'action', 'war']",['PH'],1.0,tt8443480,6.7,799.0,3,1,history,PH
2900,tm316744,Lucas Brothers: On Drugs,MOVIE,2017,Not Rated,49,['comedy'],['US'],1.0,tt6218048,5.5,830.0,1,1,comedy,US
2901,tm412515,Coffee for All,MOVIE,2017,Not Rated,69,"['documentation', 'european']","['IT', 'AR']",1.0,tt6721132,5.6,385.0,2,2,documentation,IT
2902,tm443283,Loudon Wainwright III: Surviving Twin,MOVIE,2018,Not Rated,91,"['music', 'documentation']",['US'],1.0,tt9203030,7.1,94.0,2,1,music,US
2903,tm420311,Ana e Vitória,MOVIE,2018,Not Rated,115,"['romance', 'comedy', 'music']",['BR'],1.0,tt8583378,6.4,604.0,3,1,romance,BR
2904,tm449860,King of Boys,MOVIE,2018,Not Rated,169,"['drama', 'crime']",['NG'],1.0,tt8329618,6.1,404.0,2,1,drama,NG
2906,tm314677,Silence Is Welcome,MOVIE,2017,Not Rated,94,['drama'],['MX'],1.0,tt6436212,4.6,101.0,1,1,drama,MX
2907,tm434179,Two Catalonias,MOVIE,2018,Not Rated,116,"['documentation', 'history', 'european']",['ES'],1.0,tt8893608,6.4,677.0,3,1,documentation,ES
2908,tm415938,No One Will Ever Know,MOVIE,2018,Not Rated,102,['drama'],['MX'],1.0,tt8267320,6.2,135.0,1,1,drama,MX
2909,tm351688,Def Comedy Jam 25,MOVIE,2017,Not Rated,81,"['comedy', 'documentation']",['US'],1.0,tt7427130,6.6,1096.0,2,1,comedy,US
2910,tm444257,Genius,MOVIE,2018,Not Rated,98,[],['IN'],1.0,Unknown,6.5334469051675175,2279.0,0,1,Unknown,IN
2911,tm444907,Lovefucked,MOVIE,2018,Not Rated,105,['drama'],['IN'],1.0,Unknown,6.5334469051675175,2279.0,1,1,drama,IN
2912,tm275004,Bon Cop Bad Cop 2,MOVIE,2017,Not Rated,126,"['crime', 'action', 'comedy']",['CA'],1.0,tt4738174,6.6,4126.0,3,1,crime,CA
2913,tm421335,Jim Jefferies: This Is Me Now,MOVIE,2018,Not Rated,70,['comedy'],['US'],1.0,tt8617844,7.3,3984.0,1,1,comedy,US
2914,tm819641,Match,MOVIE,2017,Not Rated,90,['drama'],[],1.0,tt10546234,4.1,7.0,1,0,drama,Unknown
2915,tm326089,Mubarakan,MOVIE,2017,PG-13,156,"['drama', 'comedy', 'romance']",['IN'],1.0,tt6272828,5.6,3906.0,3,1,drama,IN
2916,tm431760,Paskal,MOVIE,2018,Not Rated,100,"['action', 'drama']",['MY'],1.0,tt9066070,6.8,2964.0,2,1,action,MY
2917,tm461349,Stars in the Sky: A Hunting Story,MOVIE,2018,Not Rated,69,['documentation'],['US'],1.0,tt10078502,7.3,333.0,1,1,documentation,US
2918,tm435144,Notes from Dunblane: Lessons from a School Shooting,MOVIE,2018,Not Rated,23,['documentation'],['US'],1.0,Unknown,6.5334469051675175,2279.0,1,1,documentation,US
2919,tm444564,Tattoo of Revenge,MOVIE,2018,R,150,"['thriller', 'comedy', 'romance']",['MX'],1.0,tt8276106,4.9,112.0,3,1,thriller,MX
2920,tm409376,Pickpockets,MOVIE,2018,Not Rated,100,"['drama', 'thriller', 'crime']",['CO'],1.0,tt7527694,5.4,1179.0,3,1,drama,CO
2921,tm436171,El Potro: lo mejor del amor,MOVIE,2018,Not Rated,122,"['drama', 'music']",['AR'],1.0,tt9426178,5.2,723.0,2,1,drama,AR
2922,tm430748,Neevevaro,MOVIE,2018,PG,130,"['thriller', 'action', 'drama', 'romance']",['IN'],1.0,tt8571410,6.9,809.0,4,1,thriller,IN
2923,tm443073,"Out of Many, One",MOVIE,2018,Not Rated,35,['documentation'],['US'],1.0,Unknown,6.5334469051675175,2279.0,1,1,documentation,US
2926,tm356666,Judah Friedlander: America Is the Greatest Country in the United States,MOVIE,2017,R,84,"['comedy', 'documentation']",['US'],1.0,tt7582890,7.8,1436.0,2,1,comedy,US
2929,tm422359,Aurora,MOVIE,2018,Not Rated,110,"['thriller', 'horror']",['PH'],1.0,tt8821182,4.3,603.0,2,1,thriller,PH
2930,tm431275,Gunshot,MOVIE,2018,Not Rated,96,"['drama', 'thriller', 'crime', 'documentation', 'european']",['EG'],1.0,tt5639722,6.8,593.0,5,1,drama,EG
2931,tm352951,Smaller and Smaller Circles,MOVIE,2017,Not Rated,111,"['thriller', 'crime']",['PH'],1.0,tt7512304,6.6,234.0,2,1,thriller,PH
2932,tm362047,Todd Barry: Spicy Honey,MOVIE,2017,Not Rated,60,['comedy'],['US'],1.0,tt6856186,6.8,840.0,1,1,comedy,US
2933,tm323300,Joshua: Teenager vs. Superpower,MOVIE,2017,Not Rated,78,['documentation'],['US'],1.0,tt6333072,7.2,1531.0,1,1,documentation,US
2934,tm357708,The Bros,MOVIE,2017,Not Rated,102,"['comedy', 'fantasy']",['KR'],1.0,tt7967580,6.1,616.0,2,1,comedy,KR
2935,tm444821,5 Star Christmas,MOVIE,2018,Not Rated,92,"['comedy', 'european']",['IT'],1.0,tt8775056,4.5,767.0,2,1,comedy,IT
2936,tm351505,The Reservoir Game,MOVIE,2017,Not Rated,100,['documentation'],['KR'],1.0,tt7867724,6.0,35.0,1,1,documentation,KR
2937,tm408257,Todo lo que sería Lucas Lauriente,MOVIE,2018,Not Rated,78,['comedy'],"['AR', 'US']",1.0,tt7607452,6.9,108.0,1,2,comedy,AR
2940,tm435333,DTC –Yukemuri Junjo Hen– from HiGH&LOW,MOVIE,2018,Not Rated,102,"['comedy', 'drama']",['JP'],1.0,tt9765900,6.8,55.0,2,1,comedy,JP
2941,tm411856,Hari Kondabolu: Warn Your Relatives,MOVIE,2018,Not Rated,67,['comedy'],['US'],1.0,tt8342748,6.5,837.0,1,1,comedy,US
2942,tm358188,Alexis de Anda: Mea Culpa,MOVIE,2017,Not Rated,54,['comedy'],['MX'],1.0,tt7587068,4.9,101.0,1,1,comedy,MX
2943,tm684591,Freej Al Taibeen,MOVIE,2018,PG-13,100,"['comedy', 'sport']",['AE'],1.0,tt10078900,5.8,9.0,2,1,comedy,AE
2945,tm345225,Gurgaon,MOVIE,2017,Not Rated,107,"['thriller', 'crime']",['IN'],1.0,tt4699202,6.5,2191.0,2,1,thriller,IN
2946,tm443537,Ani... Dr. Kashinath Ghanekar,MOVIE,2018,Not Rated,159,['drama'],['IN'],1.0,tt8784906,8.5,1071.0,1,1,drama,IN
2947,tm311902,Jim Norton: Mouthful of Shame,MOVIE,2017,Not Rated,61,['comedy'],['US'],1.0,tt6664120,7.0,1324.0,1,1,comedy,US
2948,tm364417,Fanatyk,MOVIE,2017,Not Rated,33,"['drama', 'comedy']",['PL'],1.0,Unknown,6.5334469051675175,2279.0,2,1,drama,PL
2949,tm368350,Jonaki,MOVIE,2018,Not Rated,96,"['fantasy', 'drama', 'european']","['FR', 'IN', 'SG']",1.0,tt6346982,6.8,251.0,3,3,fantasy,FR
2950,tm434126,Rafinha Bastos: Ultimatum,MOVIE,2018,Not Rated,62,['comedy'],['BR'],1.0,tt9038520,6.5,214.0,1,1,comedy,BR
2951,tm361312,A StoryBots Christmas,MOVIE,2017,Not Rated,25,"['fantasy', 'comedy', 'family']",['US'],1.0,tt7018722,5.7,156.0,3,1,fantasy,US
2954,tm431081,Lionheart,MOVIE,2018,Not Rated,95,"['drama', 'comedy']",['NG'],1.0,tt7707314,5.7,1444.0,2,1,drama,NG
2955,tm420800,"To Each, Her Own",MOVIE,2018,Not Rated,95,"['romance', 'comedy', 'drama', 'european']",['FR'],1.0,tt15739130,5.4,1726.0,4,1,romance,FR
2959,tm373134,Night of Knots,MOVIE,2018,G,100,['comedy'],['TR'],1.0,tt8045670,5.4,1282.0,1,1,comedy,TR
2960,tm348191,Love You to the Stars and Back,MOVIE,2017,Not Rated,111,"['drama', 'comedy', 'romance']",['PH'],1.0,tt7127344,7.6,531.0,3,1,drama,PH
2961,tm375091,Marlon Wayans: Woke-ish,MOVIE,2018,Not Rated,68,"['comedy', 'documentation']",['US'],1.0,tt7655590,6.5,1390.0,2,1,comedy,US
2963,tm307383,Ghost Hunting,MOVIE,2017,Not Rated,94,"['documentation', 'european']","['FR', 'PS', 'CH', 'QA']",1.0,tt6568868,7.1,219.0,2,4,documentation,FR
2964,tm469399,Music Teacher,MOVIE,2018,Not Rated,101,"['drama', 'romance']",['IN'],1.0,tt3257794,6.2,684.0,2,1,drama,IN
2965,tm347060,Poster Boys,MOVIE,2017,PG-13,128,['comedy'],['IN'],1.0,tt6352548,5.5,1541.0,1,1,comedy,IN
2968,tm430660,Munafik 2,MOVIE,2018,Not Rated,104,['horror'],['MY'],1.0,tt7059506,6.3,1654.0,1,1,horror,MY
2969,tm430059,The Hows of Us,MOVIE,2018,Not Rated,117,"['drama', 'comedy', 'romance']",['PH'],1.0,tt8769032,6.7,2695.0,3,1,drama,PH
2971,tm324753,Marco Luque - We are together,MOVIE,2017,Not Rated,73,['comedy'],['BR'],1.0,tt6852616,4.4,76.0,1,1,comedy,BR
2972,tm314138,Felipe Neto: My Life Makes No Sense,MOVIE,2017,Not Rated,90,"['comedy', 'documentation']",['BR'],1.0,tt6690322,4.4,245.0,2,1,comedy,BR
2973,tm327619,Aditi Mittal: Things They Wouldn't Let Me Say,MOVIE,2017,Not Rated,62,['comedy'],['IN'],1.0,tt7127976,4.3,330.0,1,1,comedy,IN
2974,tm244473,Blessed Benefit,MOVIE,2017,Not Rated,83,"['comedy', 'drama', 'european']","['NL', 'JO', 'DE']",1.0,tt5161784,6.6,665.0,3,3,comedy,NL
2976,tm371622,Malena Pichot: Estupidez compleja,MOVIE,2018,Not Rated,50,['comedy'],['AR'],1.0,tt7607370,5.7,360.0,1,1,comedy,AR
2977,tm464947,Chief Daddy,MOVIE,2018,Not Rated,98,"['comedy', 'drama']",['NG'],1.0,tt9652322,4.7,269.0,2,1,comedy,NG
2978,tm442354,Adhugo,MOVIE,2018,Not Rated,110,['drama'],['IN'],1.0,tt7822454,5.9,65.0,1,1,drama,IN
2979,tm439678,Solo el amor,MOVIE,2018,Not Rated,93,"['romance', 'drama', 'music', 'comedy']",['AR'],1.0,tt7608430,4.7,68.0,4,1,romance,AR
2980,tm446558,Hedefim Sensin,MOVIE,2018,Not Rated,105,['comedy'],['TR'],1.0,tt8493514,6.2,4384.0,1,1,comedy,TR
2981,tm366383,Deliha 2,MOVIE,2018,G,106,['comedy'],['TR'],1.0,tt7871636,4.7,2554.0,1,1,comedy,TR
2982,tm414340,Spivak,MOVIE,2018,Not Rated,91,['comedy'],['US'],1.0,tt6342110,5.6,732.0,1,1,comedy,US
2983,tm197806,For Here or to Go?,MOVIE,2017,Not Rated,105,"['drama', 'comedy']",['US'],1.0,tt4157510,6.8,605.0,2,1,drama,US
2984,tm361161,DreamWorks Home: For the Holidays,MOVIE,2017,PG-13,45,"['fantasy', 'comedy', 'family', 'scifi', 'animation']",['GB'],1.0,tt7713204,4.9,149.0,5,1,fantasy,GB
2986,tm431169,Late Life: The Chien-Ming Wang Story,MOVIE,2018,Not Rated,97,"['documentation', 'sport']","['TW', 'US']",1.0,tt8234502,7.2,465.0,2,2,documentation,TW
2987,tm344562,Listen,MOVIE,2017,Not Rated,109,"['drama', 'romance']",['LB'],1.0,tt6350558,6.6,227.0,2,1,drama,LB
2988,tm363878,Aiyaary,MOVIE,2018,Not Rated,157,"['thriller', 'action', 'drama']",['IN'],1.0,tt6774212,5.2,4671.0,3,1,thriller,IN
2990,tm426238,Pulang,MOVIE,2018,Not Rated,120,"['drama', 'romance', 'action']",['MY'],1.0,tt8595708,6.7,594.0,3,1,drama,MY
2992,tm518107,Alter Ego,MOVIE,2017,Not Rated,111,['drama'],['NG'],1.0,tt7125822,5.7,55.0,1,1,drama,NG
2994,tm404449,Ayotzinapa: The Turtle's Pace,MOVIE,2018,Not Rated,80,['documentation'],['MX'],1.0,tt8219520,7.4,204.0,1,1,documentation,MX
2995,tm323602,The Price of Success,MOVIE,2017,Not Rated,92,"['drama', 'comedy', 'european']",['FR'],1.0,tt6194540,5.8,362.0,3,1,drama,FR
2996,tm438250,"I, Potro",MOVIE,2018,Not Rated,50,"['comedy', 'sport']","['MX', 'AR']",1.0,tt9154584,6.2,493.0,2,2,comedy,MX
2997,tm351181,Turkish Dance School,MOVIE,2017,PG-13,111,"['drama', 'comedy']",['TR'],1.0,tt7533878,5.7,2113.0,2,1,drama,TR
2999,tm374395,Vanjagar Ulagam,MOVIE,2018,PG-13,161,"['thriller', 'action', 'crime', 'drama']",['IN'],1.0,tt7933564,6.0,258.0,4,1,thriller,IN
3000,tm360763,Verses of Love 2,MOVIE,2017,Not Rated,125,"['drama', 'romance']",['ID'],1.0,tt7128070,5.9,603.0,2,1,drama,ID
3001,tm423802,Luciano Mellera: Infantiloide,MOVIE,2018,PG-13,66,['comedy'],['AR'],1.0,tt7607400,7.5,1516.0,1,1,comedy,AR
3002,tm442805,My Travel Buddy 2,MOVIE,2018,PG-13,116,['comedy'],['TR'],1.0,tt8748256,5.8,3217.0,1,1,comedy,TR
3003,tm345960,Alan Saldaña: mi vida de pobre,MOVIE,2017,Not Rated,53,['comedy'],['MX'],1.0,tt7183082,6.3,68.0,1,1,comedy,MX
3004,tm319127,Vir Das: Abroad Understanding,MOVIE,2017,Not Rated,65,['comedy'],"['US', 'IN']",1.0,tt6822400,6.9,1697.0,1,2,comedy,US
3005,tm430666,Hantu Kak Limah,MOVIE,2018,Not Rated,111,"['horror', 'comedy']",['MY'],1.0,tt8757960,5.6,677.0,2,1,horror,MY
3006,tm431214,Back to Q82,MOVIE,2017,Not Rated,105,"['scifi', 'action', 'comedy']",['KW'],1.0,tt6225842,6.0,94.0,3,1,scifi,KW
3007,tm369315,Garbage,MOVIE,2018,Not Rated,105,"['thriller', 'drama']",['IN'],1.0,tt7981260,3.4,1004.0,2,1,thriller,IN
3008,tm408781,Teefa in Trouble,MOVIE,2018,PG-13,155,"['drama', 'comedy', 'crime', 'romance', 'action']",['PK'],1.0,tt8043306,7.3,3569.0,5,1,drama,PK
3009,tm361633,Potato Potahto,MOVIE,2017,Not Rated,104,['comedy'],['GH'],1.0,tt6950250,4.1,208.0,1,1,comedy,GH
3010,tm327636,Joe Mande's Award-Winning Comedy Special,MOVIE,2017,Not Rated,66,"['comedy', 'documentation']",['US'],1.0,tt7183876,6.1,498.0,2,1,comedy,US
3012,tm349418,The Royal Hibiscus Hotel,MOVIE,2018,Not Rated,90,"['comedy', 'romance']",['NG'],1.0,tt7229730,5.5,276.0,2,1,comedy,NG
3014,tm153164,Puriyaatha Puthir,MOVIE,2017,Not Rated,140,['thriller'],['IN'],1.0,tt3407614,6.6,1032.0,1,1,thriller,IN
3015,tm428982,Son Of Adam,MOVIE,2018,Not Rated,109,['thriller'],['EG'],1.0,Unknown,6.5334469051675175,2279.0,1,1,thriller,EG
3017,tm447263,Super Monsters and the Wish Star,MOVIE,2018,Not Rated,27,['fantasy'],['US'],1.0,Unknown,6.5334469051675175,2279.0,1,1,fantasy,US
3018,tm346398,Ryan Hamilton: Happy Face,MOVIE,2017,Not Rated,56,"['comedy', 'documentation']",['US'],1.0,tt6892378,7.3,921.0,2,1,comedy,US
3020,tm305227,Daniel Sosa: Sosafado,MOVIE,2017,Not Rated,77,['comedy'],['MX'],1.0,tt6502534,5.4,98.0,1,1,comedy,MX
3021,tm446104,Fantastica,MOVIE,2018,G,114,"['fantasy', 'comedy']",['PH'],1.0,tt9270416,3.6,212.0,2,1,fantasy,PH
3022,tm459024,Food on the Go,MOVIE,2017,Not Rated,66,"['documentation', 'european']","['AR', 'IT']",1.0,tt7321504,6.3,211.0,2,2,documentation,AR
3023,tm373864,Agustín Aristarán: Soy Rada,MOVIE,2018,Not Rated,60,['comedy'],['AR'],1.0,tt8004552,6.1,121.0,1,1,comedy,AR
3024,tm306680,Grillo vs Grillo,MOVIE,2017,Not Rated,95,"['comedy', 'european']",['XX'],1.0,tt6522846,5.2,129.0,2,1,comedy,XX
3025,tm286520,Jim Gaffigan: Cinco,MOVIE,2017,Not Rated,73,['comedy'],['US'],1.0,tt6090102,7.1,2381.0,1,1,comedy,US
3026,tm447261,Free Rein: The Twelve Neighs of Christmas,MOVIE,2018,Not Rated,58,"['comedy', 'drama', 'family']",['US'],1.0,tt9315418,6.7,5633.0,3,1,comedy,US
3027,tm307698,My Ex & Whys,MOVIE,2017,Not Rated,120,"['romance', 'drama']",['PH'],1.0,tt6544850,6.2,572.0,2,1,romance,PH
3028,tm244277,Pa Paandi,MOVIE,2017,Not Rated,125,"['comedy', 'action', 'romance', 'family', 'drama']",['IN'],1.0,tt6734886,7.4,1725.0,5,1,comedy,IN
3029,tm376844,Penalty Kick,MOVIE,2018,PG-13,89,['comedy'],"['MX', 'CO']",1.0,tt8007436,3.7,280.0,1,2,comedy,MX
3030,tm814861,Noblemen,MOVIE,2018,Not Rated,108,['drama'],['IN'],1.0,tt6514218,5.6,274.0,1,1,drama,IN
3031,tm352642,Bonboné,MOVIE,2018,Not Rated,15,"['comedy', 'drama']","['LB', 'PS']",1.0,Unknown,6.5334469051675175,2279.0,2,2,comedy,LB
3032,tm346390,Brad Paisley's Comedy Rodeo,MOVIE,2017,Not Rated,63,['comedy'],['US'],1.0,tt6794448,5.7,151.0,1,1,comedy,US
3033,tm313118,"Love, Surreal and Odd",MOVIE,2017,G,95,"['comedy', 'romance']",['TR'],1.0,tt6555772,5.6,3216.0,2,1,comedy,TR
3034,tm423315,Pacíficum,MOVIE,2017,Not Rated,74,['documentation'],['PE'],1.0,tt8026108,6.5,126.0,1,1,documentation,PE
3035,tm417488,Mama's Boy,MOVIE,2018,Not Rated,104,['comedy'],['EG'],1.0,tt8665900,6.1,987.0,1,1,comedy,EG
3036,tm1073482,Motu Patlu Kung Fu Kings 4 The Challenge of Kung Fu Brothers,MOVIE,2018,G,86,[],[],1.0,Unknown,6.5334469051675175,2279.0,0,0,Unknown,Unknown
3037,tm353791,Seven Sundays,MOVIE,2017,Not Rated,128,"['drama', 'comedy']",['PH'],1.0,tt7502214,7.7,456.0,2,1,drama,PH
3038,tm444576,Puppy Star Christmas,MOVIE,2018,PG,90,"['family', 'comedy']",['US'],1.0,tt8861786,3.6,248.0,2,1,family,US
3039,tm434776,Mo Amer: The Vagabond,MOVIE,2018,Not Rated,56,"['comedy', 'documentation']",['US'],1.0,tt9060526,7.3,799.0,2,1,comedy,US
3040,tm445258,Marriage Palace,MOVIE,2018,Not Rated,102,['comedy'],['XX'],1.0,tt8852242,6.2,180.0,1,1,comedy,XX
3043,tm364769,Pahuna: The Little Visitors,MOVIE,2017,Not Rated,138,['drama'],"['IN', 'NP']",1.0,tt6940696,7.5,397.0,1,2,drama,IN
3044,tm1118527,Shiva VS Autobots,MOVIE,2018,Not Rated,79,[],[],1.0,Unknown,6.5334469051675175,2279.0,0,0,Unknown,Unknown
3045,tm411508,Mahi NRI,MOVIE,2017,Not Rated,132,"['comedy', 'drama']",['IN'],1.0,tt5910902,5.9,83.0,2,1,comedy,IN
3046,tm319477,Rodney King,MOVIE,2017,Not Rated,52,"['crime', 'comedy', 'drama', 'history', 'documentation']",['US'],1.0,tt6624312,5.8,601.0,5,1,crime,US
3047,tm433215,Exes Baggage,MOVIE,2018,Not Rated,104,"['drama', 'romance']",['PH'],1.0,tt8835552,6.4,267.0,2,1,drama,PH
3048,tm456983,Mauli,MOVIE,2018,Not Rated,134,"['drama', 'action']",['IN'],1.0,tt8826936,5.6,362.0,2,1,drama,IN
3049,tm320756,Tracy Morgan: Staying Alive,MOVIE,2017,Not Rated,60,['comedy'],['XX'],1.0,tt6680270,6.1,1202.0,1,1,comedy,XX
3050,tm466084,Voulez-vous rire avec moi ce soir?,MOVIE,2018,Not Rated,93,"['documentation', 'european']",['FR'],1.0,tt8413624,6.8,43.0,2,1,documentation,FR
3051,tm430459,La Leyenda del Diamante,MOVIE,2018,Not Rated,87,"['fantasy', 'scifi', 'action', 'horror', 'western', 'family']",['MX'],1.0,tt6487242,3.4,48.0,6,1,fantasy,MX
3052,tm413266,Pup Star: World Tour,MOVIE,2018,G,87,"['comedy', 'family']","['CA', 'JP', 'US']",1.0,tt7322864,3.8,207.0,2,3,comedy,CA
3053,tm404569,Shubh Aarambh,MOVIE,2017,Not Rated,126,"['comedy', 'drama', 'family']",['IN'],1.0,tt6949882,6.8,121.0,3,1,comedy,IN
3054,tm325610,Chris D'Elia: Man on Fire,MOVIE,2017,Not Rated,65,"['comedy', 'documentation']",['US'],1.0,tt7068896,6.5,1720.0,2,1,comedy,US
3055,tm321563,A Drowning Man,MOVIE,2017,Not Rated,15,['drama'],"['DK', 'GR', 'GB']",1.0,Unknown,6.5334469051675175,2279.0,1,3,drama,DK
3056,tm1063790,A Man for The Weekend,MOVIE,2017,Not Rated,94,"['romance', 'comedy']",['CM'],1.0,tt15007420,4.0,11.0,2,1,romance,CM
3057,tm358239,DeRay Davis: How to Act Black,MOVIE,2017,PG,66,['comedy'],['US'],1.0,tt7288084,6.1,427.0,1,1,comedy,US
3058,tm354136,"El Especial de Alex Fernández, el Especial",MOVIE,2017,Not Rated,52,['comedy'],['MX'],1.0,tt7520228,6.6,73.0,1,1,comedy,MX
3060,tm411649,Thug Life,MOVIE,2017,Not Rated,134,"['comedy', 'drama']",['IN'],1.0,tt9537072,5.7,48.0,2,1,comedy,IN
3061,tm350945,Posesif,MOVIE,2017,Not Rated,102,"['drama', 'comedy', 'romance']",['ID'],1.0,tt8425410,7.4,920.0,3,1,drama,ID
3062,tm244310,Merku Thodarchi Malai,MOVIE,2018,Not Rated,122,['drama'],['IN'],1.0,tt7794052,8.6,1810.0,1,1,drama,IN
3063,tm370781,Natalia Valdebenito: El especial,MOVIE,2018,Not Rated,76,['comedy'],['CL'],1.0,tt7663776,5.1,82.0,1,1,comedy,CL
3064,tm376709,Jani Dueñas: Grandes fracasos de ayer y hoy,MOVIE,2018,Not Rated,77,['comedy'],"['CL', 'MX', 'US']",1.0,tt7607260,4.8,71.0,1,3,comedy,CL
3065,tm368284,Arango y Sanint: Ríase el show,MOVIE,2018,Not Rated,62,['comedy'],['CO'],1.0,tt7606464,4.0,42.0,1,1,comedy,CO
3066,tm328041,Doob,MOVIE,2017,Not Rated,102,['drama'],"['IN', 'BD']",1.0,tt5513920,6.2,1863.0,1,2,drama,IN
3067,tm375836,Adel Karam: Live from Beirut,MOVIE,2018,R,59,['comedy'],['LB'],1.0,tt8081748,5.5,144.0,1,1,comedy,LB
3068,tm404610,Stretch Armstrong: The Breakout,MOVIE,2018,Not Rated,45,['animation'],['US'],1.0,Unknown,6.5334469051675175,2279.0,1,1,animation,US
3069,tm358370,Love and Shukla,MOVIE,2017,Not Rated,117,"['romance', 'comedy', 'drama']",['IN'],1.0,tt7647198,7.3,933.0,3,1,romance,IN
3070,tm367105,Alejandro Riaño: Especial de stand up,MOVIE,2018,Not Rated,60,['comedy'],['CO'],1.0,tt7607558,4.9,69.0,1,1,comedy,CO
3071,tm289882,Birdshot,MOVIE,2017,Not Rated,116,"['thriller', 'drama']",['PH'],1.0,tt6159150,6.6,781.0,2,1,thriller,PH
3072,tm370472,Kavin Jay : Everybody Calm Down!,MOVIE,2018,Not Rated,53,"['comedy', 'documentation']",['XX'],1.0,tt7924764,5.9,232.0,2,1,comedy,XX
3073,tm369453,Mau Nieto: viviendo sobrio… desde el bar,MOVIE,2018,Not Rated,57,['comedy'],['MX'],1.0,tt7607492,6.7,80.0,1,1,comedy,MX
3074,tm426367,Coco y Raulito: Carrusel de ternura,MOVIE,2018,PG-13,56,['comedy'],['MX'],1.0,tt7607498,6.6,39.0,1,1,comedy,MX
3075,tm438005,First Love,MOVIE,2018,Not Rated,122,"['drama', 'romance']",['PH'],1.0,tt9060390,6.0,149.0,2,1,drama,PH
3076,tm416134,Fernando Sanjiao: Hombre,MOVIE,2018,Not Rated,63,['comedy'],['AR'],1.0,tt7607332,6.3,57.0,1,1,comedy,AR
3077,tm448690,Prince of Peoria: A Christmas Moose Miracle,MOVIE,2018,Not Rated,29,['comedy'],[],1.0,Unknown,6.5334469051675175,2279.0,1,0,comedy,Unknown
3079,tm369210,Ricardo Quevedo: Hay gente así,MOVIE,2018,Not Rated,58,['comedy'],['CO'],1.0,tt7607450,6.3,104.0,1,1,comedy,CO
3080,tm371741,Si saben cómo me pongo ¿Pa' qué me invitan?,MOVIE,2018,Not Rated,89,"['romance', 'comedy']",['CO'],1.0,tt7940122,4.6,216.0,2,1,romance,CO
3081,tm478147,The Lost Café,MOVIE,2018,Not Rated,76,"['drama', 'comedy']","['NO', 'NG']",1.0,tt7371662,6.4,24.0,2,2,drama,NO
3082,tm840936,Zoé: Panoramas,MOVIE,2017,PG,89,"['music', 'documentation']",['XX'],1.0,tt5158844,6.8,77.0,2,1,music,XX
3083,tm349134,Fabrizio Copano: solo pienso en mí,MOVIE,2017,Not Rated,59,['comedy'],['CL'],1.0,tt8134310,5.0,33.0,1,1,comedy,CL
3084,tm459527,Good Game: The Beginning,MOVIE,2018,PG-13,104,"['comedy', 'drama', 'sport']",['TR'],1.0,tt8510324,4.4,1796.0,3,1,comedy,TR
3085,tm440324,Santo cachón,MOVIE,2018,Not Rated,87,['comedy'],['CO'],1.0,tt9189572,4.8,53.0,1,1,comedy,CO
3086,tm450512,Pinky Memsaab,MOVIE,2018,Not Rated,124,"['drama', 'family']",['PK'],1.0,tt8529070,6.3,521.0,2,1,drama,PK
3087,tm403197,Heaven Without People,MOVIE,2017,Not Rated,91,['drama'],['LB'],1.0,tt7583280,7.6,1249.0,1,1,drama,LB
3088,tm429383,Yoo Byung Jae: Discomfort Zone,MOVIE,2018,Not Rated,54,['comedy'],['KR'],1.0,Unknown,6.5334469051675175,2279.0,1,1,comedy,KR
3089,tm458074,"Edmilson Filho: Notas, Comedy about Relationships",MOVIE,2018,Not Rated,79,['comedy'],['BR'],1.0,tt9234638,5.2,20.0,1,1,comedy,BR
3090,tm440208,Hadithi za Kumekucha: Fatuma,MOVIE,2018,Not Rated,85,['drama'],['TZ'],1.0,tt8329296,7.6,8.0,1,1,drama,TZ
3091,tm336084,Echcharikkai,MOVIE,2018,Not Rated,134,"['thriller', 'crime', 'drama']",['IN'],1.0,tt7853268,6.3,307.0,3,1,thriller,IN
3092,tm450769,Nathicharami,MOVIE,2018,Not Rated,116,['drama'],['IN'],1.0,tt9084890,7.2,316.0,1,1,drama,IN
3093,tm362737,Facing Mecca,MOVIE,2017,Not Rated,25,['drama'],['CH'],1.0,Unknown,6.5334469051675175,2279.0,1,1,drama,CH
3094,tm480647,Ayana,MOVIE,2017,Not Rated,112,"['drama', 'documentation']",['KG'],1.0,tt6891660,7.4,128.0,2,1,drama,KG
3095,tm479734,Table Manners,MOVIE,2018,Not Rated,105,"['comedy', 'drama']","['ZA', 'CA']",1.0,tt7385538,5.1,43.0,2,2,comedy,ZA
3096,tm478654,Salam - The First ****** Nobel Laureate,MOVIE,2018,Not Rated,75,['documentation'],['US'],1.0,tt7904606,7.8,414.0,1,1,documentation,US
3097,tm369079,Todd Glass: Act Happy,MOVIE,2018,Not Rated,62,['comedy'],['US'],1.0,tt7752142,5.1,366.0,1,1,comedy,US
3098,tm420789,Lilli,MOVIE,2018,PG,91,['thriller'],['IN'],1.0,tt8273258,5.7,278.0,1,1,thriller,IN
3099,tm368448,Eve's Apple,MOVIE,2017,Not Rated,90,"['documentation', 'european']",['ES'],1.0,tt7388694,5.9,86.0,2,1,documentation,ES
3100,tm349140,Joaquín Reyes: Una y no más,MOVIE,2017,Not Rated,77,['comedy'],[],1.0,Unknown,6.5334469051675175,2279.0,1,0,comedy,Unknown
3101,tm411528,Enissa Amani: Ehrenwort,MOVIE,2018,PG,65,"['comedy', 'european']",['US'],1.0,tt8328418,5.5,194.0,2,1,comedy,US
3102,tm348281,Kingdom of Us,MOVIE,2017,Not Rated,109,"['documentation', 'drama']",['GB'],1.0,tt7321274,7.0,887.0,2,1,documentation,GB
3103,tm423593,Aruna & Her Palate,MOVIE,2018,Not Rated,106,"['romance', 'drama']",['ID'],1.0,tt8894180,7.2,765.0,2,1,romance,ID
3104,tm438105,Into the Wind,MOVIE,2018,Not Rated,76,"['drama', 'european']",['CZ'],1.0,tt8476276,4.2,42.0,2,1,drama,CZ
3105,tm471288,Baby Mamas,MOVIE,2018,Not Rated,93,"['drama', 'comedy']",['ZA'],1.0,tt8686460,6.6,63.0,2,1,drama,ZA
3107,tm346867,Lynne Koplitz: Hormonal Beast,MOVIE,2017,Not Rated,51,['comedy'],['US'],1.0,tt6892388,6.2,417.0,1,1,comedy,US
3108,tm312738,Jindua,MOVIE,2017,Not Rated,140,"['romance', 'comedy', 'family']",['IN'],1.0,tt5917052,6.5,275.0,3,1,romance,IN
3109,tm404828,Yoo Byung Jae: Too Much Information,MOVIE,2018,Not Rated,63,['comedy'],['KR'],1.0,tt8140738,5.3,53.0,1,1,comedy,KR
3111,tm242887,Sei,MOVIE,2018,Not Rated,128,"['thriller', 'action', 'crime']",['IN'],1.0,tt5820544,4.2,64.0,3,1,thriller,IN
3112,tm494577,Oga Bolaji,MOVIE,2018,Not Rated,91,['drama'],['NG'],1.0,tt8847418,6.5334469051675175,2279.0,1,1,drama,NG
3113,tm444799,Christmas Catch,MOVIE,2018,Not Rated,80,"['romance', 'comedy', 'crime']",['CA'],1.0,tt8322908,5.3,1428.0,3,1,romance,CA
3114,tm479933,Project Papa,MOVIE,2018,G,97,['drama'],['XX'],1.0,tt7243756,6.3,35.0,1,1,drama,XX
3116,tm371188,#FriendButMarried,MOVIE,2018,Not Rated,102,"['romance', 'comedy', 'drama']",['ID'],1.0,tt8076266,6.9,695.0,3,1,romance,ID
3117,tm367613,Mr. Chandramouli,MOVIE,2018,Not Rated,122,"['romance', 'sport', 'comedy']",['IN'],1.0,tt7486356,5.1,234.0,3,1,romance,IN
3118,tm369452,Sebastián Marcelo Wainraich,MOVIE,2018,Not Rated,49,['comedy'],['AR'],1.0,tt7607416,6.4,105.0,1,1,comedy,AR
3120,tm430281,Dhh,MOVIE,2018,R,128,"['drama', 'family']",['IN'],1.0,tt7613166,7.9,320.0,2,1,drama,IN
3121,tm445852,Three Words to Forever,MOVIE,2018,Not Rated,106,"['drama', 'romance', 'comedy', 'family']",['XX'],1.0,tt9248252,6.8,109.0,4,1,drama,XX
3122,tm512751,In Line,MOVIE,2017,Not Rated,115,['drama'],['NG'],1.0,tt7508734,6.1,34.0,1,1,drama,NG
3123,tm447915,Little Singham aur Kaal ka Mahajaal,MOVIE,2018,Not Rated,68,['comedy'],[],1.0,Unknown,6.5334469051675175,2279.0,1,0,comedy,Unknown
3124,tm368697,Unexpectedly Yours,MOVIE,2017,Not Rated,120,"['romance', 'comedy']",['PH'],1.0,tt7686876,6.8,178.0,2,1,romance,PH
3125,tm452767,Next Enti?,MOVIE,2018,Not Rated,157,"['drama', 'romance', 'comedy']",['XX'],1.0,tt6972212,4.6,159.0,3,1,drama,XX
3132,tm368006,Harith Iskander: I Told You So,MOVIE,2018,Not Rated,61,['comedy'],['US'],1.0,tt7902184,4.6,172.0,1,1,comedy,US
3134,tm834886,Wedy Atkalam,MOVIE,2018,Not Rated,72,"['drama', 'comedy']",['KW'],1.0,tt9437052,5.8,17.0,2,1,drama,KW
3135,tm309251,Kanavu Variyam,MOVIE,2017,G,118,"['scifi', 'family', 'drama']",['IN'],1.0,tt5283434,6.4,144.0,3,1,scifi,IN
3137,tm320949,Simplemente Manu NNa,MOVIE,2017,Not Rated,71,['comedy'],['MX'],1.0,tt6833550,5.5,50.0,1,1,comedy,MX
3138,tm438423,For the Broken Hearted,MOVIE,2018,Not Rated,92,['drama'],['PH'],1.0,tt9074344,6.7,94.0,1,1,drama,PH
3139,tm325650,King of Peking,MOVIE,2017,Not Rated,88,"['comedy', 'drama']","['US', 'CN', 'AU']",1.0,tt6406976,6.4,364.0,2,3,comedy,US
3140,tm428877,Babamın Ceketi,MOVIE,2018,Not Rated,100,['comedy'],['TR'],1.0,tt8857590,4.9,854.0,1,1,comedy,TR
3141,tm478967,Until Midnight,MOVIE,2018,R,78,"['drama', 'thriller']",['AE'],1.0,tt7741602,6.9,717.0,2,1,drama,AE
3142,tm364525,Beat Bugs: All Together Now,MOVIE,2017,Not Rated,50,['animation'],['US'],1.0,Unknown,6.5334469051675175,2279.0,1,1,animation,US
3143,tm1073433,Shiva: The Secret World Of Vedas City,MOVIE,2017,G,78,[],[],1.0,Unknown,6.5334469051675175,2279.0,0,0,Unknown,Unknown
3144,tm369456,Fakkah Fuzz: Almost Banned,MOVIE,2018,Not Rated,60,['comedy'],['XX'],1.0,tt8507516,4.3,56.0,1,1,comedy,XX
3145,tm447514,Vir Das: Losing It,MOVIE,2018,PG-13,67,['comedy'],['US'],1.0,tt9315848,7.0,1238.0,1,1,comedy,US
3146,tm476959,What Did I Mess,MOVIE,2018,PG-13,100,"['romance', 'comedy']",['LB'],1.0,tt9163340,7.1,695.0,2,1,romance,LB
3148,tm422510,Al-Khawaga's Dilemma,MOVIE,2018,Not Rated,110,['drama'],['EG'],1.0,Unknown,6.5334469051675175,2279.0,1,1,drama,EG
3149,tm362878,Dilan 1990,MOVIE,2018,Not Rated,109,"['romance', 'drama']",['ID'],1.0,tt7843946,7.0,3294.0,2,1,romance,ID
3150,tm449262,Ascharya Fuck It,MOVIE,2018,Not Rated,90,"['thriller', 'drama', 'romance']",['IN'],1.0,tt6531196,5.4,904.0,3,1,thriller,IN
3151,tm407881,Fary Is the New Black,MOVIE,2018,Not Rated,74,"['comedy', 'european']",['FR'],1.0,tt8201924,5.8,132.0,2,1,comedy,FR
3152,tm1073233,Motu Patlu in the City of Gold,MOVIE,2018,G,77,[],[],1.0,Unknown,6.5334469051675175,2279.0,0,0,Unknown,Unknown
3153,tm426994,Brij Mohan Amar Rahe!,MOVIE,2018,Not Rated,100,"['comedy', 'drama', 'crime']",['IN'],1.0,tt6514010,7.0,3759.0,3,1,comedy,IN
3154,tm421161,W. Kamau Bell: Private School Negro,MOVIE,2018,Not Rated,65,['comedy'],['US'],1.0,tt8467788,6.4,770.0,1,1,comedy,US
3155,tm246330,Pandigai,MOVIE,2017,R,150,"['thriller', 'action', 'romance']",['IN'],1.0,tt7087944,6.3,285.0,3,1,thriller,IN
3156,tm858471,The Bridge,MOVIE,2017,Not Rated,115,"['romance', 'drama']",['CA'],1.0,tt8193396,5.6,36.0,2,1,romance,CA
3157,tm465864,Hajwala 2: Mysterious Mission,MOVIE,2018,PG-13,115,"['action', 'comedy']",['AE'],1.0,tt8531618,4.0,91.0,2,1,action,AE
3158,tm493814,Satria Heroes: Revenge of the Darkness,MOVIE,2017,Not Rated,92,"['drama', 'fantasy', 'scifi', 'action']",['ID'],1.0,tt9033440,4.4,69.0,4,1,drama,ID
3159,tm491499,Fan of Amoory,MOVIE,2018,G,91,['drama'],['AE'],1.0,tt9140904,5.9,35.0,1,1,drama,AE
3160,tm481189,Bogda,MOVIE,2018,Not Rated,160,['drama'],['IN'],1.0,tt6685074,7.2,52.0,1,1,drama,IN
3161,tm433087,Rise: Ini Kalilah,MOVIE,2018,Not Rated,102,['drama'],['MY'],1.0,tt9866736,5.1,40.0,1,1,drama,MY
3163,tm332572,Meghnadbodh Rohoshyo,MOVIE,2017,Not Rated,122,['thriller'],['IN'],1.0,tt6791638,6.3,491.0,1,1,thriller,IN
3164,tm421125,The Suit,MOVIE,2018,Not Rated,96,"['comedy', 'family', 'action', 'drama']",['EG'],1.0,tt8805486,5.4,1608.0,4,1,comedy,EG
3167,tm332500,Finally Found Someone,MOVIE,2017,Not Rated,118,"['comedy', 'romance']",['PH'],1.0,tt7151438,5.7,229.0,2,1,comedy,PH
3168,tm436704,Super Monsters Save Halloween,MOVIE,2018,Not Rated,24,"['animation', 'family']",['US'],1.0,tt9085726,5.4,27.0,2,1,animation,US
3169,tm441915,Elf Pets: Santa's St. Bernards Save Christmas,MOVIE,2018,G,26,"['animation', 'fantasy']",['US'],1.0,tt9233904,5.3,95.0,2,1,animation,US
3170,tm460198,Catch.er,MOVIE,2017,Not Rated,81,"['crime', 'drama']",['NG'],1.0,tt8607728,4.5,30.0,2,1,crime,NG
3171,tm327926,Panoptic,MOVIE,2017,Not Rated,79,['documentation'],"['AE', 'LB']",1.0,tt7138456,6.2,59.0,1,2,documentation,AE
3172,tm458186,Komola Rocket,MOVIE,2018,Not Rated,95,['drama'],['BD'],1.0,tt8506874,7.4,1017.0,1,1,drama,BD
3173,tm478701,Lara and the Beat,MOVIE,2018,Not Rated,137,"['drama', 'music', 'romance']",['NG'],1.0,tt7819668,6.7,146.0,3,1,drama,NG
3175,tm426260,Si Doel the Movie,MOVIE,2018,Not Rated,85,"['drama', 'comedy', 'romance']",['ID'],1.0,tt8669070,6.9,415.0,3,1,drama,ID
3176,tm1146751,Bahasha,MOVIE,2018,Not Rated,85,['drama'],['TZ'],1.0,tt8627254,7.0,23.0,1,1,drama,TZ
3177,tm463592,Little Miss Sumo,MOVIE,2018,Not Rated,18,['documentation'],"['JP', 'GB']",1.0,Unknown,6.5334469051675175,2279.0,1,2,documentation,JP
3179,tm441050,The Gentlemen,MOVIE,2019,R,113,"['comedy', 'crime', 'action']","['US', 'GB']",1.0,tt8367814,7.8,314049.0,3,2,comedy,US
3187,tm681578,The Rental,MOVIE,2020,R,88,"['thriller', 'drama', 'horror']",['US'],1.0,tt10003008,5.7,29201.0,3,1,thriller,US
3188,tm366227,Uncut Gems,MOVIE,2019,R,130,"['drama', 'thriller', 'comedy', 'crime']",['US'],1.0,tt5727208,7.4,261956.0,4,1,drama,US
3191,tm832345,365 Days,MOVIE,2020,Not Rated,114,"['romance', 'drama', 'european']",['PL'],1.0,tt10886166,3.3,80198.0,3,1,romance,PL
3205,tm414584,Rambo: Last Blood,MOVIE,2019,R,101,"['thriller', 'western', 'action']","['US', 'CN']",1.0,tt1206885,6.1,95013.0,3,2,thriller,US
3207,tm427335,Freaks,MOVIE,2019,R,105,"['scifi', 'thriller', 'drama']","['US', 'CA']",1.0,tt8781414,6.7,34111.0,3,2,scifi,US
3208,tm417392,The King,MOVIE,2019,R,140,"['drama', 'history', 'romance', 'war']","['AU', 'US']",1.0,tt7984766,7.3,119020.0,4,2,drama,AU
3210,tm369594,I'm Thinking of Ending Things,MOVIE,2020,R,134,"['thriller', 'fantasy', 'drama']",['US'],1.0,tt7939766,6.6,79921.0,3,1,thriller,US
3213,tm368699,The Devil All the Time,MOVIE,2020,R,138,"['drama', 'thriller', 'crime', 'horror']",['US'],1.0,tt8956406,7.1,122321.0,4,1,drama,US
3215,tm863808,My Octopus Teacher,MOVIE,2020,Not Rated,84,['documentation'],"['ZA', 'GB']",1.0,tt12888462,8.1,51232.0,1,2,documentation,ZA
3216,tm244149,The Irishman,MOVIE,2019,R,209,"['drama', 'crime', 'history', 'thriller']",['US'],1.0,tt1302006,7.8,371209.0,4,1,drama,US
3217,tm827638,Synchronic,MOVIE,2019,R,102,"['horror', 'scifi', 'thriller', 'drama']",['US'],1.0,tt9016974,6.2,28617.0,4,1,horror,US
3218,tm849022,Hillbilly Elegy,MOVIE,2020,R,116,['drama'],['US'],1.0,tt6772802,6.7,40703.0,1,1,drama,US
3221,tm431321,21 Bridges,MOVIE,2019,R,99,"['action', 'drama', 'crime', 'thriller']",['US'],1.0,tt8688634,6.6,64117.0,4,1,action,US
3223,tm403709,Marriage Story,MOVIE,2019,R,136,"['drama', 'romance', 'comedy']",['GB'],1.0,tt7653254,7.9,290643.0,3,1,drama,GB
3224,tm840196,The Trial of the Chicago 7,MOVIE,2020,R,130,"['drama', 'history', 'thriller']",['US'],1.0,tt1070874,7.7,170728.0,3,1,drama,US
3229,tm827648,El Camino: A Breaking Bad Movie,MOVIE,2019,R,123,"['thriller', 'drama', 'crime', 'action']",['US'],1.0,tt10819010,7.3,216847.0,4,1,thriller,US
3230,tm849004,Eurovision Song Contest: The Story of Fire Saga,MOVIE,2020,PG-13,123,"['comedy', 'music']",['US'],1.0,tt8580274,6.5,91043.0,2,1,comedy,US
3233,tm453862,The Call,MOVIE,2020,Not Rated,112,"['thriller', 'scifi', 'drama', 'crime', 'horror']",['KR'],1.0,tt10530176,7.1,29450.0,5,1,thriller,KR
3235,tm448792,In the Shadow of the Moon,MOVIE,2019,R,115,"['thriller', 'crime', 'scifi']","['US', 'CA']",1.0,tt8110640,6.2,49894.0,3,2,thriller,US
3238,tm943790,Summerland,MOVIE,2020,PG,100,"['romance', 'drama', 'war']",['GB'],1.0,tt6841122,7.0,6052.0,3,1,romance,GB
3240,tm847085,The Social Dilemma,MOVIE,2020,PG-13,94,"['drama', 'documentation']",['US'],1.0,tt11464826,7.6,79674.0,2,1,drama,US
3242,tm502532,Fantastic Fungi,MOVIE,2019,Not Rated,81,['documentation'],['US'],1.0,tt8258074,7.4,7890.0,1,1,documentation,US
3245,tm821789,Mank,MOVIE,2020,R,131,"['comedy', 'drama']",['US'],1.0,tt10618286,6.8,71244.0,2,1,comedy,US
3246,tm417553,6 Underground,MOVIE,2019,R,127,"['action', 'thriller', 'comedy']",['US'],1.0,tt8106534,6.1,168919.0,3,1,action,US
3247,tm834851,I Care a Lot,MOVIE,2020,R,118,"['comedy', 'crime', 'drama', 'thriller']","['US', 'GB']",1.0,tt9893250,6.3,128172.0,4,2,comedy,US
3248,tm845489,His House,MOVIE,2020,Not Rated,93,"['drama', 'thriller', 'horror']",['GB'],1.0,tt8508734,6.5,38870.0,3,1,drama,GB
3255,tm824398,The Platform,MOVIE,2019,Not Rated,94,"['horror', 'scifi', 'thriller', 'european']",['ES'],1.0,tt8228288,7.0,207877.0,4,1,horror,ES
3259,tm818266,The Forgotten Battle,MOVIE,2020,Not Rated,124,"['drama', 'war', 'history', 'documentation', 'european']","['LT', 'NL', 'BE']",1.0,tt10521092,7.1,26368.0,5,3,drama,LT
3260,tm460948,Always Be My Maybe,MOVIE,2019,PG-13,101,"['romance', 'comedy']",['US'],1.0,tt7374948,6.8,54166.0,2,1,romance,US
3261,tm911973,Enola Holmes,MOVIE,2020,PG-13,123,"['crime', 'drama', 'action']",['US'],1.0,tt7846844,6.6,160806.0,3,1,crime,US
3262,tm362198,Scary Stories to Tell in the Dark,MOVIE,2019,PG-13,108,"['horror', 'thriller']","['CA', 'CN', 'US']",1.0,tt3387520,6.2,73859.0,2,3,horror,CA
3264,tm244207,Triple Frontier,MOVIE,2019,R,125,"['thriller', 'action', 'crime', 'drama']",['US'],1.0,tt1488606,6.4,124218.0,4,1,thriller,US
3265,tm372066,Fast Color,MOVIE,2019,PG-13,102,"['thriller', 'drama', 'scifi']",['US'],1.0,tt6418778,6.0,6194.0,3,1,thriller,US
3266,tm832916,The Midnight Sky,MOVIE,2020,PG-13,118,"['drama', 'scifi', 'thriller', 'fantasy']",['US'],1.0,tt10539608,5.6,81513.0,4,1,drama,US
3267,tm239927,Official Secrets,MOVIE,2019,R,112,"['thriller', 'crime', 'drama', 'war', 'romance']","['GB', 'US']",1.0,tt5431890,7.3,45200.0,5,2,thriller,GB
3270,tm428856,I Am Mother,MOVIE,2019,PG-13,113,"['scifi', 'thriller', 'horror', 'drama']",['AU'],1.0,tt6292852,6.7,87891.0,4,1,scifi,AU
3274,tm849003,The Old Guard,MOVIE,2020,R,125,"['fantasy', 'action', 'thriller']",['US'],1.0,tt7556122,6.6,155135.0,3,1,fantasy,US
3277,tm916405,The Outpost,MOVIE,2020,R,123,"['drama', 'action', 'history', 'war']","['US', 'BG']",1.0,tt3833480,6.8,31819.0,4,2,drama,US
3279,tm496322,Extraction,MOVIE,2020,R,116,"['thriller', 'crime', 'drama', 'action']",['US'],1.0,tt8936646,6.7,192132.0,4,1,thriller,US
3283,tm499045,Occupation: Rainfall,MOVIE,2020,R,128,"['action', 'scifi']",['AU'],1.0,tt8615822,5.6,14122.0,2,1,action,AU
3285,tm444017,"Extremely Wicked, Shockingly Evil and Vile",MOVIE,2019,R,111,"['crime', 'drama', 'thriller']",['US'],1.0,tt2481498,6.7,91162.0,3,1,crime,US
3288,tm820190,#Alive,MOVIE,2020,Not Rated,98,"['thriller', 'horror', 'action', 'drama']",['KR'],1.0,tt10620868,6.3,37199.0,4,1,thriller,KR
3290,tm943774,The Old Ways,MOVIE,2020,R,90,"['fantasy', 'thriller', 'drama', 'horror']",['US'],1.0,tt12829958,5.4,5708.0,4,1,fantasy,US
3291,tm470240,The Half of It,MOVIE,2020,PG-13,104,"['comedy', 'romance', 'drama']",['US'],1.0,tt9683478,6.9,34959.0,3,1,comedy,US
3292,tm426428,After,MOVIE,2019,PG-13,106,"['drama', 'romance']",['US'],1.0,tt4126476,5.2,52180.0,2,1,drama,US
3293,tm458585,Dolemite Is My Name,MOVIE,2019,R,118,"['comedy', 'drama']",['US'],1.0,tt8526872,7.2,59836.0,2,1,comedy,US
3297,tm319470,The Professor and the Madman,MOVIE,2019,Not Rated,124,"['thriller', 'drama', 'history', 'european']","['US', 'FR', 'IE']",1.0,tt5932728,7.2,44418.0,4,3,thriller,US
3298,tm927718,The Paper Tigers,MOVIE,2020,PG-13,108,"['comedy', 'action']",['US'],1.0,tt6060444,6.3,4144.0,2,1,comedy,US
3299,tm919961,Pieces of a Woman,MOVIE,2020,R,127,['drama'],"['HU', 'US', 'CA']",1.0,tt11161474,7.0,47795.0,1,3,drama,HU
3301,tm1121246,Code 8,MOVIE,2019,Not Rated,99,"['scifi', 'thriller', 'action', 'crime', 'drama']","['GB', 'US', 'CA']",1.0,tt6259380,6.1,38850.0,5,3,scifi,GB
3302,tm925486,Jiu Jitsu,MOVIE,2020,R,102,"['fantasy', 'action', 'scifi', 'thriller', 'comedy']","['US', 'CY']",1.0,tt9624766,2.9,8502.0,5,2,fantasy,US
3303,tm456436,Bad Trip,MOVIE,2020,Not Rated,87,"['comedy', 'reality']","['US', 'CA']",1.0,tt9684220,6.5,23979.0,2,2,comedy,US
3305,tm432765,The Wind,MOVIE,2019,R,86,"['western', 'thriller', 'horror']",['US'],1.0,tt8426594,5.5,8078.0,3,1,western,US
3307,tm417416,Five Feet Apart,MOVIE,2019,PG-13,116,"['romance', 'drama']",['US'],1.0,tt6472976,7.2,61878.0,2,1,romance,US
3310,tm441231,Murder Mystery,MOVIE,2019,PG-13,97,"['comedy', 'action', 'crime', 'romance']",['US'],1.0,tt1618434,6.0,120532.0,4,1,comedy,US
3311,tm927037,The Water Man,MOVIE,2020,PG,92,"['action', 'drama', 'family', 'fantasy', 'thriller']",['US'],1.0,tt4779326,5.4,3641.0,5,1,action,US
3312,tm443615,Rebecca,MOVIE,2020,PG-13,121,"['thriller', 'romance', 'drama']",['GB'],1.0,tt2235695,6.0,40447.0,3,1,thriller,GB
3316,tm836438,Countdown,MOVIE,2019,PG-13,90,"['horror', 'thriller', 'european']",['US'],1.0,Unknown,6.5334469051675175,2279.0,3,1,horror,US
3317,tm447788,Fyre,MOVIE,2019,Not Rated,98,"['documentation', 'crime', 'music']",['US'],1.0,tt9412098,7.2,44715.0,3,1,documentation,US
3318,tm447963,Fractured,MOVIE,2019,R,99,['thriller'],['US'],1.0,tt4332232,6.4,70860.0,1,1,thriller,US
3319,tm843444,Da 5 Bloods,MOVIE,2020,R,156,"['war', 'drama']",['US'],1.0,tt9777644,6.5,50236.0,2,1,war,US
3325,tm420826,The Highwaymen,MOVIE,2019,R,132,"['thriller', 'crime', 'drama']",['US'],1.0,tt1860242,6.9,88714.0,3,1,thriller,US
3326,tm919864,The Disciple,MOVIE,2020,Not Rated,128,"['drama', 'music']",['IN'],1.0,tt11423784,7.1,2471.0,2,1,drama,IN
3327,tm927480,Kiss the Ground,MOVIE,2020,Not Rated,84,['documentation'],['US'],1.0,tt8618654,8.2,6607.0,1,1,documentation,US
3328,tm455636,The Dirt,MOVIE,2019,R,108,"['drama', 'music', 'comedy']",['US'],1.0,tt0800325,6.9,47603.0,3,1,drama,US
3330,tm983787,Ava,MOVIE,2020,R,96,"['drama', 'thriller', 'action', 'crime']",['US'],1.0,tt8784956,5.4,53131.0,4,1,drama,US
3333,tm877681,American Pie Presents: Girls' Rules,MOVIE,2020,R,95,['comedy'],['US'],1.0,tt11771594,6.5334469051675175,2279.0,1,1,comedy,US
3335,tm850404,The Night Clerk,MOVIE,2020,R,90,"['thriller', 'crime', 'drama', 'romance']",['US'],1.0,tt7979142,5.5,14600.0,4,1,thriller,US
3336,tm821143,Ma Rainey's Black Bottom,MOVIE,2020,R,94,"['music', 'drama']",['US'],1.0,tt10514222,6.9,50275.0,2,1,music,US
3338,tm449105,Polar,MOVIE,2019,R,118,"['action', 'crime', 'drama', 'thriller', 'european']","['US', 'DE']",1.0,tt4139588,6.3,87080.0,5,2,action,US
3340,tm460124,"Yes, God, Yes",MOVIE,2020,R,78,"['comedy', 'drama']","['GB', 'US']",1.0,tt8949056,6.1,14496.0,2,2,comedy,GB
3341,tm678022,The Prom,MOVIE,2020,PG-13,130,"['comedy', 'drama', 'music']",['US'],1.0,tt10161886,5.9,26197.0,3,1,comedy,US
3344,tm433462,We Summon the Darkness,MOVIE,2020,R,91,"['horror', 'thriller', 'music', 'comedy']",['US'],1.0,tt8058874,5.2,10056.0,4,1,horror,US
3346,tm441232,Someone Great,MOVIE,2019,R,92,"['romance', 'comedy']",['US'],1.0,tt8075260,6.2,21501.0,2,1,romance,US
3347,tm464662,Tread,MOVIE,2020,Not Rated,88,"['crime', 'documentation']",['US'],1.0,tt5807330,7.1,2861.0,2,1,crime,US
3348,tm417055,Radium Girls,MOVIE,2020,Not Rated,102,"['drama', 'history']",['US'],1.0,tt6317180,6.2,1659.0,2,1,drama,US
3349,tm456156,Sweetheart,MOVIE,2019,PG-13,82,"['horror', 'thriller', 'scifi', 'drama', 'fantasy']",['US'],1.0,tt6560164,5.8,8074.0,5,1,horror,US
3351,tm886464,The Wrong Missy,MOVIE,2020,R,90,"['comedy', 'romance']",['US'],1.0,tt9619798,5.7,38647.0,2,1,comedy,US
3352,tm853783,David Attenborough: A Life on Our Planet,MOVIE,2020,PG,83,['documentation'],['GB'],1.0,tt11989890,9.0,31180.0,1,1,documentation,GB
3353,tm935309,Skylines,MOVIE,2020,R,113,"['scifi', 'action']","['FR', 'LT', 'GB']",1.0,tt9387250,4.7,7971.0,2,3,scifi,FR
3354,tm428557,The Laundromat,MOVIE,2019,R,96,"['drama', 'comedy', 'crime', 'history']",['US'],1.0,tt5868244,6.3,49391.0,4,1,drama,US
3357,tm824477,Over the Moon,MOVIE,2020,PG,95,"['family', 'fantasy', 'scifi', 'romance', 'animation', 'comedy']","['CN', 'US']",1.0,tt7488208,6.3,21562.0,6,2,family,CN
3358,tm435520,The Two Popes,MOVIE,2019,PG-13,125,"['drama', 'comedy', 'history']",['US'],1.0,tt8404614,7.6,120871.0,3,1,drama,US
3363,tm285317,IO,MOVIE,2019,PG-13,96,"['scifi', 'romance', 'drama']",['US'],1.0,tt3256226,4.7,33724.0,3,1,scifi,US
3364,tm443179,All the Bright Places,MOVIE,2020,Not Rated,108,"['drama', 'romance']",['US'],1.0,tt3907584,6.5,28355.0,2,1,drama,US
3365,tm332071,Velvet Buzzsaw,MOVIE,2019,R,112,"['thriller', 'horror', 'comedy']",['US'],1.0,tt7043012,5.7,59491.0,3,1,thriller,US
3368,tm857430,The Occupant,MOVIE,2020,R,103,"['thriller', 'european', 'drama']",['ES'],1.0,tt9345754,6.4,16939.0,3,1,thriller,ES
3369,tm824331,Can You Keep a Secret?,MOVIE,2019,Not Rated,94,"['comedy', 'romance']",['US'],1.0,tt8707922,5.3,16049.0,2,1,comedy,US
3372,tm878333,Pokémon the Movie: Secrets of the Jungle,MOVIE,2020,Not Rated,99,"['action', 'family', 'fantasy', 'animation']",['JP'],1.0,tt11819890,6.4,1817.0,4,1,action,JP
3374,tm414341,The Red Sea Diving Resort,MOVIE,2019,R,129,"['thriller', 'drama', 'history']","['US', 'CA']",1.0,tt6675186,6.6,28051.0,3,2,thriller,US
3376,tm845496,Crip Camp: A Disability Revolution,MOVIE,2020,R,108,"['documentation', 'history']",['US'],1.0,tt8923484,7.7,7264.0,2,1,documentation,US
3377,tm446176,American Factory,MOVIE,2019,Not Rated,110,['documentation'],['US'],1.0,tt9351980,7.4,21415.0,1,1,documentation,US
3379,tm423666,The Wandering Earth,MOVIE,2019,PG-13,126,"['scifi', 'drama', 'action', 'thriller']",['CN'],1.0,tt7605074,5.9,29840.0,4,1,scifi,CN
3382,tm458553,Wine Country,MOVIE,2019,R,103,"['comedy', 'drama']",['US'],1.0,tt8169446,5.4,20836.0,2,1,comedy,US
3383,tm548602,Between Two Ferns: The Movie,MOVIE,2019,Not Rated,82,['comedy'],['US'],1.0,tt9398640,6.1,31193.0,1,1,comedy,US
3384,tm423140,Avengement,MOVIE,2019,Not Rated,90,"['action', 'crime', 'thriller']",['GB'],1.0,tt8836988,6.5,15426.0,3,1,action,GB
3386,tm361998,The Wolf's Call,MOVIE,2019,Not Rated,115,"['thriller', 'war', 'drama', 'action', 'scifi', 'european']",['FR'],1.0,tt7458762,6.9,17236.0,6,1,thriller,FR
3387,tm418847,The Silence,MOVIE,2019,PG-13,91,"['horror', 'thriller', 'fantasy', 'drama', 'scifi', 'comedy', 'european']",['DE'],1.0,tt8169224,5.3,43732.0,7,1,horror,DE
3393,tm348403,A Shaun the Sheep Movie: Farmageddon,MOVIE,2019,G,87,"['comedy', 'animation', 'family', 'fantasy', 'scifi']","['GB', 'FR']",1.0,tt6193408,6.8,13267.0,5,2,comedy,GB
3397,tm469193,Atlantics,MOVIE,2019,PG-13,106,"['fantasy', 'drama', 'romance']","['SN', 'BE', 'FR']",1.0,tt10199586,6.7,9306.0,3,3,fantasy,SN
3398,tm450262,Last Breath,MOVIE,2019,Not Rated,85,"['documentation', 'european']","['BE', 'SE', 'GB']",1.0,tt9056818,7.7,5447.0,2,3,documentation,BE
3400,tm449195,The Boy Who Harnessed the Wind,MOVIE,2019,Not Rated,113,"['drama', 'history']","['MW', 'GB', 'US']",1.0,tt7533152,7.6,36805.0,2,3,drama,MW
3401,tm307133,We Have Always Lived in the Castle,MOVIE,2019,Not Rated,90,"['thriller', 'drama']",['US'],1.0,tt5952138,5.6,7063.0,2,1,thriller,US
3402,tm498803,Spenser Confidential,MOVIE,2020,R,111,"['thriller', 'comedy', 'crime', 'action', 'drama']",['US'],1.0,tt8629748,6.2,85270.0,5,1,thriller,US
3403,tm411750,Doom: Annihilation,MOVIE,2019,R,97,"['scifi', 'horror', 'thriller', 'action']",['US'],1.0,tt8328716,3.7,9200.0,4,1,scifi,US
3407,tm458467,Girl on the Third Floor,MOVIE,2019,Not Rated,93,"['thriller', 'drama', 'horror']",['US'],1.0,tt9026184,4.7,9823.0,3,1,thriller,US
3409,tm446609,The Great Hack,MOVIE,2019,Not Rated,114,"['documentation', 'history']",['US'],1.0,tt9358204,7.1,22838.0,2,1,documentation,US
3410,tm817709,Rocks,MOVIE,2019,Not Rated,93,['drama'],['GB'],1.0,tt9067182,7.4,4552.0,1,1,drama,GB
3413,tm853953,Tremors: Shrieker Island,MOVIE,2020,PG-13,103,['horror'],['US'],1.0,Unknown,6.5334469051675175,2279.0,1,1,horror,US
3414,tm315255,Ip Man 4: The Finale,MOVIE,2019,PG,107,"['drama', 'history', 'action']","['CN', 'HK']",1.0,tt2076298,7.0,30694.0,3,2,drama,CN
3415,tm361746,Ophelia,MOVIE,2019,PG-13,106,"['drama', 'history', 'romance', 'thriller', 'war']","['GB', 'US']",1.0,tt5690870,6.6,10357.0,5,2,drama,GB
3416,tm813695,After We Collided,MOVIE,2020,R,105,"['romance', 'drama']",['US'],1.0,tt10362466,5.0,29571.0,2,1,romance,US
3419,tm498034,The Last Blockbuster,MOVIE,2020,Not Rated,86,['documentation'],['US'],1.0,tt8704802,6.7,5350.0,1,1,documentation,US
3420,tm413660,In the Tall Grass,MOVIE,2019,Not Rated,102,"['drama', 'thriller', 'horror', 'scifi']","['US', 'CA']",1.0,tt4687108,5.4,54391.0,4,2,drama,US
3422,tm358770,Paradise Hills,MOVIE,2019,Not Rated,95,"['fantasy', 'thriller', 'scifi', 'european']","['ES', 'US']",1.0,tt6127004,5.3,22298.0,4,2,fantasy,ES
3423,tm845484,Dick Johnson Is Dead,MOVIE,2020,PG-13,89,"['documentation', 'drama']",['US'],1.0,tt11394180,7.4,6390.0,2,1,documentation,US
3424,tm934040,American Murder: The Family Next Door,MOVIE,2020,R,83,"['crime', 'documentation']",['US'],1.0,tt12987894,7.2,26355.0,2,1,crime,US
3425,tm443154,Rust Creek,MOVIE,2019,R,108,"['thriller', 'crime', 'drama', 'horror']",['US'],1.0,tt6610158,5.9,11136.0,4,1,thriller,US
3427,tm863280,Showtime 1958,MOVIE,2020,Not Rated,109,['drama'],['MY'],1.0,tt11900444,6.5334469051675175,2279.0,1,1,drama,MY
3430,tm355783,Eli,MOVIE,2019,R,98,"['horror', 'thriller', 'drama']",['US'],1.0,tt5294518,5.8,34477.0,3,1,horror,US
3431,tm469991,I Lost My Body,MOVIE,2019,Not Rated,81,"['fantasy', 'drama', 'animation', 'romance', 'european']",['FR'],1.0,tt9806192,7.5,31531.0,5,1,fantasy,FR
3435,tm375883,Klaus,MOVIE,2019,PG,97,"['comedy', 'family', 'animation', 'european']",['ES'],1.0,tt4729430,8.1,141480.0,4,1,comedy,ES
3437,tm471878,Fatima,MOVIE,2020,PG-13,113,"['drama', 'war']","['PT', 'US']",1.0,tt2197936,6.6,3032.0,2,2,drama,PT
3438,tm459742,Sword of Trust,MOVIE,2019,R,88,"['comedy', 'drama']",['US'],1.0,tt8484012,6.3,3558.0,2,1,comedy,US
3440,tm918706,The Sleepover,MOVIE,2020,Not Rated,103,"['action', 'family', 'comedy']",['US'],1.0,tt10888708,5.6,10198.0,3,1,action,US
3442,tm464351,The Last Thing He Wanted,MOVIE,2020,R,116,"['drama', 'thriller', 'crime']","['GB', 'US']",1.0,tt7456312,4.3,14716.0,3,2,drama,GB
3444,tm453099,Rolling Thunder Revue: A Bob Dylan Story by Martin Scorsese,MOVIE,2019,Not Rated,142,"['music', 'documentation', 'history']",['US'],1.0,tt9580038,7.6,6550.0,3,1,music,US
3445,tm893799,Lost Bullet,MOVIE,2020,Not Rated,92,"['thriller', 'crime', 'action']","['BE', 'FR']",1.0,tt10456740,6.3,9264.0,3,2,thriller,BE
3446,tm426638,Vita & Virginia,MOVIE,2019,Not Rated,110,"['drama', 'romance', 'european']","['IE', 'GB']",1.0,tt5859882,5.7,3767.0,3,2,drama,IE
3447,tm925584,The Vanished,MOVIE,2020,R,115,"['thriller', 'crime', 'action']",['US'],1.0,tt9794630,5.7,10011.0,3,1,thriller,US
3451,tm845549,The Reason I Jump,MOVIE,2020,Not Rated,82,"['documentation', 'drama']","['US', 'GB']",1.0,tt9098928,7.5,802.0,2,2,documentation,US
3452,tm460829,Children of the Sea,MOVIE,2019,Not Rated,112,"['thriller', 'animation', 'fantasy', 'scifi', 'drama', 'family']",['JP'],1.0,tt9850064,6.5,2622.0,6,1,thriller,JP
3454,tm845512,Horse Girl,MOVIE,2020,R,104,['drama'],['US'],1.0,Unknown,6.5334469051675175,2279.0,1,1,drama,US
3455,tm325325,The Game Changers,MOVIE,2019,Not Rated,88,['documentation'],['US'],1.0,tt7455754,7.8,19708.0,1,1,documentation,US
3459,tm918734,Concrete Cowboy,MOVIE,2020,R,111,"['western', 'drama']","['US', 'GB']",1.0,tt8846176,6.3,8517.0,2,2,western,US
3460,tm926004,The Boss Baby: Get That Baby!,MOVIE,2020,Not Rated,24,['animation'],['US'],1.0,Unknown,6.5334469051675175,2279.0,1,1,animation,US
3463,tm437221,Charlie Says,MOVIE,2019,R,104,"['crime', 'drama', 'documentation']",['US'],1.0,tt1759744,5.9,4256.0,3,1,crime,US
3464,tm840438,Mike Birbiglia: The New One,MOVIE,2019,Not Rated,85,['comedy'],[],1.0,tt11163014,7.7,1815.0,1,0,comedy,Unknown
3466,tm817504,1BR,MOVIE,2019,Not Rated,90,"['horror', 'thriller', 'drama']",['US'],1.0,tt7541106,5.8,11983.0,3,1,horror,US
3467,tm827216,Bill Burr: Paper Tiger,MOVIE,2019,Not Rated,67,['comedy'],"['GB', 'US']",1.0,tt10847306,8.1,10649.0,1,2,comedy,GB
3469,tm369389,The Silence of Others,MOVIE,2019,Not Rated,95,"['documentation', 'history', 'european']","['FR', 'ES', 'US', 'CA']",1.0,tt8099236,8.0,2048.0,3,4,documentation,FR
3470,tm858954,Nobody Sleeps in the Woods Tonight,MOVIE,2020,Not Rated,102,"['thriller', 'drama', 'fantasy', 'horror', 'romance', 'european']",['PL'],1.0,tt11240506,4.9,11304.0,6,1,thriller,PL
3472,tm828069,Calm with Horses,MOVIE,2020,Not Rated,100,"['drama', 'crime']","['IE', 'GB']",1.0,tt4460792,6.8,5396.0,2,2,drama,IE
3473,tm852097,A Whisker Away,MOVIE,2020,Not Rated,104,"['fantasy', 'drama', 'family', 'romance', 'animation']",['JP'],1.0,tt11958344,6.7,9353.0,5,1,fantasy,JP
3474,tm471967,Lost Girls,MOVIE,2020,R,95,"['thriller', 'crime', 'drama']",['US'],1.0,tt3111426,6.1,21040.0,3,1,thriller,US
3475,tm974366,We Can Be Heroes,MOVIE,2020,PG,97,"['fantasy', 'comedy', 'family', 'action', 'drama']",['US'],1.0,tt10600398,4.7,14401.0,5,1,fantasy,US
3477,tm828317,Tell Me Who I Am,MOVIE,2019,Not Rated,85,"['thriller', 'drama', 'documentation']",['GB'],1.0,tt10915286,7.6,14215.0,3,1,thriller,GB
3478,tm432022,Violet Evergarden: The Movie,MOVIE,2020,PG,140,"['fantasy', 'romance', 'animation', 'drama']",['JP'],1.0,tt8652818,8.3,5631.0,4,1,fantasy,JP
3482,tm455568,Paddleton,MOVIE,2019,R,89,"['drama', 'comedy']",['US'],1.0,tt8041276,7.1,13419.0,2,1,drama,US
3484,tm952590,What Lies Below,MOVIE,2020,Not Rated,87,"['horror', 'thriller', 'scifi']",['US'],1.0,tt9264728,4.3,8125.0,3,1,horror,US
3485,tm931686,Vampires vs. the Bronx,MOVIE,2020,PG-13,86,"['comedy', 'horror']",['US'],1.0,tt8976576,5.7,9627.0,2,1,comedy,US
3491,tm812916,The Stronghold,MOVIE,2020,Not Rated,105,"['action', 'crime', 'thriller', 'european']",['FR'],1.0,tt10404944,6.9,9422.0,4,1,action,FR
3494,tm898474,The Swarm,MOVIE,2020,Not Rated,101,"['horror', 'drama', 'fantasy', 'european']",['FR'],1.0,tt10675724,5.3,6710.0,4,1,horror,FR
3495,tm935895,The Life Ahead,MOVIE,2020,PG-13,94,"['drama', 'european']","['US', 'IT']",1.0,tt10627584,6.8,14021.0,2,2,drama,US
3498,tm447159,The Kindness of Strangers,MOVIE,2019,Not Rated,112,"['drama', 'european']","['US', 'FR', 'SE', 'GB', 'DE', 'DK', 'CA']",1.0,tt6515910,6.4,3515.0,2,7,drama,US
3499,tm852996,Captain Underpants: Epic Choice-o-rama,MOVIE,2020,Not Rated,37,"['fantasy', 'comedy', 'family', 'scifi', 'animation', 'action']",['US'],1.0,tt11604750,6.4,80.0,6,1,fantasy,US
3502,tm676311,Sightless,MOVIE,2020,Not Rated,89,"['drama', 'thriller', 'horror']",['US'],1.0,tt10303430,5.5,8113.0,3,1,drama,US
3503,tm847430,Words Bubble Up Like Soda Pop,MOVIE,2020,Not Rated,87,['drama'],['JP'],1.0,Unknown,6.5334469051675175,2279.0,1,1,drama,JP
3504,tm893480,Project Power,MOVIE,2020,R,111,"['action', 'crime', 'scifi', 'thriller']",['US'],1.0,tt7550000,6.0,83973.0,4,1,action,US
3510,tm420455,Rim of the World,MOVIE,2019,PG,99,"['comedy', 'scifi', 'action']",['US'],1.0,tt8179388,5.2,23651.0,3,1,comedy,US
3513,tm924991,Death of Me,MOVIE,2020,R,95,"['horror', 'thriller']","['TH', 'US']",1.0,tt1830643,4.4,6041.0,2,2,horror,TH
3515,tm846964,A Fall from Grace,MOVIE,2020,Not Rated,120,"['fantasy', 'thriller', 'drama']",['US'],1.0,tt11390036,5.8,15029.0,3,1,fantasy,US
3516,tm436778,The Best of Enemies,MOVIE,2019,PG-13,133,"['drama', 'history']",['US'],1.0,tt4807408,7.3,16441.0,2,1,drama,US
3520,tm847998,Hubie Halloween,MOVIE,2020,PG-13,103,"['thriller', 'horror', 'fantasy', 'comedy']",['US'],1.0,tt10682266,5.2,47588.0,4,1,thriller,US
3522,tm814671,Secret Obsession,MOVIE,2019,Not Rated,97,"['thriller', 'drama']",['US'],1.0,tt9419834,4.4,21011.0,2,1,thriller,US
3524,tm844250,Ala Vaikunthapurramuloo,MOVIE,2020,PG-13,165,"['drama', 'action', 'comedy']",['IN'],1.0,tt9537292,7.5,14839.0,3,1,drama,IN
3525,tm819950,Anima,MOVIE,2019,Not Rated,15,['music'],"['CZ', 'FR', 'GB']",1.0,tt10516984,6.5334469051675175,2279.0,1,3,music,CZ
3526,tm885775,Unbreakable Kimmy Schmidt: Kimmy vs. the Reverend,MOVIE,2020,PG-13,80,"['comedy', 'romance', 'scifi']",['US'],1.0,tt10324166,7.0,5211.0,3,1,comedy,US
3527,tm936236,Cadaver,MOVIE,2020,Not Rated,86,"['thriller', 'horror', 'drama']","['NO', 'FI']",1.0,tt11284280,5.1,9608.0,3,2,thriller,NO
3528,tm890660,The Paramedic,MOVIE,2020,Not Rated,94,"['thriller', 'action', 'crime', 'drama']",['ES'],1.0,tt11127690,5.7,12092.0,4,1,thriller,ES
3532,tm465724,See You Yesterday,MOVIE,2019,Not Rated,87,"['drama', 'action', 'crime', 'scifi', 'thriller']",['US'],1.0,tt8743064,5.2,10663.0,5,1,drama,US
3536,tm370530,Ride Like a Girl,MOVIE,2019,PG,98,"['drama', 'sport']",['AU'],1.0,tt7600382,7.0,3865.0,2,1,drama,AU
3537,tm845415,Miss Americana,MOVIE,2020,R,85,"['documentation', 'music']",['US'],1.0,tt11388580,7.4,19151.0,2,1,documentation,US
3538,tm827142,Dave Chappelle: Sticks & Stones,MOVIE,2019,R,65,['comedy'],['US'],1.0,tt10810424,8.4,25687.0,1,1,comedy,US
3540,tm922788,The Babysitter: Killer Queen,MOVIE,2020,R,142,"['horror', 'comedy']",['US'],1.0,tt11024272,5.8,37462.0,2,1,horror,US
3541,tm459512,To All the Boys: P.S. I Still Love You,MOVIE,2020,PG-13,102,"['romance', 'comedy', 'drama']",['US'],1.0,tt9354842,6.0,37072.0,3,1,romance,US
3542,tm822246,The Forty-Year-Old Version,MOVIE,2020,R,123,"['comedy', 'drama']",['US'],1.0,tt10642834,7.2,4940.0,2,1,comedy,US
3544,tm315348,Triple Threat,MOVIE,2019,R,96,"['thriller', 'action']","['US', 'CN', 'TH']",1.0,tt6644602,5.6,11115.0,2,3,thriller,US
3545,tm849005,The Willoughbys,MOVIE,2020,PG,92,"['comedy', 'animation', 'drama', 'family', 'fantasy']",['CA'],1.0,tt5206260,6.3,17878.0,5,1,comedy,CA
3547,tm839411,Me Against You: Mr. S's Vendetta,MOVIE,2020,Not Rated,64,"['comedy', 'family', 'european']",['IT'],1.0,tt11559652,1.7,362.0,3,1,comedy,IT
3549,tm446625,Miles Davis: Birth of the Cool,MOVIE,2019,Not Rated,115,"['documentation', 'music']",['US'],1.0,tt9358200,7.4,1771.0,2,1,documentation,US
3550,tm827501,Tall Girl,MOVIE,2019,PG,101,"['comedy', 'drama', 'family', 'romance']",['US'],1.0,tt9252508,5.2,23071.0,4,1,comedy,US
3552,tm935878,Monsoon,MOVIE,2020,Not Rated,85,['drama'],['GB'],1.0,Unknown,6.5334469051675175,2279.0,1,1,drama,GB
3554,tm428558,High Flying Bird,MOVIE,2019,Not Rated,90,"['drama', 'sport']",['US'],1.0,tt8128188,6.2,8514.0,2,1,drama,US
3557,tm822907,Patsy & Loretta,MOVIE,2019,Not Rated,88,"['drama', 'music']",['US'],1.0,tt10016704,6.8,1000.0,2,1,drama,US
3561,tm850723,Altered Carbon: Resleeved,MOVIE,2020,Not Rated,75,"['animation', 'drama', 'scifi', 'thriller', 'action', 'crime']",['JP'],1.0,tt9310328,6.5,6030.0,6,1,animation,JP
3562,tm854669,Taylor Tomlinson: Quarter-Life Crisis,MOVIE,2020,Not Rated,61,['comedy'],['US'],1.0,tt11738792,7.4,3595.0,1,1,comedy,US
3563,tm914535,2 Hearts,MOVIE,2020,PG-13,100,"['romance', 'drama']",['US'],1.0,tt5616176,6.2,3365.0,2,1,romance,US
3564,tm845535,Coded Bias,MOVIE,2020,Not Rated,86,['documentation'],"['GB', 'US', 'CN']",1.0,tt11394170,6.7,2217.0,1,3,documentation,GB
3566,tm948128,Audrey,MOVIE,2020,PG,100,"['documentation', 'history']","['CH', 'US']",1.0,tt10731386,7.1,1867.0,2,2,documentation,CH
3568,tm853396,Dragonheart: Vengeance,MOVIE,2020,PG-13,97,"['fantasy', 'european']",['US'],1.0,Unknown,6.5334469051675175,2279.0,2,1,fantasy,US
3569,tm316311,Wasp Network,MOVIE,2019,R,128,"['drama', 'thriller', 'crime']","['BR', 'FR', 'ES', 'BE']",1.0,tt6834140,5.9,10136.0,3,4,drama,BR
3571,tm496648,School Life,MOVIE,2019,Not Rated,111,"['comedy', 'drama', 'european']",['FR'],1.0,tt8783532,6.5,2563.0,3,1,comedy,FR
3573,tm902330,Ghosts of War,MOVIE,2020,R,94,"['horror', 'thriller', 'fantasy', 'war']",['GB'],1.0,tt6508228,5.5,9701.0,4,1,horror,GB
3574,tm451548,The Fable,MOVIE,2019,Not Rated,123,"['crime', 'comedy', 'action']",['JP'],1.0,tt8676426,6.5,1689.0,3,1,crime,JP
3576,tm810547,Night in Paradise,MOVIE,2020,Not Rated,131,"['thriller', 'action', 'crime', 'drama']",['KR'],1.0,tt12792418,6.7,6484.0,4,1,thriller,KR
3577,tm464557,The Perfect Date,MOVIE,2019,PG-13,93,"['romance', 'comedy']",['US'],1.0,tt8201170,5.8,37913.0,2,1,romance,US
3578,tm469008,How High 2,MOVIE,2019,Not Rated,89,['comedy'],['US'],1.0,tt8861802,3.0,1097.0,1,1,comedy,US
3579,tm897732,Bigfoot Family,MOVIE,2020,G,97,"['animation', 'action', 'family']","['BE', 'FR']",1.0,tt9204164,5.8,2609.0,3,2,animation,BE
3581,tm928541,Barbie: Princess Adventure,MOVIE,2020,G,72,"['music', 'animation', 'family']",['US'],1.0,tt12767498,5.4,442.0,3,1,music,US
3583,tm444247,This Changes Everything,MOVIE,2019,PG,97,['documentation'],['US'],1.0,tt5795282,7.6,1507.0,1,1,documentation,US
3586,tm467579,The Last Summer,MOVIE,2019,Not Rated,109,"['comedy', 'romance']",['US'],1.0,Unknown,6.5334469051675175,2279.0,2,1,comedy,US
3588,tm500565,Friendsgiving,MOVIE,2020,R,95,"['comedy', 'drama']",['US'],1.0,tt8431078,4.4,2782.0,2,1,comedy,US
3589,tm452826,Poms,MOVIE,2019,PG-13,91,"['comedy', 'drama', 'sport']","['US', 'GB']",1.0,tt5125894,6.0,6085.0,3,2,comedy,US
3590,tm475836,The Lonely Island Presents: The Unauthorized Bash Brothers Experience,MOVIE,2019,Not Rated,30,['comedy'],['US'],1.0,tt10376068,6.5334469051675175,2279.0,1,1,comedy,US
3592,tm977464,Youth v Gov,MOVIE,2020,Not Rated,110,['documentation'],[],1.0,tt13192640,6.9,18.0,1,0,documentation,Unknown
3594,tm451512,Close,MOVIE,2019,R,95,"['thriller', 'action', 'drama']","['GB', 'US']",1.0,tt6896584,5.7,24063.0,3,2,thriller,GB
3595,tm927286,Making The Witcher,MOVIE,2020,PG-13,32,['documentation'],['GB'],1.0,tt12987838,6.8,442.0,1,1,documentation,GB
3597,tm938793,I Am Woman,MOVIE,2020,Not Rated,116,"['drama', 'romance', 'history', 'music']",['AU'],1.0,tt9185316,6.6,2205.0,4,1,drama,AU
3602,tm941382,Stand by Me Doraemon 2,MOVIE,2020,PG,96,"['animation', 'comedy', 'drama', 'family', 'fantasy', 'scifi']",['JP'],1.0,tt13428402,7.7,3594.0,6,1,animation,JP
3605,tm933375,Cuties,MOVIE,2020,NC-17,96,"['drama', 'european']",['FR'],1.0,tt9196192,3.3,30030.0,2,1,drama,FR
3608,tm833638,The Forest of Love,MOVIE,2019,Not Rated,151,"['drama', 'thriller', 'crime', 'horror']",['JP'],1.0,tt10589914,6.3,2460.0,4,1,drama,JP
3612,tm475783,Jo Koy: Comin’ In Hot,MOVIE,2019,Not Rated,60,['comedy'],['US'],1.0,tt10377036,7.3,986.0,1,1,comedy,US
3613,tm451078,Pokémon: Mewtwo Strikes Back - Evolution,MOVIE,2019,PG,98,"['animation', 'action', 'fantasy', 'family']",['JP'],1.0,tt8856470,5.7,5384.0,4,1,animation,JP
3615,tm855600,The Stand In,MOVIE,2020,R,101,"['comedy', 'drama']",['US'],1.0,tt7970348,4.7,3380.0,2,1,comedy,US
3616,tm827508,The Boys in the Band,MOVIE,2020,R,121,['drama'],['US'],1.0,tt10199914,6.8,14938.0,1,1,drama,US
3620,tm120072,Let It Snow,MOVIE,2019,PG-13,93,"['comedy', 'romance']",['US'],1.0,tt1950235,5.8,21515.0,2,1,comedy,US
3621,tm856375,The Decline,MOVIE,2020,R,83,"['thriller', 'action']",['CA'],1.0,tt10307440,6.0,8675.0,2,1,thriller,CA
3622,tm462903,Backdraft 2,MOVIE,2019,R,102,['drama'],"['US', 'BE']",1.0,Unknown,6.5334469051675175,2279.0,1,2,drama,US
3625,tm845437,Disclosure,MOVIE,2020,Not Rated,107,['documentation'],['US'],1.0,tt8637504,8.2,5301.0,1,1,documentation,US
3626,tm814150,How I Became a Super Hero,MOVIE,2020,Not Rated,97,"['drama', 'fantasy', 'thriller', 'action', 'comedy', 'scifi']",['FR'],1.0,tt10345590,5.8,5047.0,6,1,drama,FR
3627,tm461366,The Coldest Game,MOVIE,2019,Not Rated,104,"['drama', 'history', 'sport', 'thriller', 'european']",['PL'],1.0,tt6445414,6.2,10411.0,5,1,drama,PL
3628,tm981451,Death to 2020,MOVIE,2020,Not Rated,71,['comedy'],"['GB', 'US']",1.0,tt13567480,6.8,38301.0,1,2,comedy,GB
3629,tm855827,Pete Davidson: Alive from New York,MOVIE,2020,Not Rated,49,['comedy'],['US'],1.0,tt11474156,6.1,4072.0,1,1,comedy,US
3630,tm511940,Lying and Stealing,MOVIE,2019,R,100,"['crime', 'drama', 'comedy']",['US'],1.0,tt7558302,5.4,5596.0,3,1,crime,US
3634,tm890674,Becoming,MOVIE,2020,PG,89,['documentation'],['US'],1.0,tt12221748,6.8,6305.0,1,1,documentation,US
3635,tm834291,Escaping the NXIVM Cult: A Mother's Fight to Save Her Daughter,MOVIE,2019,Not Rated,87,"['crime', 'drama']",[],1.0,tt10584730,5.3,426.0,2,0,crime,Unknown
3636,tm524282,Invader ZIM: Enter the Florpus,MOVIE,2019,Not Rated,71,"['drama', 'family', 'horror', 'action', 'fantasy', 'animation', 'comedy', 'scifi', 'thriller']",['US'],1.0,tt6744342,7.4,5656.0,9,1,drama,US
3639,tm881162,Athlete A,MOVIE,2020,PG-13,104,"['documentation', 'crime', 'sport']",['US'],1.0,tt11905462,7.6,10544.0,3,1,documentation,US
3644,tm471922,An Easy Girl,MOVIE,2019,Not Rated,92,"['comedy', 'drama', 'european']",['FR'],1.0,tt9632590,5.6,4911.0,3,1,comedy,FR
3645,tm877456,9to5: The Story of A Movement,MOVIE,2020,Not Rated,89,"['documentation', 'history']",['US'],1.0,tt11753730,7.4,228.0,2,1,documentation,US
3646,tm818502,"Live Twice, Love Once",MOVIE,2019,Not Rated,101,"['comedy', 'drama', 'european']",['ES'],1.0,tt9063902,7.2,6492.0,3,1,comedy,ES
3650,tm884511,The Lost Husband,MOVIE,2020,PG-13,109,"['romance', 'drama']",['US'],1.0,tt4257940,6.1,4578.0,2,1,romance,US
3652,tm887450,Made You Look: A True Story About Fake Art,MOVIE,2020,Not Rated,96,"['documentation', 'crime']",['CA'],1.0,tt11994750,7.0,4111.0,2,1,documentation,CA
3653,tm430171,Screwball,MOVIE,2019,Not Rated,105,"['documentation', 'history']",['US'],1.0,tt8819596,7.1,1678.0,2,1,documentation,US
3654,tm936396,Holidate,MOVIE,2020,Not Rated,103,"['romance', 'comedy']",['US'],1.0,tt9866072,6.1,61924.0,2,1,romance,US
3655,tm425698,The Wedding Guest,MOVIE,2019,R,94,['thriller'],"['IN', 'GB']",1.0,tt7645780,5.8,5480.0,1,2,thriller,IN
3656,tm371882,Ne Zha,MOVIE,2019,PG-13,110,['fantasy'],['CN'],1.0,tt7843530,6.5334469051675175,2279.0,1,1,fantasy,CN
3657,tm858001,Only,MOVIE,2020,R,98,"['romance', 'horror', 'thriller', 'drama', 'action', 'family']",['US'],1.0,Unknown,6.5334469051675175,2279.0,6,1,romance,US
3658,tm424074,Then Came You,MOVIE,2019,PG-13,93,"['comedy', 'drama']",['US'],1.0,tt4859168,6.9,12356.0,2,1,comedy,US
3660,tm885860,Hannah Gadsby: Douglas,MOVIE,2020,Not Rated,72,['comedy'],['AU'],1.0,Unknown,6.5334469051675175,2279.0,1,1,comedy,AU
3661,tm469400,Brené Brown: The Call to Courage,MOVIE,2019,Not Rated,76,"['documentation', 'drama']",['US'],1.0,tt10050766,7.7,1516.0,2,1,documentation,US
3663,tm467299,Anthony Jeselnik: Fire in the Maternity Ward,MOVIE,2019,Not Rated,64,['comedy'],['US'],1.0,tt10050780,7.2,3547.0,1,1,comedy,US
3666,tm843768,John Mulaney & The Sack Lunch Bunch,MOVIE,2019,Not Rated,70,"['comedy', 'family', 'music']",['US'],1.0,tt11318624,7.4,3498.0,3,1,comedy,US
3667,tm458721,Amy Schumer: Growing,MOVIE,2019,Not Rated,61,['comedy'],['US'],1.0,tt9770590,5.4,3812.0,1,1,comedy,US
3668,tm918701,Don't Listen,MOVIE,2020,Not Rated,98,"['thriller', 'horror', 'european']",['ES'],1.0,Unknown,6.5334469051675175,2279.0,3,1,thriller,ES
3669,tm571805,Otherhood,MOVIE,2019,R,100,['comedy'],"['US', 'GB']",1.0,tt4180560,6.1,11048.0,1,2,comedy,US
3670,tm501222,Twin Murders: The Silence of the White City,MOVIE,2019,Not Rated,110,"['crime', 'drama', 'horror', 'thriller', 'action', 'european']",['ES'],1.0,tt8393332,5.3,5251.0,6,1,crime,ES
3671,tm848995,Jingle Jangle: A Christmas Journey,MOVIE,2020,PG,122,"['music', 'family', 'fantasy']",['US'],1.0,tt7736496,6.5,18274.0,3,1,music,US
3679,tm463385,Framing John DeLorean,MOVIE,2019,Not Rated,109,"['drama', 'documentation']",['US'],1.0,tt6256978,6.5,2287.0,2,1,drama,US
3680,tm826563,A Cinderella Story: Christmas Wish,MOVIE,2019,PG,93,['romance'],['US'],1.0,tt10326928,5.3,2279.0,1,1,romance,US
3681,tm826473,A Sun,MOVIE,2019,Not Rated,156,['drama'],['TW'],1.0,Unknown,6.5334469051675175,2279.0,1,1,drama,TW
3683,tm823355,Inside Man: Most Wanted,MOVIE,2019,R,106,"['thriller', 'action', 'crime']",['US'],1.0,tt7832848,5.6,3927.0,3,1,thriller,US
3685,tm942240,Dance of the Forty One,MOVIE,2020,Not Rated,99,"['drama', 'history']","['BR', 'MX']",1.0,tt11525022,6.8,4236.0,2,2,drama,BR
3686,tm483997,The Kissing Booth 2,MOVIE,2020,Not Rated,134,"['comedy', 'romance']",['GB'],1.0,tt9784456,5.7,30310.0,2,1,comedy,GB
3690,tm920096,Definition Please,MOVIE,2020,Not Rated,91,"['drama', 'comedy']",[],1.0,tt10395748,5.5,157.0,2,0,drama,Unknown
3691,tm864480,Unknown Origins,MOVIE,2020,Not Rated,96,"['thriller', 'comedy', 'action', 'crime', 'drama']","['AR', 'ES']",1.0,tt5827790,6.1,6732.0,5,2,thriller,AR
3694,tm898262,Coven,MOVIE,2020,Not Rated,92,"['drama', 'history', 'thriller', 'horror', 'action']","['AR', 'ES', 'FR']",1.0,tt9916362,6.4,4598.0,5,3,drama,AR
3696,tm824165,Falling Inn Love,MOVIE,2019,Not Rated,98,"['comedy', 'romance']",['US'],1.0,tt9860752,5.6,19091.0,2,1,comedy,US
3697,tm465231,Nate Bargatze: The Tennessee Kid,MOVIE,2019,Not Rated,60,['comedy'],['US'],1.0,tt9861504,7.6,1798.0,1,1,comedy,US
3699,tm883189,Dangerous Lies,MOVIE,2020,Not Rated,96,"['thriller', 'horror', 'drama', 'comedy', 'crime']",['US'],1.0,tt10183816,5.3,16731.0,5,1,thriller,US
3701,tm458127,Human Nature,MOVIE,2019,Not Rated,107,"['documentation', 'thriller']",['US'],1.0,tt7188970,7.7,1541.0,2,1,documentation,US
3702,tm475339,Beats,MOVIE,2019,Not Rated,109,['drama'],['US'],1.0,tt8530978,6.3,5122.0,1,1,drama,US
3704,tm881859,A Secret Love,MOVIE,2020,Not Rated,83,"['documentation', 'drama']",['US'],1.0,tt3260524,7.8,4334.0,2,1,documentation,US
3705,tm503508,Earthquake Bird,MOVIE,2019,R,107,"['romance', 'thriller', 'crime', 'drama']","['JP', 'GB']",1.0,tt8178486,5.9,14154.0,4,2,romance,JP
3706,tm827304,LEGO Marvel Spider-Man: Vexed by Venom,MOVIE,2019,Not Rated,25,"['animation', 'action', 'comedy', 'family']",['US'],1.0,tt10755644,5.6,290.0,4,1,animation,US
3708,tm461829,The Hard Way,MOVIE,2019,Not Rated,92,['action'],['US'],1.0,tt9815714,4.8,3171.0,1,1,action,US
3709,tm434553,Cut Throat City,MOVIE,2020,R,123,"['crime', 'thriller', 'action', 'drama']",['US'],1.0,tt3547306,4.8,2521.0,4,1,crime,US
3711,tm848996,Tigertail,MOVIE,2020,PG,91,['drama'],['US'],1.0,tt8902948,6.6,3540.0,1,1,drama,US
3713,tm448767,Knock Down the House,MOVIE,2019,PG,86,['documentation'],['US'],1.0,tt9358052,7.1,12418.0,1,1,documentation,US
3716,tm912373,Jim Jefferies: Intolerant,MOVIE,2020,Not Rated,66,['comedy'],['US'],1.0,tt12588160,7.2,2764.0,1,1,comedy,US
3718,tm670553,Your Name Engraved Herein,MOVIE,2020,Not Rated,118,"['drama', 'romance']",['TW'],1.0,tt10329134,7.3,5628.0,2,1,drama,TW
3720,tm847629,Dolly Parton: Here I Am,MOVIE,2019,Not Rated,89,"['music', 'documentation']",['GB'],1.0,tt11497544,7.3,1467.0,2,1,music,GB
3724,tm893816,Desperados,MOVIE,2020,Not Rated,105,"['comedy', 'romance']",['US'],1.0,tt10050362,5.2,10030.0,2,1,comedy,US
3726,tm823488,David Foster: Off the Record,MOVIE,2019,Not Rated,98,['documentation'],['CA'],1.0,tt10655608,6.9,552.0,1,1,documentation,CA
3729,tm467804,Watchman,MOVIE,2019,Not Rated,140,['thriller'],['IN'],1.0,Unknown,6.5334469051675175,2279.0,1,1,thriller,IN
3731,tm922532,Freaks – You're One of Us,MOVIE,2020,NC-17,93,"['thriller', 'fantasy', 'scifi', 'action', 'drama']",['DE'],1.0,tt12875782,5.4,5809.0,5,1,thriller,DE
3733,tm844642,Michelle Wolf: Joke Show,MOVIE,2019,Not Rated,59,['comedy'],['US'],1.0,tt11269704,7.2,1571.0,1,1,comedy,US
3735,tm878842,The Edge of All We Know,MOVIE,2020,Not Rated,99,['documentation'],['US'],1.0,tt11863046,6.6,2288.0,1,1,documentation,US
3736,tm855483,Have a Good Trip: Adventures in Psychedelics,MOVIE,2020,Not Rated,85,"['documentation', 'comedy']",['US'],1.0,tt12133722,6.8,7578.0,2,1,documentation,US
3737,tm447520,Sebastian Maniscalco: Stay Hungry,MOVIE,2019,Not Rated,65,['comedy'],['US'],1.0,tt9482786,7.1,1295.0,1,1,comedy,US
3739,tm679284,The Knight Before Christmas,MOVIE,2019,Not Rated,92,"['drama', 'fantasy', 'romance', 'comedy']",['US'],1.0,tt10060094,5.5,17762.0,4,1,drama,US
3740,tm454824,Silver Skates,MOVIE,2020,Not Rated,136,"['romance', 'family', 'history', 'drama']",['RU'],1.0,tt10525672,7.1,5774.0,4,1,romance,RU
3742,tm453850,Time to Hunt,MOVIE,2020,Not Rated,135,"['drama', 'scifi', 'thriller', 'action', 'crime']",['KR'],1.0,tt11777040,6.3,5392.0,5,1,drama,KR
3744,tm447439,System Crasher,MOVIE,2019,Not Rated,118,"['drama', 'european']",['DE'],1.0,tt8535968,7.8,12699.0,2,1,drama,DE
3748,tm467467,Homecoming: A Film by Beyoncé,MOVIE,2019,PG-13,137,"['music', 'documentation']",['US'],1.0,tt10147546,7.4,7013.0,2,1,music,US
3750,tm834664,Nikki Glaser: Bangin',MOVIE,2019,Not Rated,63,['comedy'],['US'],1.0,tt10952752,6.1,1629.0,1,1,comedy,US
3753,tm497383,Sergio,MOVIE,2020,R,118,"['drama', 'history', 'romance', 'documentation']","['US', 'AL', 'JO', 'TH']",1.0,tt6468740,6.2,9619.0,4,4,drama,US
3754,tm978401,Mosul,MOVIE,2019,Not Rated,86,['drama'],['US'],1.0,Unknown,6.5334469051675175,2279.0,1,1,drama,US
3757,tm449594,Brother,MOVIE,2019,Not Rated,96,"['drama', 'european']",['FR'],1.0,tt9095526,6.7,1054.0,2,1,drama,FR
3759,tm452851,The Operative,MOVIE,2019,Not Rated,116,"['thriller', 'action', 'drama']","['IL', 'US', 'FR', 'DE']",1.0,tt8000718,5.7,6099.0,3,4,thriller,IL
3760,tm457856,ReMastered: The Two Killings of Sam Cooke,MOVIE,2019,Not Rated,74,"['documentation', 'music']",[],1.0,tt9046564,7.2,2231.0,2,0,documentation,Unknown
3761,tm554944,Love Wedding Repeat,MOVIE,2020,Not Rated,100,"['romance', 'comedy']","['IT', 'GB']",1.0,tt5096470,5.5,20033.0,2,2,romance,IT
3762,tm931158,Gather,MOVIE,2020,Not Rated,74,['documentation'],['US'],1.0,tt9309756,7.8,196.0,1,1,documentation,US
3764,tm834230,The Silence of the Marsh,MOVIE,2019,Not Rated,92,"['thriller', 'european']",['ES'],1.0,Unknown,6.5334469051675175,2279.0,2,1,thriller,ES
3765,tm470836,The Show Must Go On: The Queen + Adam Lambert Story,MOVIE,2019,Not Rated,81,"['documentation', 'music']",['US'],1.0,tt9856280,7.8,1923.0,2,1,documentation,US
3766,tm472411,Iron Fists and Kung Fu Kicks,MOVIE,2019,Not Rated,108,"['documentation', 'history']",['AU'],1.0,tt10255782,6.6,1146.0,2,1,documentation,AU
3768,tm454375,Benchwarmers 2: Breaking Balls,MOVIE,2019,PG-13,90,"['comedy', 'sport']",['US'],1.0,tt8750122,4.1,947.0,2,1,comedy,US
3769,tm837756,I'm No Longer Here,MOVIE,2019,Not Rated,112,['drama'],"['MX', 'US']",1.0,tt4323594,7.3,7727.0,1,2,drama,MX
3771,tm305433,Rocko's Modern Life: Static Cling,MOVIE,2019,Not Rated,45,"['comedy', 'animation', 'fantasy', 'scifi', 'action', 'family']",['US'],1.0,tt6172460,6.9,3820.0,6,1,comedy,US
3772,tm819054,Dear Mother,MOVIE,2020,Not Rated,98,"['comedy', 'drama']","['BE', 'FR']",1.0,tt10551904,5.8,1195.0,2,2,comedy,BE
3773,tm863890,Rising High,MOVIE,2020,Not Rated,94,"['comedy', 'drama']",['DE'],1.0,tt9806336,5.9,4905.0,2,1,comedy,DE
3777,tm490222,Uncorked,MOVIE,2020,Not Rated,104,"['drama', 'comedy']",['US'],1.0,tt9261218,6.4,5414.0,2,1,drama,US
3780,tm838876,Undercover Brother 2,MOVIE,2019,R,85,"['action', 'comedy']",['US'],1.0,tt6843446,3.4,670.0,2,1,action,US
3781,tm868777,"Love, Guaranteed",MOVIE,2020,Not Rated,90,"['comedy', 'romance']",['US'],1.0,tt11100856,5.6,17092.0,2,1,comedy,US
3783,tm846166,Pets United,MOVIE,2019,Not Rated,89,"['comedy', 'animation']","['CN', 'DE', 'GB']",1.0,tt11276598,3.7,2677.0,2,3,comedy,CN
3784,tm450478,Under the Eiffel Tower,MOVIE,2019,Not Rated,87,"['romance', 'comedy']",['US'],1.0,tt6251390,5.4,992.0,2,1,romance,US
3787,tm917325,Dragons: Rescue Riders: Secrets of the Songwing,MOVIE,2020,Not Rated,46,"['animation', 'action', 'comedy', 'family', 'fantasy']",['US'],1.0,tt12599350,5.1,175.0,5,1,animation,US
3788,tm986700,All My Friends Are Dead,MOVIE,2020,Not Rated,95,"['thriller', 'drama', 'comedy', 'crime']",['PL'],1.0,tt13728990,5.8,6126.0,4,1,thriller,PL
3790,tm838687,Holiday in the Wild,MOVIE,2019,Not Rated,85,"['romance', 'comedy', 'drama']",['US'],1.0,tt8510488,6.1,15053.0,3,1,romance,US
3793,tm856593,Bert Kreischer: Hey Big Boy,MOVIE,2020,Not Rated,62,['comedy'],['US'],1.0,tt11810424,7.0,1913.0,1,1,comedy,US
3794,tm844662,Ronny Chieng: Asian Comedian Destroys America!,MOVIE,2019,Not Rated,63,['comedy'],['US'],1.0,tt11248800,7.4,3077.0,1,1,comedy,US
3795,tm446581,The Edge of Democracy,MOVIE,2019,Not Rated,121,"['documentation', 'history']",['BR'],1.0,tt6016744,7.2,14605.0,2,1,documentation,BR
3796,tm494731,Sextuplets,MOVIE,2019,Not Rated,97,['comedy'],['US'],1.0,tt8976710,4.4,8380.0,1,1,comedy,US
3797,tm886283,Legacy of Lies,MOVIE,2020,R,101,"['thriller', 'action']","['UA', 'GB', 'US', 'NL', 'PL']",1.0,tt6834916,5.0,3307.0,2,5,thriller,UA
3801,tm844513,M8 - When Death Rescues Life,MOVIE,2019,Not Rated,84,"['drama', 'thriller']",['BR'],1.0,tt11321572,7.0,608.0,2,1,drama,BR
3804,tm884369,"Best Wishes, Warmest Regards: A Schitt's Creek Farewell",MOVIE,2020,Not Rated,44,['documentation'],['CA'],1.0,tt12004838,8.6,1357.0,1,1,documentation,CA
3808,tm858416,Guilty,MOVIE,2020,Not Rated,119,['thriller'],['IN'],1.0,Unknown,6.5334469051675175,2279.0,1,1,thriller,IN
3809,tm836662,Go!,MOVIE,2020,Not Rated,103,"['family', 'sport']",['AU'],1.0,tt8116640,5.9,2723.0,2,1,family,AU
3813,tm970327,Seven,MOVIE,2019,Not Rated,113,['drama'],[],1.0,tt12553430,7.5,29.0,1,0,drama,Unknown
3816,tm812998,Miracle in Cell No. 7,MOVIE,2019,Not Rated,132,['drama'],['TR'],1.0,tt10431500,8.2,46939.0,1,1,drama,TR
3817,tm889629,Lady Driver,MOVIE,2020,PG,104,"['drama', 'sport']",['US'],1.0,tt7562334,5.8,1463.0,2,1,drama,US
3819,tm977997,Captain Underpants: Mega Blissmas,MOVIE,2020,G,46,"['comedy', 'animation', 'family']",['US'],1.0,tt13411948,5.3,155.0,3,1,comedy,US
3822,tm897170,Furie,MOVIE,2019,Not Rated,98,"['thriller', 'drama', 'horror']",['FR'],1.0,tt8246392,5.6,2731.0,3,1,thriller,FR
3824,tm917974,Hard Kill,MOVIE,2020,R,98,"['thriller', 'action']",['US'],1.0,tt11656172,3.4,19728.0,2,1,thriller,US
3830,tm916997,Work It,MOVIE,2020,PG-13,93,"['music', 'comedy']",['US'],1.0,tt10276470,6.1,12828.0,2,1,music,US
3831,tm852662,Ultras,MOVIE,2020,Not Rated,109,['drama'],['IT'],1.0,tt10937434,6.2,4831.0,1,1,drama,IT
3832,tm376739,Bethany Hamilton: Unstoppable,MOVIE,2019,PG,99,"['documentation', 'sport']",['US'],1.0,tt6435258,7.4,705.0,2,1,documentation,US
3833,tm849937,Jungle Beat: The Movie,MOVIE,2020,G,84,"['scifi', 'fantasy', 'animation', 'comedy', 'family']",['MU'],1.0,tt12139700,5.5,983.0,5,1,scifi,MU
3836,tm932609,The Binding,MOVIE,2020,Not Rated,93,"['drama', 'thriller', 'horror']",['IT'],1.0,tt10914452,4.8,4145.0,3,1,drama,IT
3837,tm898169,If Anything Happens I Love You,MOVIE,2020,PG,12,['drama'],['US'],1.0,Unknown,6.5334469051675175,2279.0,1,1,drama,US
3838,tm851346,Residue,MOVIE,2020,Not Rated,90,['drama'],['US'],1.0,tt11568878,6.5,570.0,1,1,drama,US
3841,tm894619,Feel the Beat,MOVIE,2020,G,107,"['drama', 'comedy', 'family']","['CA', 'US']",1.0,tt10714856,6.3,10749.0,3,2,drama,CA
3842,tm885805,Debt Collectors,MOVIE,2020,R,97,"['comedy', 'action']",['US'],1.0,tt10933680,5.7,4230.0,2,1,comedy,US
3843,tm483420,Ella Fitzgerald: Just One of Those Things,MOVIE,2019,Not Rated,89,"['music', 'documentation']",['GB'],1.0,tt9824012,6.9,413.0,2,1,music,GB
3844,tm918853,All Together Now,MOVIE,2020,PG,92,['drama'],['US'],1.0,tt3155342,6.5,4182.0,1,1,drama,US
3845,tm814644,Coffee & Kareem,MOVIE,2020,Not Rated,88,"['action', 'comedy', 'crime']",['US'],1.0,tt9898858,5.1,13469.0,3,1,action,US
3847,tm850822,Fortune Feimster: Sweet & Salty,MOVIE,2020,Not Rated,61,"['comedy', 'drama']",[],1.0,tt11488724,6.9,949.0,2,0,comedy,Unknown
3849,tm857187,Tom Segura: Ball Hog,MOVIE,2020,Not Rated,70,['comedy'],['US'],1.0,tt11861072,7.3,2848.0,1,1,comedy,US
3851,tm925785,Dark Forces,MOVIE,2020,Not Rated,81,"['thriller', 'horror', 'action']",[],1.0,tt12536776,2.7,586.0,3,0,thriller,Unknown
3852,tm855535,The Hater,MOVIE,2020,Not Rated,135,"['drama', 'european']",['PL'],1.0,Unknown,6.5334469051675175,2279.0,2,1,drama,PL
3853,tm514494,Offering to the Storm,MOVIE,2020,Not Rated,139,"['crime', 'thriller', 'european']","['DE', 'ES']",1.0,tt7304824,6.2,6215.0,3,2,crime,DE
3858,tm453903,Elisa & Marcela,MOVIE,2019,Not Rated,118,"['romance', 'drama', 'european']",['ES'],1.0,tt6704898,6.6,4593.0,3,1,romance,ES
3859,tm843938,18 Presents,MOVIE,2020,Not Rated,114,"['fantasy', 'drama', 'european']",['IT'],1.0,tt10816484,6.9,3739.0,3,1,fantasy,IT
3860,tm674099,Rose Island,MOVIE,2020,Not Rated,117,"['drama', 'comedy']",['IT'],1.0,tt10287954,7.0,20019.0,2,1,drama,IT
3861,tm811971,Oprah Winfrey Presents: When They See Us Now,MOVIE,2019,Not Rated,61,['documentation'],[],1.0,tt10484298,7.8,2341.0,1,0,documentation,Unknown
3864,tm835432,Sky High,MOVIE,2020,Not Rated,121,"['crime', 'thriller', 'drama', 'action', 'european']",['ES'],1.0,tt10978398,5.6,3465.0,5,1,crime,ES
3866,tm413558,Funan,MOVIE,2019,Not Rated,84,"['drama', 'war', 'animation', 'history', 'european']","['BE', 'KH', 'FR', 'LU']",1.0,tt6342440,6.9,916.0,5,4,drama,BE
3867,tm470560,Circus of Books,MOVIE,2019,Not Rated,92,"['documentation', 'history']",['US'],1.0,tt8727582,7.1,4571.0,2,1,documentation,US
3869,tm954543,Wheels of Fortune,MOVIE,2020,R,107,['comedy'],['US'],1.0,tt9735976,5.3,777.0,1,1,comedy,US
3871,tm434830,The Grizzlies,MOVIE,2019,R,106,"['drama', 'sport']",['CA'],1.0,tt6365796,7.5,2012.0,2,1,drama,CA
3872,tm893680,Jo Koy: In His Elements,MOVIE,2020,Not Rated,55,['comedy'],['US'],1.0,tt12357266,5.4,469.0,1,1,comedy,US
3873,tm824559,"Bikram: Yogi, Guru, Predator",MOVIE,2019,Not Rated,86,"['crime', 'documentation']",['US'],1.0,tt10883004,6.7,7367.0,2,1,crime,US
3874,tm835486,Jenny Slate: Stage Fright,MOVIE,2019,Not Rated,66,"['comedy', 'reality']",['US'],1.0,tt10971520,5.8,1268.0,2,1,comedy,US
3882,tm915043,The F**k-It List,MOVIE,2020,R,103,['comedy'],['US'],1.0,tt8145202,5.1,5866.0,1,1,comedy,US
3884,tm887369,Jerry Seinfeld: 23 Hours to Kill,MOVIE,2020,Not Rated,60,['comedy'],['US'],1.0,tt12117854,6.7,5061.0,1,1,comedy,US
3888,tm493175,ZZ Top: That Little Ol' Band from Texas,MOVIE,2019,Not Rated,91,"['documentation', 'music']",['GB'],1.0,tt9015306,7.5,1692.0,2,1,documentation,GB
3889,tm283581,Super Deluxe,MOVIE,2019,NC-17,176,"['thriller', 'action', 'comedy', 'crime', 'drama']",['IN'],1.0,tt7019942,8.4,13680.0,5,1,thriller,IN
3890,tm917036,The Speed Cubers,MOVIE,2020,Not Rated,39,['documentation'],['US'],1.0,Unknown,6.5334469051675175,2279.0,1,1,documentation,US
3895,tm861718,Villain,MOVIE,2020,R,97,"['drama', 'thriller', 'action', 'crime']",['GB'],1.0,tt9820352,5.9,3243.0,4,1,drama,GB
3896,tm458893,"Oh, Ramona!",MOVIE,2019,R,109,"['comedy', 'romance', 'european']",['RO'],1.0,tt7200946,4.8,8854.0,3,1,comedy,RO
3898,tm854278,Rogue City,MOVIE,2020,PG-13,116,['thriller'],['FR'],1.0,Unknown,6.5334469051675175,2279.0,1,1,thriller,FR
3905,tm898699,Larry the Cable Guy: Remain Seated,MOVIE,2020,R,67,['comedy'],['US'],1.0,tt11464488,6.6,258.0,1,1,comedy,US
3906,tm840224,Seth Meyers: Lobby Baby,MOVIE,2019,Not Rated,61,['comedy'],['US'],1.0,tt11168100,7.4,2542.0,1,1,comedy,US
3908,tm453098,Svaha: The Sixth Finger,MOVIE,2019,Not Rated,122,"['thriller', 'crime', 'horror']",['KR'],1.0,tt7299298,6.2,3762.0,3,1,thriller,KR
3910,tm848443,World Famous Lover,MOVIE,2020,Not Rated,156,"['romance', 'drama']",['IN'],1.0,tt10991188,5.0,3130.0,2,1,romance,IN
3911,tm898773,Bulbbul,MOVIE,2020,Not Rated,94,"['fantasy', 'horror', 'drama']",['IN'],1.0,tt12393526,6.5,11654.0,3,1,fantasy,IN
3915,tm883441,Money Heist: The Phenomenon,MOVIE,2020,Not Rated,57,['documentation'],['ES'],1.0,tt12078990,7.4,3419.0,1,1,documentation,ES
3916,tm813929,Gold Statue,MOVIE,2019,Not Rated,145,"['comedy', 'drama']",['NG'],1.0,tt10377292,6.2,52.0,2,1,comedy,NG
3918,tm857921,The Present,MOVIE,2020,PG-13,24,['drama'],"['PS', 'QA']",1.0,Unknown,6.5334469051675175,2279.0,1,2,drama,PS
3919,tm465408,Burning Cane,MOVIE,2019,Not Rated,77,['drama'],['US'],1.0,tt7358154,5.5,630.0,1,1,drama,US
3924,tm452573,Gabriel Iglesias: One Show Fits All,MOVIE,2019,Not Rated,90,"['comedy', 'documentation']",['US'],1.0,tt9426212,7.2,1793.0,2,1,comedy,US
3926,tm822596,Into the Beat,MOVIE,2020,Not Rated,102,"['drama', 'music', 'romance', 'european']",['DE'],1.0,tt10662234,5.3,1313.0,4,1,drama,DE
3929,tm319139,Saaho,MOVIE,2019,R,171,"['thriller', 'action', 'crime', 'drama', 'romance']",['IN'],1.0,tt6836936,5.5,18554.0,5,1,thriller,IN
3930,tm495609,Game Over,MOVIE,2019,Not Rated,102,"['thriller', 'drama', 'scifi']",['IN'],1.0,tt8914492,7.0,7297.0,3,1,thriller,IN
3935,tm470597,A Kid from Coney Island,MOVIE,2019,Not Rated,89,"['documentation', 'sport']","['CN', 'US']",1.0,tt9567112,7.0,536.0,2,2,documentation,CN
3936,tm502151,A Remarkable Tale,MOVIE,2019,PG,93,"['comedy', 'drama', 'european']",['ES'],1.0,tt8296660,5.3,1159.0,3,1,comedy,ES
3938,tm933447,Michael McIntyre: Showman,MOVIE,2020,Not Rated,62,['comedy'],[],1.0,tt11860624,7.1,1219.0,1,0,comedy,Unknown
3940,tm456074,Jezebel,MOVIE,2020,Not Rated,88,['drama'],['US'],1.0,tt7103742,6.9,1304.0,1,1,drama,US
3941,tm461159,Trouble,MOVIE,2019,Not Rated,87,"['comedy', 'family', 'music', 'animation']",['CA'],1.0,tt6772524,5.8,3187.0,4,1,comedy,CA
3942,tm875736,U Turn,MOVIE,2020,Not Rated,98,"['horror', 'thriller']",[],1.0,tt11638656,4.3,268.0,2,0,horror,Unknown
3943,tm816593,"Frankenstein's Monster's Monster, Frankenstein",MOVIE,2019,Not Rated,32,['comedy'],['US'],1.0,tt10516390,5.8,2166.0,1,1,comedy,US
3944,tm454861,Patria,MOVIE,2019,Not Rated,89,"['documentation', 'history']",['MX'],1.0,tt9647980,7.2,102.0,2,1,documentation,MX
3945,tm850862,A Love Song for Latasha,MOVIE,2019,Not Rated,18,['documentation'],['US'],1.0,Unknown,6.5334469051675175,2279.0,1,1,documentation,US
3946,tm860965,Dave Chappelle: The Kennedy Center Mark Twain Prize,MOVIE,2020,Not Rated,86,['comedy'],['US'],1.0,Unknown,6.5334469051675175,2279.0,1,1,comedy,US
3948,tm919106,Rising Phoenix,MOVIE,2020,PG-13,105,"['documentation', 'sport']",['GB'],1.0,tt10851618,8.1,1659.0,2,1,documentation,GB
3951,tm467848,NiNoKuni,MOVIE,2019,PG-13,106,"['fantasy', 'animation', 'action', 'family', 'romance']",['JP'],1.0,tt9760504,6.1,3296.0,5,1,fantasy,JP
3953,tm845532,Mucho Mucho Amor: The Legend of Walter Mercado,MOVIE,2020,Not Rated,96,['documentation'],['US'],1.0,tt11378264,7.3,3251.0,1,1,documentation,US
3956,tm836674,The Main Event,MOVIE,2020,Not Rated,102,"['comedy', 'action', 'family', 'fantasy', 'sport']",['US'],1.0,tt10540242,4.8,2279.0,5,1,comedy,US
3959,tm912400,Jack Whitehall: I'm Only Joking,MOVIE,2020,Not Rated,58,['comedy'],['GB'],1.0,tt12588432,6.6,1468.0,1,1,comedy,GB
3963,tm816038,Violet Evergarden: Eternity and the Auto Memories Doll,MOVIE,2019,Not Rated,90,"['family', 'animation', 'drama', 'fantasy']",['JP'],1.0,tt10477558,7.4,4503.0,4,1,family,JP
3964,tm943718,Operation Christmas Drop,MOVIE,2020,Not Rated,95,"['romance', 'comedy', 'family']",['US'],1.0,tt13236566,5.8,11329.0,3,1,romance,US
3966,tm423624,Ek Ladki Ko Dekha Toh Aisa Laga,MOVIE,2019,Not Rated,121,"['drama', 'romance', 'comedy']",['IN'],1.0,tt8108164,5.6,4288.0,3,1,drama,IN
3969,tm518467,Dragon Rider,MOVIE,2020,Not Rated,100,"['family', 'fantasy', 'animation', 'comedy', 'european']","['ES', 'BE', 'DE']",1.0,tt7080422,5.6,1522.0,5,3,family,ES
3971,tm826368,American Son,MOVIE,2019,Not Rated,90,['drama'],['US'],1.0,tt9664078,5.8,6904.0,1,1,drama,US
3972,tm454096,Only Mine,MOVIE,2019,Not Rated,87,"['drama', 'thriller']",['US'],1.0,tt9271164,4.6,3013.0,2,1,drama,US
3973,tm987599,Best of Stand-up 2020,MOVIE,2020,Not Rated,76,['comedy'],['US'],1.0,tt13649688,5.4,601.0,1,1,comedy,US
3976,tm831873,The Crimes That Bind,MOVIE,2020,Not Rated,99,"['drama', 'thriller', 'crime']",['AR'],1.0,tt10915060,6.7,3912.0,3,1,drama,AR
3977,tm856424,Bheeshma,MOVIE,2020,Not Rated,151,"['romance', 'comedy']",['IN'],1.0,Unknown,6.5334469051675175,2279.0,2,1,romance,IN
3978,tm884581,Rich in Love,MOVIE,2020,Not Rated,104,"['romance', 'comedy']",['BR'],1.0,tt10329566,6.0,2616.0,2,1,romance,BR
3982,tm885669,The Christmas Chronicles: Part Two,MOVIE,2020,PG,112,"['comedy', 'family', 'fantasy']",['US'],1.0,tt11057644,6.0,29280.0,3,1,comedy,US
3983,tm843276,Memories of a Teenager,MOVIE,2019,Not Rated,93,['drama'],['AR'],1.0,tt11254858,6.5,778.0,1,1,drama,AR
3984,tm941531,The Beast,MOVIE,2020,Not Rated,90,"['crime', 'action', 'drama', 'thriller']",['IT'],1.0,tt11499506,5.2,4281.0,4,1,crime,IT
3986,tm873159,The Yin-Yang Master: Dream of Eternity,MOVIE,2020,PG-13,132,"['scifi', 'action', 'drama', 'fantasy']",['CN'],1.0,tt11454718,6.4,4647.0,4,1,scifi,CN
3987,tm430106,"El Pepe, A Supreme Life",MOVIE,2019,Not Rated,74,['documentation'],"['RS', 'UY', 'AR']",1.0,tt8900434,7.1,1867.0,1,3,documentation,RS
3992,tm836638,The Man Without Gravity,MOVIE,2019,Not Rated,107,"['drama', 'comedy', 'fantasy']","['BE', 'FR', 'IT']",1.0,tt9646240,5.8,2485.0,3,3,drama,BE
3995,tm452440,Cinderela Pop,MOVIE,2019,Not Rated,94,"['romance', 'music', 'family']",['BR'],1.0,tt8716800,4.5,1046.0,3,1,romance,BR
3998,tm949267,Notes for My Son,MOVIE,2020,Not Rated,83,['drama'],['AR'],1.0,tt13353486,6.4,912.0,1,1,drama,AR
3999,tm820116,Street Flow,MOVIE,2019,Not Rated,96,"['drama', 'crime']",['FR'],1.0,tt10958282,6.4,1509.0,2,1,drama,FR
4001,tm458363,Juanita,MOVIE,2019,Not Rated,90,['drama'],['US'],1.0,tt6155456,6.0,2336.0,1,1,drama,US
4005,tm856545,Intuition,MOVIE,2020,Not Rated,116,"['thriller', 'crime']",['AR'],1.0,tt12282598,5.5,2613.0,2,1,thriller,AR
4007,tm886214,Mrs. Serial Killer,MOVIE,2020,Not Rated,106,"['thriller', 'crime', 'drama']",['IN'],1.0,tt10230426,5.3,19630.0,3,1,thriller,IN
4009,tm425944,A Land Imagined,MOVIE,2019,Not Rated,95,"['drama', 'thriller', 'european']","['SG', 'FR', 'NL']",1.0,tt8726116,6.2,1289.0,3,3,drama,SG
4011,tm888080,The Last Days of American Crime,MOVIE,2020,Not Rated,149,"['crime', 'thriller', 'action', 'drama', 'scifi']",['US'],1.0,tt1552211,3.7,11227.0,5,1,crime,US
4013,tm925490,Ainu Mosir,MOVIE,2020,Not Rated,84,['drama'],"['JP', 'US', 'CN']",1.0,tt9140354,6.6,231.0,1,3,drama,JP
4014,tm450095,37 Seconds,MOVIE,2019,Not Rated,115,['drama'],['JP'],1.0,tt6156138,7.4,2647.0,1,1,drama,JP
4015,tm452867,Jo Pil-ho: The Dawning Rage,MOVIE,2019,Not Rated,127,"['drama', 'thriller', 'action', 'crime']",['KR'],1.0,tt7738048,6.3,2096.0,4,1,drama,KR
4017,tm450698,The Ruthless,MOVIE,2019,Not Rated,107,"['crime', 'drama', 'european']","['FR', 'IT']",1.0,tt9239888,6.2,6071.0,3,2,crime,FR
4018,tm895839,Under the Riccione Sun,MOVIE,2020,Not Rated,101,['comedy'],['IT'],1.0,Unknown,6.5334469051675175,2279.0,1,1,comedy,IT
4019,tm454156,In Family I Trust,MOVIE,2019,Not Rated,94,"['comedy', 'romance', 'european']",['ES'],1.0,tt6869362,6.2,3106.0,3,1,comedy,ES
4020,tm897418,DNA,MOVIE,2020,Not Rated,90,"['drama', 'history']",['FR'],1.0,tt7600716,6.0,1020.0,2,1,drama,FR
4021,tm857397,A Life of Speed: The Juan Manuel Fangio Story,MOVIE,2020,Not Rated,92,"['documentation', 'sport']",['AR'],1.0,tt11829302,6.9,1854.0,2,1,documentation,AR
4022,tm960414,A California Christmas,MOVIE,2020,PG-13,106,"['romance', 'comedy', 'drama']",['US'],1.0,tt13055780,5.8,9721.0,3,1,romance,US
4023,tm475430,Super Me,MOVIE,2019,Not Rated,102,"['fantasy', 'scifi', 'drama']",['CN'],1.0,tt10097544,5.8,1527.0,3,1,fantasy,CN
4024,tm897771,Picture a Scientist,MOVIE,2020,PG-13,97,['documentation'],['US'],1.0,Unknown,6.5334469051675175,2279.0,1,1,documentation,US
4025,tm351938,Girls with Balls,MOVIE,2019,Not Rated,77,"['comedy', 'horror', 'european']","['FR', 'BE']",1.0,tt4725842,3.9,3219.0,3,2,comedy,FR
4026,tm460360,4 latas,MOVIE,2019,Not Rated,105,"['drama', 'comedy', 'european']","['FR', 'ES']",1.0,tt8242160,5.9,3189.0,3,2,drama,FR
4031,tm494531,Seventeen,MOVIE,2019,Not Rated,99,"['drama', 'european']",['ES'],1.0,tt8988832,7.2,3940.0,2,1,drama,ES
4033,tm1127695,The Endless Trench,MOVIE,2019,Not Rated,148,"['thriller', 'war', 'action', 'drama', 'history', 'european']","['ES', 'FR']",1.0,tt7937168,7.2,6239.0,6,2,thriller,ES
4035,tm818786,Menendez: The Day of the Lord,MOVIE,2020,Not Rated,93,"['drama', 'horror', 'thriller']","['ES', 'MX']",1.0,tt5603212,4.9,988.0,3,2,drama,ES
4036,tm674135,Brother in Love,MOVIE,2019,Not Rated,115,"['comedy', 'family']",['TR'],1.0,tt10320050,7.1,5778.0,2,1,comedy,TR
4040,tm817087,#AnneFrank. Parallel Stories,MOVIE,2019,Not Rated,92,"['drama', 'documentation', 'history']",['IT'],1.0,tt9850370,6.5,1503.0,3,1,drama,IT
4044,tm484989,The Influence,MOVIE,2019,Not Rated,99,"['documentation', 'horror', 'european']",['ES'],1.0,tt9670466,4.5,3639.0,3,1,documentation,ES
4045,tm455197,Kabir Singh,MOVIE,2019,Not Rated,172,"['drama', 'crime', 'action', 'romance']",['IN'],1.0,tt8983202,7.2,30949.0,4,1,drama,IN
4047,tm431349,Bulbul Can Sing,MOVIE,2019,Not Rated,95,['drama'],['IN'],1.0,tt8659050,7.0,384.0,1,1,drama,IN
4048,tm886086,Seized,MOVIE,2020,R,85,"['thriller', 'action']",['US'],1.0,tt7221772,5.2,2173.0,2,1,thriller,US
4049,tm889679,Roped,MOVIE,2020,PG,90,"['romance', 'family', 'comedy', 'drama']",['US'],1.0,tt8523028,5.4,1391.0,4,1,romance,US
4054,tm835869,Jarhead: Law of Return,MOVIE,2019,R,103,['war'],"['US', 'IL']",1.0,tt10767720,5.6,2279.0,1,2,war,US
4055,tm450673,The Last Laugh,MOVIE,2019,Not Rated,98,['comedy'],['US'],1.0,tt7427356,5.6,5692.0,1,1,comedy,US
4060,tm455410,Grand-Daddy Day Care,MOVIE,2019,PG-13,91,"['comedy', 'family']",['FR'],1.0,tt8749922,4.9,864.0,2,1,comedy,FR
4063,tm470378,ReMastered: Devil at the Crossroads,MOVIE,2019,Not Rated,48,"['documentation', 'music']",['US'],1.0,tt9046574,7.0,2691.0,2,1,documentation,US
4065,tm472766,Kardec,MOVIE,2019,Not Rated,110,"['history', 'drama']",['BR'],1.0,tt9213932,6.1,1501.0,2,1,history,BR
4066,tm857399,Marc Maron: End Times Fun,MOVIE,2020,Not Rated,71,"['comedy', 'documentation']",['US'],1.0,tt11810418,6.8,1906.0,2,1,comedy,US
4068,tm428506,The Man Who Feels No Pain,MOVIE,2019,PG,136,"['action', 'comedy']",['IN'],1.0,tt8055888,7.3,7700.0,2,1,action,IN
4069,tm464435,Grass Is Greener,MOVIE,2019,Not Rated,97,['documentation'],['US'],1.0,tt10050782,7.1,1322.0,1,1,documentation,US
4072,tm832903,Airplane Mode,MOVIE,2020,Not Rated,96,"['comedy', 'drama', 'romance']",['BR'],1.0,tt10731748,5.1,2567.0,3,1,comedy,BR
4073,tm910612,The Claus Family,MOVIE,2020,Not Rated,96,"['comedy', 'family', 'fantasy']",['BE'],1.0,tt12459520,5.5,1999.0,3,1,comedy,BE
4074,tm885845,Murder to Mercy - The Cyntoia Brown Story,MOVIE,2020,Not Rated,96,['documentation'],['US'],1.0,tt9050898,6.3,2693.0,1,1,documentation,US
4076,tm468724,All in My Family,MOVIE,2019,Not Rated,39,['documentation'],"['CN', 'US']",1.0,Unknown,6.5334469051675175,2279.0,1,2,documentation,CN
4077,tm925218,Monster Run,MOVIE,2020,Not Rated,104,"['action', 'fantasy', 'thriller', 'drama', 'scifi']","['HK', 'CN']",1.0,tt10097484,5.2,391.0,5,2,action,HK
4078,tm1147120,"The Witcher Bestiary Season 1, Part 2",MOVIE,2020,Not Rated,10,['documentation'],['US'],1.0,Unknown,6.5334469051675175,2279.0,1,1,documentation,US
4079,tm973704,Andhaghaaram,MOVIE,2020,Not Rated,171,"['thriller', 'horror']",['IN'],1.0,tt9110340,7.7,3679.0,2,1,thriller,IN
4080,tm485801,So My Grandma's a Lesbian!,MOVIE,2019,Not Rated,94,"['comedy', 'romance', 'european']","['ES', 'PT']",1.0,tt9695374,4.3,1122.0,3,2,comedy,ES
4081,tm954606,Felix Lobrecht: Hype,MOVIE,2020,Not Rated,59,['comedy'],['DE'],1.0,tt13262150,5.8,250.0,1,1,comedy,DE
4082,tm469025,Franco Escamilla: bienvenido al mundo,MOVIE,2019,Not Rated,54,['comedy'],[],1.0,tt10128616,7.0,221.0,1,0,comedy,Unknown
4084,tm458418,Tune in for Love,MOVIE,2019,Not Rated,122,"['romance', 'drama']",['KR'],1.0,Unknown,6.5334469051675175,2279.0,2,1,romance,KR
4086,tm458326,Walk. Ride. Rodeo.,MOVIE,2019,Not Rated,100,['drama'],['US'],1.0,tt5848416,6.4,2341.0,1,1,drama,US
4087,tm948916,The Scary House,MOVIE,2020,Not Rated,100,"['thriller', 'fantasy', 'drama', 'family', 'horror', 'european']","['AT', 'DE']",1.0,tt9654108,5.4,3712.0,6,2,thriller,AT
4090,tm917822,The 2nd,MOVIE,2020,Not Rated,93,"['action', 'drama']",['US'],1.0,tt11697484,3.8,8494.0,2,1,action,US
4091,tm464888,Love Aaj Kal,MOVIE,2020,Not Rated,141,['drama'],['IN'],1.0,Unknown,6.5334469051675175,2279.0,1,1,drama,IN
4092,tm846941,John Was Trying to Contact Aliens,MOVIE,2020,Not Rated,16,['documentation'],['US'],1.0,Unknown,6.5334469051675175,2279.0,1,1,documentation,US
4093,tm848663,Ghost Stories,MOVIE,2020,Not Rated,144,['horror'],['IN'],1.0,Unknown,6.5334469051675175,2279.0,1,1,horror,IN
4094,tm854876,Out Of My League,MOVIE,2020,Not Rated,90,"['romance', 'drama', 'comedy', 'european']",['IT'],1.0,tt11154906,6.1,2593.0,4,1,romance,IT
4095,tm882887,LA Originals,MOVIE,2020,Not Rated,92,['documentation'],"['US', 'AR']",1.0,tt12027020,7.2,1800.0,1,2,documentation,US
4096,tm473601,The Son,MOVIE,2019,Not Rated,92,['thriller'],['AR'],1.0,Unknown,6.5334469051675175,2279.0,1,1,thriller,AR
4097,tm821164,Enter the Anime,MOVIE,2019,Not Rated,58,['documentation'],"['US', 'JP']",1.0,tt10662450,2.6,1627.0,1,2,documentation,US
4099,tm840723,Ramprasad Ki Tehrvi,MOVIE,2019,Not Rated,106,"['drama', 'comedy']",['IN'],1.0,tt10196464,7.5,5283.0,2,1,drama,IN
4102,tm857051,Forensic,MOVIE,2020,PG-13,134,"['thriller', 'crime']",['IN'],1.0,tt10187680,6.8,4813.0,2,1,thriller,IN
4103,tm458328,Badla,MOVIE,2019,PG-13,120,"['thriller', 'crime', 'drama']",['IN'],1.0,tt8130968,7.8,27130.0,3,1,thriller,IN
4104,tm931330,BLACKPINK: Light Up the Sky,MOVIE,2020,PG-13,79,"['documentation', 'music']",['KR'],1.0,tt13058290,7.5,6319.0,2,1,documentation,KR
4106,tm1005077,Strain,MOVIE,2020,Not Rated,106,['drama'],[],1.0,tt13409790,5.6,25.0,1,0,drama,Unknown
4108,tm944631,The Three Deaths of Marisela Escobedo,MOVIE,2020,Not Rated,109,"['crime', 'documentation']",['MX'],1.0,tt13206564,8.1,1641.0,2,1,crime,MX
4111,tm889200,MOTHER,MOVIE,2020,Not Rated,127,['drama'],['JP'],1.0,Unknown,6.5334469051675175,2279.0,1,1,drama,JP
4112,tm823302,Alice Júnior,MOVIE,2019,PG-13,90,"['romance', 'animation', 'comedy', 'drama']",['BR'],1.0,tt8217188,6.8,532.0,4,1,romance,BR
4113,tm847623,Rogue Warfare: Death of a Nation,MOVIE,2020,R,103,"['action', 'war']",['US'],1.0,tt7983744,3.4,370.0,2,1,action,US
4114,tm832843,Jeff Dunham: Beside Himself,MOVIE,2019,Not Rated,58,['comedy'],['US'],1.0,tt10847194,6.9,1077.0,1,1,comedy,US
4115,tm375446,Asphalt Burning,MOVIE,2020,Not Rated,100,"['action', 'comedy', 'european']","['DE', 'NO']",1.0,tt6527456,5.1,2279.0,3,2,action,DE
4116,tm822832,Lingua Franca,MOVIE,2020,Not Rated,95,['drama'],"['PH', 'US']",1.0,tt8943224,6.5,671.0,1,2,drama,PH
4118,tm849407,Isi & Ossi,MOVIE,2020,Not Rated,113,"['romance', 'comedy']",['DE'],1.0,tt9806322,6.4,8221.0,2,1,romance,DE
4120,tm898759,Fatal Affair,MOVIE,2020,Not Rated,89,['thriller'],['US'],1.0,Unknown,6.5334469051675175,2279.0,1,1,thriller,US
4121,tm889390,Ben Platt: Live from Radio City Music Hall,MOVIE,2020,Not Rated,85,"['documentation', 'music']",['US'],1.0,Unknown,6.5334469051675175,2279.0,2,1,documentation,US
4122,tm889018,Nobody Knows I'm Here,MOVIE,2020,Not Rated,91,['drama'],['CL'],1.0,Unknown,6.5334469051675175,2279.0,1,1,drama,CL
4124,tm946604,What We Wanted,MOVIE,2020,Not Rated,94,['drama'],['AT'],1.0,tt13279528,5.9,1773.0,1,1,drama,AT
4127,tm450375,Thackeray,MOVIE,2019,Not Rated,139,"['drama', 'history', 'action']",['IN'],1.0,tt7777196,5.3,3334.0,3,1,drama,IN
4128,tm954303,Ni de coña,MOVIE,2020,Not Rated,90,"['comedy', 'european']","['ES', 'CO']",1.0,tt13167556,2.8,377.0,2,2,comedy,ES
4129,tm452962,Eye for an Eye,MOVIE,2019,Not Rated,107,"['thriller', 'european']","['FR', 'ES', 'US']",1.0,Unknown,6.5334469051675175,2279.0,2,3,thriller,FR
4130,tm493511,The Sky Is Pink,MOVIE,2019,Not Rated,143,"['drama', 'romance', 'family']",['IN'],1.0,tt8902990,7.5,8551.0,3,1,drama,IN
4131,tm885470,My Next Guest with David Letterman and Shah Rukh Khan,MOVIE,2019,Not Rated,61,[],[],1.0,Unknown,6.5334469051675175,2279.0,0,0,Unknown,Unknown
4132,tm881891,Chris D'Elia: No Pain,MOVIE,2020,Not Rated,55,['comedy'],['US'],1.0,tt11987296,5.9,1772.0,1,1,comedy,US
4133,tm460815,Luka Chuppi,MOVIE,2019,Not Rated,126,"['romance', 'drama', 'comedy']",['IN'],1.0,tt8908002,6.3,11162.0,3,1,romance,IN
4134,tm883113,Earth and Blood,MOVIE,2020,Not Rated,80,['thriller'],"['BE', 'FR']",1.0,Unknown,6.5334469051675175,2279.0,1,2,thriller,BE
4135,tm880059,All Day and a Night,MOVIE,2020,R,121,['drama'],['US'],1.0,tt3993886,5.9,3627.0,1,1,drama,US
4136,tm998899,The Fisherman's Diary,MOVIE,2020,Not Rated,142,['drama'],['CM'],1.0,tt13297136,6.4,616.0,1,1,drama,CM
4138,tm474862,Bennett's War,MOVIE,2019,PG-13,95,"['drama', 'sport']",['US'],1.0,tt7370952,6.0,858.0,2,1,drama,US
4139,tm372035,Paris Is Us,MOVIE,2019,Not Rated,83,"['drama', 'european']",['FR'],1.0,tt7920024,4.6,1410.0,2,1,drama,FR
4140,tm449590,Rattlesnake,MOVIE,2019,Not Rated,85,"['horror', 'thriller', 'drama', 'crime']",['US'],1.0,tt9257484,4.6,8487.0,4,1,horror,US
4141,tm849251,So Much Love to Give,MOVIE,2020,Not Rated,108,['comedy'],['AR'],1.0,Unknown,6.5334469051675175,2279.0,1,1,comedy,AR
4143,tm975765,Emicida: AmarElo - It's All for Yesterday,MOVIE,2020,Not Rated,89,"['music', 'documentation']",['BR'],1.0,tt13458600,8.5,1472.0,2,1,music,BR
4144,tm827640,Travis Scott: Look Mom I Can Fly,MOVIE,2019,Not Rated,85,"['music', 'documentation']",['US'],1.0,tt10856726,6.3,4527.0,2,1,music,US
4145,tm850454,Tom Papa: You're Doing Great!,MOVIE,2020,Not Rated,60,['comedy'],['US'],1.0,tt11177308,7.2,844.0,1,1,comedy,US
4147,tm947555,Sarah Cooper: Everything's Fine,MOVIE,2020,Not Rated,49,['comedy'],['US'],1.0,tt12882062,5.5,1708.0,1,1,comedy,US
4148,tm835305,Dancing with the Birds,MOVIE,2019,Not Rated,51,['documentation'],['US'],1.0,Unknown,6.5334469051675175,2279.0,1,1,documentation,US
4149,tm843944,"Lorena, Light-footed Woman",MOVIE,2019,Not Rated,28,['documentation'],['MX'],1.0,Unknown,6.5334469051675175,2279.0,1,1,documentation,MX
4151,tm460259,Blood Will Tell,MOVIE,2019,Not Rated,113,"['thriller', 'drama']","['AR', 'CA', 'CL']",1.0,tt5687236,6.1,815.0,2,3,thriller,AR
4153,tm879609,Brave Blue World,MOVIE,2019,Not Rated,50,['documentation'],"['GB', 'CA']",1.0,tt11921004,6.7,772.0,1,2,documentation,GB
4155,tm426630,Soni,MOVIE,2019,Not Rated,97,"['crime', 'drama']",['IN'],1.0,tt6078866,7.1,2752.0,2,1,crime,IN
4156,tm932595,A Babysitter's Guide to Monster Hunting,MOVIE,2020,PG,94,"['fantasy', 'comedy', 'family']",['US'],1.0,tt4844150,5.4,4067.0,3,1,fantasy,US
4157,tm451584,Too Handsome To Handle,MOVIE,2019,Not Rated,106,"['romance', 'drama', 'comedy']",['ID'],1.0,tt9543488,6.8,523.0,3,1,romance,ID
4160,tm918962,Fearless,MOVIE,2020,PG,89,"['comedy', 'scifi', 'documentation', 'animation', 'family']",['CA'],1.0,tt8675288,4.9,1706.0,5,1,comedy,CA
4161,tm1081074,Justine,MOVIE,2019,Not Rated,105,['drama'],['US'],1.0,tt8202262,6.7,704.0,1,1,drama,US
4163,tm466832,Dragon Quest: Your Story,MOVIE,2019,PG,103,"['action', 'animation', 'family', 'fantasy']",['JP'],1.0,tt10127562,6.5,2780.0,4,1,action,JP
4165,tm464527,ReMastered: The Miami Showband Massacre,MOVIE,2019,Not Rated,70,"['documentation', 'music', 'crime']",[],1.0,tt9046568,7.0,1353.0,3,0,documentation,Unknown
4166,tm945825,Bobbleheads: The Movie,MOVIE,2020,PG,82,"['comedy', 'family', 'animation']",['US'],1.0,tt13292206,2.4,349.0,3,1,comedy,US
4167,tm927926,Dad Wanted,MOVIE,2020,Not Rated,102,"['drama', 'family', 'comedy']",['MX'],1.0,tt12721188,5.7,1058.0,3,1,drama,MX
4169,tm474548,Good Sam,MOVIE,2019,PG,90,"['drama', 'comedy']",['US'],1.0,tt9032888,5.7,2890.0,2,1,drama,US
4170,tm819107,Aziz Ansari: Right Now,MOVIE,2019,Not Rated,65,['comedy'],['US'],1.0,tt10575038,7.5,5111.0,1,1,comedy,US
4172,tm827168,Sturgill Simpson Presents Sound & Fury,MOVIE,2019,Not Rated,40,['animation'],"['JP', 'US']",1.0,tt10682000,6.5334469051675175,2279.0,1,2,animation,JP
4173,tm838869,Wonder Boy,MOVIE,2019,Not Rated,99,"['documentation', 'european']",['FR'],1.0,Unknown,6.5334469051675175,2279.0,2,1,documentation,FR
4175,tm812781,Katherine Ryan: Glitter Room,MOVIE,2019,Not Rated,65,['comedy'],['US'],1.0,tt10438648,6.7,1920.0,1,1,comedy,US
4176,tm884616,Quiet,MOVIE,2020,Not Rated,102,['drama'],['CL'],1.0,tt10035478,6.4,320.0,1,1,drama,CL
4177,tm945168,Secrets of the Saqqara Tomb,MOVIE,2020,Not Rated,113,"['documentation', 'history']","['EG', 'US']",1.0,tt13150630,7.2,6189.0,2,2,documentation,EG
4178,tm933639,Wish Upon a Unicorn,MOVIE,2020,PG,93,"['fantasy', 'family']",['US'],1.0,tt10798660,5.4,176.0,2,1,fantasy,US
4179,tm847805,Ludo,MOVIE,2020,PG-13,150,"['crime', 'action', 'comedy', 'drama']",['IN'],1.0,tt7212754,7.6,37528.0,4,1,crime,IN
4180,tm938227,Dolly Parton's Christmas on the Square,MOVIE,2020,PG,98,"['comedy', 'family']",['US'],1.0,tt10627548,5.2,2675.0,2,1,comedy,US
4181,tm910999,Xico's Journey,MOVIE,2020,Not Rated,85,"['family', 'fantasy', 'animation']",['MX'],1.0,tt12481806,5.1,534.0,3,1,family,MX
4182,tm980097,Holiday on Mars,MOVIE,2020,Not Rated,89,"['comedy', 'scifi']",['IT'],1.0,tt12780384,2.7,564.0,2,1,comedy,IT
4183,tm475501,Wanda Sykes: Not Normal,MOVIE,2019,Not Rated,66,['comedy'],['US'],1.0,tt9169592,7.2,1790.0,1,1,comedy,US
4184,tm845552,Giving Voice,MOVIE,2020,PG-13,90,['documentation'],['US'],1.0,Unknown,6.5334469051675175,2279.0,1,1,documentation,US
4185,tm948607,Midnight at the Magnolia,MOVIE,2020,Not Rated,87,"['comedy', 'romance']",['CA'],1.0,tt13318052,5.8,5296.0,2,1,comedy,CA
4187,tm818588,All the Freckles in the World,MOVIE,2019,Not Rated,90,"['comedy', 'romance', 'sport']",['MX'],1.0,tt9809140,5.2,1269.0,3,1,comedy,MX
4190,tm852060,Grego Rossello: Disculpe las molestias,MOVIE,2019,Not Rated,65,['comedy'],['AR'],1.0,tt11066396,4.5,25.0,1,1,comedy,AR
4191,tm469432,Hating Peter Tatchell,MOVIE,2020,Not Rated,91,['documentation'],"['AU', 'GB']",1.0,tt6076668,7.6,743.0,1,2,documentation,AU
4192,tm842829,Dead Kids,MOVIE,2019,Not Rated,94,"['thriller', 'crime']",['PH'],1.0,Unknown,6.5334469051675175,2279.0,2,1,thriller,PH
4193,tm898180,Sitting in Limbo,MOVIE,2020,Not Rated,89,['drama'],['GB'],1.0,Unknown,6.5334469051675175,2279.0,1,1,drama,GB
4194,tm461827,Who Would You Take to a Deserted Island?,MOVIE,2019,Not Rated,93,"['drama', 'european']",['ES'],1.0,tt8976832,5.3,2466.0,2,1,drama,ES
4195,tm814734,Kidnapping Stella,MOVIE,2019,Not Rated,89,"['crime', 'thriller']",['DE'],1.0,tt8613876,4.9,5957.0,2,1,crime,DE
4196,tm450832,Paradise Beach,MOVIE,2019,Not Rated,94,"['action', 'drama', 'thriller', 'crime', 'european']",['FR'],1.0,tt7511008,4.6,2225.0,5,1,action,FR
4197,tm849131,I Am Vengeance: Retaliation,MOVIE,2020,R,90,['action'],['GB'],1.0,tt8972556,3.4,3048.0,1,1,action,GB
4198,tm925858,Black Beach,MOVIE,2020,Not Rated,115,"['drama', 'thriller', 'fantasy', 'action']","['ES', 'US', 'BE']",1.0,tt9660688,5.6,1544.0,4,3,drama,ES
4199,tm932201,Hope Frozen,MOVIE,2019,Not Rated,75,['documentation'],"['TH', 'US']",1.0,Unknown,6.5334469051675175,2279.0,1,2,documentation,TH
4201,tm428702,The Brave,MOVIE,2019,Not Rated,103,"['thriller', 'action', 'crime']",['US'],1.0,tt5524630,5.0,1320.0,3,1,thriller,US
4202,tm475162,American Woman,MOVIE,2019,R,85,['drama'],"['US', 'CA']",1.0,Unknown,6.5334469051675175,2279.0,1,2,drama,US
4203,tm853910,Road to Roma,MOVIE,2020,Not Rated,73,['documentation'],['MX'],1.0,tt11763742,7.6,646.0,1,1,documentation,MX
4204,tm822099,The Blue Elephant 2,MOVIE,2019,Not Rated,130,"['thriller', 'crime', 'drama', 'horror']",[],1.0,tt10635720,8.2,9475.0,4,0,thriller,Unknown
4207,tm818154,Whitney Cummings: Can I Touch It?,MOVIE,2019,Not Rated,59,['comedy'],['US'],1.0,tt10521638,6.5,1732.0,1,1,comedy,US
4208,tm450462,Petta,MOVIE,2019,Not Rated,172,"['drama', 'action']",['IN'],1.0,tt8959820,7.3,9778.0,2,1,drama,IN
4209,tm474695,Dying to Tell,MOVIE,2019,Not Rated,87,"['documentation', 'european']",['ES'],1.0,tt5900870,6.8,336.0,2,1,documentation,ES
4210,tm447755,Back of the Net,MOVIE,2019,Not Rated,86,"['drama', 'comedy', 'family']",['AU'],1.0,tt8211214,5.1,680.0,3,1,drama,AU
4211,tm912415,Urzila Carlson: Overqualified Loser,MOVIE,2020,Not Rated,62,['comedy'],[],1.0,tt12572032,6.3,366.0,1,0,comedy,Unknown
4212,tm465984,Boi,MOVIE,2019,Not Rated,111,"['thriller', 'european']","['CN', 'ES']",1.0,Unknown,6.5334469051675175,2279.0,2,2,thriller,CN
4213,tm429172,The (Silent) War,MOVIE,2019,Not Rated,122,"['thriller', 'crime', 'war', 'action', 'drama', 'european']",['ES'],1.0,tt7336684,5.6,670.0,6,1,thriller,ES
4214,tm825102,Our Planet: Behind the Scenes,MOVIE,2019,Not Rated,63,['documentation'],"['US', 'GB']",1.0,tt10746342,8.4,1672.0,1,2,documentation,US
4217,tm821662,Vikruthi,MOVIE,2019,Not Rated,123,"['comedy', 'drama']",['IN'],1.0,tt10608668,7.4,1544.0,2,1,comedy,IN
4218,tm819497,"Berlin, Berlin",MOVIE,2020,Not Rated,80,"['comedy', 'drama', 'romance']",['DE'],1.0,tt10556130,3.8,533.0,3,1,comedy,DE
4219,tm465427,Maria,MOVIE,2019,Not Rated,90,"['action', 'crime', 'drama', 'thriller']",['PH'],1.0,tt7594584,5.0,2032.0,4,1,action,PH
4220,tm452929,The Little Switzerland,MOVIE,2019,PG-13,86,"['comedy', 'european']",['ES'],1.0,tt9100028,4.8,1245.0,2,1,comedy,ES
4221,tm937265,You've Got This,MOVIE,2020,Not Rated,111,"['comedy', 'romance']",['MX'],1.0,tt13118012,5.8,1273.0,2,1,comedy,MX
4222,tm421560,Let's Dance,MOVIE,2019,Not Rated,109,"['drama', 'comedy', 'music', 'family']","['FR', 'BE']",1.0,tt8599746,5.9,1381.0,4,2,drama,FR
4223,tm973536,Kevin Hart: Zero F**ks Given,MOVIE,2020,R,69,['comedy'],['US'],1.0,tt13433082,6.0,3342.0,1,1,comedy,US
4224,tm854682,Asphalt Goddess,MOVIE,2020,Not Rated,126,['drama'],['MX'],1.0,tt12025688,4.9,168.0,1,1,drama,MX
4225,tm466255,Kevin Hart: Irresponsible,MOVIE,2019,Not Rated,60,['comedy'],['US'],1.0,tt10009796,6.5,4437.0,1,1,comedy,US
4227,tm462551,"¡Ay, mi madre!",MOVIE,2019,Not Rated,81,"['comedy', 'european']",['ES'],1.0,tt6213294,3.9,394.0,2,1,comedy,ES
4229,tm833382,Keeping the Bees,MOVIE,2019,PG-13,93,['drama'],['TR'],1.0,tt12285116,5.8,803.0,1,1,drama,TR
4230,tm863879,Kaamyaab,MOVIE,2020,PG,109,['drama'],['IN'],1.0,Unknown,6.5334469051675175,2279.0,1,1,drama,IN
4231,tm912327,The Larva Island Movie,MOVIE,2020,Not Rated,89,"['family', 'animation', 'comedy']",['KR'],1.0,tt12588448,5.1,635.0,3,1,family,KR
4234,tm473813,Chopsticks,MOVIE,2019,Not Rated,100,"['drama', 'comedy']",['IN'],1.0,tt10243678,6.5,4689.0,2,1,drama,IN
4235,tm840761,The Princess Switch: Switched Again,MOVIE,2020,G,97,['romance'],"['GB', 'US']",1.0,Unknown,6.5334469051675175,2279.0,1,2,romance,GB
4236,tm878995,Dragons: Rescue Riders: Hunt for the Golden Dragon,MOVIE,2020,Not Rated,46,"['action', 'comedy', 'family', 'fantasy', 'animation']",['US'],1.0,tt11875456,5.2,153.0,5,1,action,US
4237,tm982100,"ariana grande: excuse me, i love you",MOVIE,2020,Not Rated,97,"['music', 'documentation']",['US'],1.0,tt13615386,6.3,2540.0,2,1,music,US
4238,tm483602,Malang,MOVIE,2020,Not Rated,135,"['romance', 'drama', 'thriller', 'action', 'crime']",['IN'],1.0,tt9877170,6.6,10149.0,5,1,romance,IN
4239,tm931436,Welcome to Sudden Death,MOVIE,2020,R,80,['action'],"['FR', 'JP', 'GB', 'US', 'CA']",1.0,tt10804786,4.3,2279.0,1,5,action,FR
4240,tm838705,Holiday Rush,MOVIE,2019,Not Rated,94,"['comedy', 'drama', 'romance', 'family']",['US'],1.0,tt10091530,4.9,2705.0,4,1,comedy,US
4241,tm901947,Little Big Women,MOVIE,2020,Not Rated,123,['drama'],['TW'],1.0,tt12397078,7.2,2253.0,1,1,drama,TW
4242,tm975398,Christmas Crossfire,MOVIE,2020,Not Rated,105,"['thriller', 'crime', 'comedy']",['DE'],1.0,tt13446424,4.8,1359.0,3,1,thriller,DE
4243,tm470252,Calum von Moger: Unbroken,MOVIE,2019,Not Rated,93,['documentation'],['US'],1.0,tt10308686,6.3,828.0,1,1,documentation,US
4244,tm463038,Despite Everything,MOVIE,2019,Not Rated,75,"['comedy', 'european']",['ES'],1.0,tt9150970,5.3,4885.0,2,1,comedy,ES
4245,tm462778,Jimmy Carr: The Best of Ultimate Gold Greatest Hits,MOVIE,2019,Not Rated,58,['comedy'],['US'],1.0,tt9817258,7.3,2201.0,1,1,comedy,US
4249,tm830795,Happy Old Year,MOVIE,2019,Not Rated,113,"['drama', 'romance']",['TH'],1.0,tt11316824,7.2,2160.0,2,1,drama,TH
4250,tm849323,Shikara,MOVIE,2020,Not Rated,118,"['romance', 'drama', 'history']",['IN'],1.0,tt10930586,3.3,15026.0,3,1,romance,IN
4251,tm919920,Milestone,MOVIE,2020,Not Rated,98,['drama'],['IN'],1.0,tt12779208,6.6,613.0,1,1,drama,IN
4252,tm455981,Rubaru Roshni,MOVIE,2019,Not Rated,110,['documentation'],['IN'],1.0,tt9663460,8.7,584.0,1,1,documentation,IN
4253,tm462611,Ready to Mingle,MOVIE,2019,Not Rated,97,"['comedy', 'romance']",['MX'],1.0,tt6736198,5.9,2326.0,2,1,comedy,MX
4254,tm453727,Deadly Switch,MOVIE,2019,Not Rated,86,['thriller'],['US'],1.0,tt8354582,4.5,1303.0,1,1,thriller,US
4255,tm814894,Parchís: the Documentary,MOVIE,2019,PG-13,105,"['documentation', 'music']",['ES'],1.0,tt10511826,6.8,535.0,2,1,documentation,ES
4256,tm816992,Double World,MOVIE,2020,PG-13,110,"['action', 'fantasy']","['HK', 'CN']",1.0,tt10508838,6.1,4064.0,2,2,action,HK
4257,tm477006,Psycho,MOVIE,2020,Not Rated,134,"['crime', 'thriller', 'drama']",['IN'],1.0,tt9109976,6.2,4075.0,3,1,crime,IN
4258,tm839761,"Kalel, 15",MOVIE,2019,Not Rated,104,['drama'],['PH'],1.0,tt11530234,7.3,262.0,1,1,drama,PH
4260,tm908529,Tell Me When,MOVIE,2020,Not Rated,96,"['drama', 'documentation', 'comedy']",['MX'],1.0,tt10648198,5.7,964.0,3,1,drama,MX
4263,tm944331,Shawn Mendes: In Wonder,MOVIE,2020,Not Rated,83,"['music', 'documentation']",['US'],1.0,tt13276386,6.5,2016.0,2,1,music,US
4264,tm940566,Kaali Khuhi,MOVIE,2020,Not Rated,90,"['thriller', 'horror', 'drama']",['IN'],1.0,tt10235600,3.5,1207.0,3,1,thriller,IN
4265,tm979689,Canvas,MOVIE,2020,G,9,['drama'],['US'],1.0,Unknown,6.5334469051675175,2279.0,1,1,drama,US
4267,tm851912,Gunjan Saxena: The Kargil Girl,MOVIE,2020,Not Rated,112,"['drama', 'action', 'war']",['IN'],1.0,tt10350626,5.6,34423.0,3,1,drama,IN
4268,tm926528,AK vs AK,MOVIE,2020,Not Rated,108,"['drama', 'action', 'thriller', 'comedy', 'crime']",['IN'],1.0,tt11651796,6.9,14048.0,5,1,drama,IN
4269,tm838765,A Christmas Prince: The Royal Baby,MOVIE,2019,Not Rated,84,"['romance', 'family']",['US'],1.0,tt10006006,5.3,6704.0,2,1,romance,US
4270,tm890591,"Sí, Mi Amor",MOVIE,2020,Not Rated,107,['romance'],['PE'],1.0,Unknown,6.5334469051675175,2279.0,1,1,romance,PE
4272,tm844497,The Irishman: In Conversation,MOVIE,2019,Not Rated,23,['documentation'],['US'],1.0,Unknown,6.5334469051675175,2279.0,1,1,documentation,US
4273,tm856945,Carmen Sandiego: To Steal or Not to Steal,MOVIE,2020,Not Rated,31,"['animation', 'action', 'family']","['CA', 'US']",1.0,tt11767524,6.5334469051675175,2279.0,3,2,animation,CA
4274,tm977952,Fierce,MOVIE,2020,Not Rated,118,"['comedy', 'music']",['PL'],1.0,Unknown,6.5334469051675175,2279.0,2,1,comedy,PL
4275,tm857805,The Bridge Curse,MOVIE,2020,Not Rated,87,"['horror', 'thriller']",['TW'],1.0,Unknown,6.5334469051675175,2279.0,2,1,horror,TW
4276,tm892081,Eric Andre: Legalize Everything,MOVIE,2020,R,52,['comedy'],['US'],1.0,tt12327104,6.1,2491.0,1,1,comedy,US
4277,tm912190,Cargo,MOVIE,2019,PG-13,113,"['drama', 'fantasy', 'scifi']",['IN'],1.0,tt8992946,5.6,2906.0,3,1,drama,IN
4278,tm678851,Article 15,MOVIE,2019,Not Rated,130,"['crime', 'drama', 'thriller']",['IN'],1.0,tt10324144,8.2,32336.0,3,1,crime,IN
4279,tm919903,Tragic Jungle,MOVIE,2020,Not Rated,96,['drama'],"['MX', 'CO', 'FR']",1.0,tt12792598,5.6,902.0,1,3,drama,MX
4280,tm474061,Malibu Rescue,MOVIE,2019,Not Rated,69,"['action', 'comedy', 'family']",['US'],1.0,tt9228950,5.0,1220.0,3,1,action,US
4281,tm675171,The Black Godfather,MOVIE,2019,Not Rated,118,"['documentation', 'music']",['US'],1.0,tt10289996,7.4,1341.0,2,1,documentation,US
4282,tm467116,Life Overtakes Me,MOVIE,2019,Not Rated,39,['documentation'],"['US', 'SE']",1.0,tt9204606,5.0,45.0,1,2,documentation,US
4283,tm494847,Made in China,MOVIE,2019,PG,128,"['drama', 'comedy', 'crime', 'romance', 'thriller', 'european']",['IN'],1.0,tt8983180,6.3,4298.0,6,1,drama,IN
4285,tm373471,90 ML,MOVIE,2019,Not Rated,125,"['comedy', 'drama', 'romance']",['IN'],1.0,tt8268916,3.4,571.0,3,1,comedy,IN
4287,tm511991,99 Songs,MOVIE,2019,Not Rated,128,['romance'],['IN'],1.0,tt7559180,7.1,2254.0,1,1,romance,IN
4291,tm946360,Really Love,MOVIE,2020,Not Rated,95,"['drama', 'romance']",['US'],1.0,tt8722624,6.0,807.0,2,1,drama,US
4292,tm938466,Kitty Love: An Homage to Cats,MOVIE,2020,Not Rated,60,"['documentation', 'european']",['NL'],1.0,tt12661060,5.2,445.0,2,1,documentation,NL
4293,tm850730,Adú,MOVIE,2020,Not Rated,119,"['drama', 'european']",['ES'],1.0,Unknown,6.5334469051675175,2279.0,2,1,drama,ES
4294,tm842817,Living in Bondage: Breaking Free,MOVIE,2019,Not Rated,140,"['drama', 'fantasy']",['NG'],1.0,tt12539758,5.3,106.0,2,1,drama,NG
4297,tm884531,Making Unorthodox,MOVIE,2020,Not Rated,21,['documentation'],['DE'],1.0,Unknown,6.5334469051675175,2279.0,1,1,documentation,DE
4298,tm871330,Full Out 2: You Got This!,MOVIE,2020,Not Rated,90,['family'],['US'],1.0,tt11247064,4.6,504.0,1,1,family,US
4300,tm957567,Hazel Brugger: Tropical,MOVIE,2020,Not Rated,59,['comedy'],['DE'],1.0,tt13400146,6.4,415.0,1,1,comedy,DE
4302,tm841410,Fire in Paradise,MOVIE,2019,Not Rated,39,['documentation'],['US'],1.0,Unknown,6.5334469051675175,2279.0,1,1,documentation,US
4304,tm431810,Evelyn,MOVIE,2019,Not Rated,95,['documentation'],['GB'],1.0,tt8793990,7.2,768.0,1,1,documentation,GB
4307,tm946801,Just Another Christmas,MOVIE,2020,Not Rated,101,"['comedy', 'family', 'drama']",['BR'],1.0,tt13354204,6.7,4476.0,3,1,comedy,BR
4309,tm918373,Malibu Rescue: The Next Wave,MOVIE,2020,Not Rated,70,"['comedy', 'family', 'action']",['US'],1.0,tt11032990,4.7,818.0,3,1,comedy,US
4311,tm869373,High & Low: The Worst,MOVIE,2019,Not Rated,125,"['action', 'comedy']",['JP'],1.0,tt19783642,6.6,487.0,2,1,action,JP
4313,tm957903,The Boys in the Band: Something Personal,MOVIE,2020,Not Rated,28,['documentation'],['US'],1.0,tt13206842,7.2,356.0,1,1,documentation,US
4314,tm946927,Dance Dreams: Hot Chocolate Nutcracker,MOVIE,2020,Not Rated,80,"['documentation', 'family']",['US'],1.0,tt8741182,7.0,339.0,2,1,documentation,US
4315,tm945435,Octonauts and the Great Barrier Reef,MOVIE,2020,Not Rated,47,"['animation', 'comedy', 'family', 'action']",[],1.0,tt13150606,6.6,131.0,4,0,animation,Unknown
4317,tm466954,Alien Warfare,MOVIE,2019,Not Rated,88,"['thriller', 'action', 'scifi']",['US'],1.0,tt9562694,2.6,3460.0,3,1,thriller,US
4318,tm850176,Leslie Jones: Time Machine,MOVIE,2020,Not Rated,66,['comedy'],[],1.0,Unknown,6.5334469051675175,2279.0,1,0,comedy,Unknown
4319,tm845020,Jack Whitehall: Christmas with my Father,MOVIE,2019,Not Rated,64,"['comedy', 'documentation']",[],1.0,tt11313076,6.0,930.0,2,0,comedy,Unknown
4320,tm843345,Pinkfong & Baby Shark's Space Adventure,MOVIE,2019,Not Rated,66,"['animation', 'family', 'fantasy']","['KR', 'US']",1.0,tt13836494,5.1,74.0,3,2,animation,KR
4322,tm889647,The Stand at Paxton County,MOVIE,2020,R,102,"['thriller', 'drama']",['US'],1.0,tt8362228,6.4,1069.0,2,1,thriller,US
4323,tm847008,Shine Your Eyes,MOVIE,2020,Not Rated,102,"['drama', 'thriller']","['FR', 'BR']",1.0,tt8477336,6.4,313.0,2,2,drama,FR
4324,tm1172010,The Lockdown Plan,MOVIE,2020,Not Rated,49,[],[],1.0,tt13079112,6.5,2279.0,0,0,Unknown,Unknown
4326,tm845850,Out Of The Clear Blue Sky,MOVIE,2019,Not Rated,112,"['comedy', 'drama']","['MX', 'US']",1.0,Unknown,6.5334469051675175,2279.0,2,2,comedy,MX
4328,tm946718,Funny Boy,MOVIE,2020,Not Rated,109,['drama'],"['CA', 'LK']",1.0,Unknown,6.5334469051675175,2279.0,1,2,drama,CA
4329,tm844208,What the F* Is Going On?,MOVIE,2019,Not Rated,86,['documentation'],['ES'],1.0,tt11412566,7.5,172.0,1,1,documentation,ES
4332,tm462660,Inhuman Kiss,MOVIE,2019,Not Rated,122,"['romance', 'drama', 'horror']",['TH'],1.0,tt9799992,6.4,1717.0,3,1,romance,TH
4334,tm977478,Nate: A One Man Show,MOVIE,2020,Not Rated,59,['comedy'],['US'],1.0,tt10798934,6.6,346.0,1,1,comedy,US
4335,tm910040,Milkwater,MOVIE,2020,Not Rated,102,['drama'],['US'],1.0,Unknown,6.5334469051675175,2279.0,1,1,drama,US
4336,tm452574,"Ray Romano: Right Here, Around the Corner",MOVIE,2019,Not Rated,58,"['comedy', 'documentation']",['US'],1.0,tt8101766,7.2,1654.0,2,1,comedy,US
4337,tm483511,Jai Mummy Di,MOVIE,2020,Not Rated,103,"['romance', 'comedy', 'drama']",['IN'],1.0,tt9817760,3.6,935.0,3,1,romance,IN
4338,tm469966,The Unknown Saint,MOVIE,2020,Not Rated,100,"['drama', 'comedy', 'crime']","['FR', 'QA', 'MA']",1.0,tt10077998,6.5,1092.0,3,3,drama,FR
4339,tm420181,Spelling the Dream,MOVIE,2020,Not Rated,82,['documentation'],['US'],1.0,tt6193522,6.9,716.0,1,1,documentation,US
4340,tm676905,Hire a Woman,MOVIE,2019,Not Rated,109,"['romance', 'comedy']",[],1.0,tt10279104,7.4,30.0,2,0,romance,Unknown
4343,tm828326,The Crystal Calls - Making The Dark Crystal: Age of Resistance,MOVIE,2019,Not Rated,83,['documentation'],['US'],1.0,tt10924716,7.6,528.0,1,1,documentation,US
4345,tm965408,A Road to Wellbeing,MOVIE,2020,Not Rated,57,['documentation'],[],1.0,tt12749428,6.2,23.0,1,0,documentation,Unknown
4347,tm455161,Panipat,MOVIE,2019,Not Rated,171,"['romance', 'action', 'drama', 'history', 'war']",['IN'],1.0,tt8176040,5.4,5438.0,5,1,romance,IN
4348,tm919082,Octonauts and the Caves of Sac Actun,MOVIE,2020,Not Rated,72,"['animation', 'comedy', 'family']",['GB'],1.0,tt12759408,6.2,177.0,3,1,animation,GB
4349,tm452996,"Ken Jeong: You Complete Me, Ho",MOVIE,2019,Not Rated,62,['comedy'],['US'],1.0,tt8466562,5.7,2368.0,1,1,comedy,US
4350,tm866782,One-Way to Tomorrow,MOVIE,2020,Not Rated,90,"['romance', 'comedy', 'drama']",['TR'],1.0,tt11988512,5.6,4819.0,3,1,romance,TR
4351,tm935388,Ginny Weds Sunny,MOVIE,2020,Not Rated,125,"['drama', 'romance', 'comedy']",['IN'],1.0,tt10543680,5.7,4699.0,3,1,drama,IN
4352,tm1096875,Ma Rainey's Black Bottom: A Legacy Brought to Screen,MOVIE,2020,PG,31,['documentation'],['US'],1.0,Unknown,6.5334469051675175,2279.0,1,1,documentation,US
4353,tm826875,Back to School,MOVIE,2019,Not Rated,83,['comedy'],['FR'],1.0,Unknown,6.5334469051675175,2279.0,1,1,comedy,FR
4354,tm882875,Sol Levante,MOVIE,2020,Not Rated,4,['scifi'],['JP'],1.0,Unknown,6.5334469051675175,2279.0,1,1,scifi,JP
4356,tm897794,Merry Men 2: Another Mission,MOVIE,2019,Not Rated,114,"['comedy', 'action']",['NG'],1.0,tt11417930,6.4,64.0,2,1,comedy,NG
4357,tm828570,Ahaan,MOVIE,2019,Not Rated,81,"['drama', 'comedy']",['IN'],1.0,tt10833732,7.0,321.0,2,1,drama,IN
4358,tm825952,Simon Amstell: Set Free,MOVIE,2019,Not Rated,51,['comedy'],['US'],1.0,tt10687642,6.5,797.0,1,1,comedy,US
4360,tm462277,Romeo Akbar Walter,MOVIE,2019,Not Rated,139,"['thriller', 'drama', 'action']",['IN'],1.0,tt8550208,6.6,5728.0,3,1,thriller,IN
4361,tm943771,Angela's Christmas Wish,MOVIE,2020,G,47,"['animation', 'comedy', 'drama', 'family']","['IE', 'US']",1.0,tt13260836,7.1,1434.0,4,2,animation,IE
4362,tm838007,Dolly Kitty and Those Twinkling Stars,MOVIE,2019,R,120,"['drama', 'comedy']",['IN'],1.0,tt9176296,5.5,7522.0,2,1,drama,IN
4363,tm817284,Bridezilla,MOVIE,2019,Not Rated,93,"['romance', 'drama', 'comedy']",['ID'],1.0,tt10589924,6.1,51.0,3,1,romance,ID
4364,tm887052,Father Soldier Son,MOVIE,2020,R,99,"['war', 'documentation']",['US'],1.0,tt12187586,7.3,929.0,2,1,war,US
4365,tm834608,Alelí,MOVIE,2019,Not Rated,88,"['comedy', 'drama']",['UY'],1.0,tt10984818,6.3,371.0,2,1,comedy,UY
4366,tm918960,The Magic School Bus Rides Again: Kids in Space,MOVIE,2020,Not Rated,45,"['action', 'family', 'animation', 'comedy', 'scifi']",['CA'],1.0,tt12730310,5.9,81.0,5,1,action,CA
4367,tm977782,Shawn Mendes: Live in Concert,MOVIE,2020,PG,87,"['documentation', 'music']",['CA'],1.0,tt13528990,7.1,316.0,2,1,documentation,CA
4368,tm459329,Firebrand,MOVIE,2019,Not Rated,116,['drama'],['IN'],1.0,tt8852536,5.1,278.0,1,1,drama,IN
4369,tm933826,Serious Men,MOVIE,2020,Not Rated,115,"['comedy', 'drama']",['IN'],1.0,tt10230414,6.8,7390.0,2,1,comedy,IN
4370,tm849599,Furtive,MOVIE,2020,Not Rated,84,['thriller'],['AR'],1.0,tt11287390,5.1,320.0,1,1,thriller,AR
4371,tm838022,Upstarts,MOVIE,2019,Not Rated,112,"['drama', 'comedy']",['IN'],1.0,tt11066130,6.7,860.0,2,1,drama,IN
4372,tm863514,House Arrest,MOVIE,2019,Not Rated,104,['comedy'],['IN'],1.0,tt11163028,5.5,1633.0,1,1,comedy,IN
4373,tm981475,Illegal Woman,MOVIE,2020,Not Rated,119,"['drama', 'crime', 'european']",['ES'],1.0,tt10101806,6.2,196.0,3,1,drama,ES
4375,tm461726,Ghosts of Sugar Land,MOVIE,2019,Not Rated,21,['documentation'],['US'],1.0,Unknown,6.5334469051675175,2279.0,1,1,documentation,US
4376,tm845616,Tootsies & The Fake,MOVIE,2019,Not Rated,108,['comedy'],['TH'],1.0,tt11280100,5.9,474.0,1,1,comedy,TH
4377,tm872732,Sugar Rush,MOVIE,2019,Not Rated,120,"['action', 'comedy']",['GB'],1.0,tt11430264,6.7,90.0,2,1,action,GB
4378,tm854454,Varane Avashyamund,MOVIE,2020,Not Rated,145,"['comedy', 'romance', 'family', 'drama']",['IN'],1.0,tt11531530,6.9,2721.0,4,1,comedy,IN
4379,tm810423,"Colin Quinn: Red State, Blue State",MOVIE,2019,Not Rated,65,['comedy'],['US'],1.0,tt10403090,7.6,716.0,1,1,comedy,US
4381,tm957792,The Rope Curse 2,MOVIE,2020,Not Rated,104,['horror'],[],1.0,tt13212006,4.7,339.0,1,0,horror,Unknown
4382,tm849102,Shimla Mirchi,MOVIE,2020,Not Rated,129,"['romance', 'comedy']",['IN'],1.0,tt4486148,4.6,1492.0,2,1,romance,IN
4383,tm946277,Love,MOVIE,2020,Not Rated,91,"['thriller', 'drama']",['IN'],1.0,tt12573294,7.0,1485.0,2,1,thriller,IN
4385,tm925186,Santana,MOVIE,2020,Not Rated,106,"['action', 'drama', 'crime']","['AO', 'ZA']",1.0,tt11769162,3.9,977.0,3,2,action,AO
4386,tm514257,The Legacy of the Bones,MOVIE,2019,Not Rated,121,"['crime', 'thriller', 'european']",['ES'],1.0,tt7304802,6.3,8674.0,3,1,crime,ES
4387,tm1013697,Nneka the Pretty Serpent,MOVIE,2020,Not Rated,140,"['horror', 'fantasy']",['NG'],1.0,tt13809646,3.8,118.0,2,1,horror,NG
4389,tm863992,The Most Dangerous Man in Europe,MOVIE,2020,Not Rated,68,"['documentation', 'history', 'war']",['ES'],1.0,tt11564588,6.8,202.0,3,1,documentation,ES
4390,tm882700,Not a Game,MOVIE,2020,Not Rated,92,"['documentation', 'drama']",['ES'],1.0,tt14637704,6.5334469051675175,2279.0,2,1,documentation,ES
4392,tm841239,The Road to El Camino: Behind the Scenes of El Camino: A Breaking Bad Movie,MOVIE,2019,PG-13,13,['documentation'],['US'],1.0,tt11151792,7.1,1356.0,1,1,documentation,US
4393,tm851862,Mutiny of the Worker Bees,MOVIE,2020,Not Rated,100,['comedy'],['MX'],1.0,tt9014248,4.0,475.0,1,1,comedy,MX
4394,tm837648,Blanche Gardin - Bonne nuit Blanche,MOVIE,2019,Not Rated,95,['comedy'],['FR'],1.0,Unknown,6.5334469051675175,2279.0,1,1,comedy,FR
4396,tm976632,Indoo Ki Jawani,MOVIE,2020,Not Rated,115,"['comedy', 'drama']",['IN'],1.0,tt13755582,3.0,6075.0,2,1,comedy,IN
4398,tm843958,Rogue Warfare: The Hunt,MOVIE,2019,R,103,['action'],['US'],1.0,tt7983712,3.1,570.0,1,1,action,US
4399,tm431769,Once Again,MOVIE,2019,Not Rated,101,"['drama', 'romance', 'european']","['DE', 'IN', 'AT']",1.0,tt5228192,7.0,980.0,3,3,drama,DE
4400,tm366245,Drive,MOVIE,2019,Not Rated,147,"['thriller', 'crime', 'drama', 'action']",['IN'],1.0,tt6593054,3.7,7559.0,4,1,thriller,IN
4402,tm1079495,A Second Chance: Rivals!,MOVIE,2019,PG,89,"['family', 'drama', 'sport']",['AU'],1.0,tt9810420,4.7,375.0,3,1,family,AU
4404,tm822210,Eggnoid: Love & Time Portal,MOVIE,2019,Not Rated,102,"['drama', 'fantasy', 'romance', 'scifi']",[],1.0,tt10640262,6.2,85.0,4,0,drama,Unknown
4407,tm472195,Almost Love,MOVIE,2019,Not Rated,94,"['comedy', 'drama', 'romance']",['US'],1.0,tt8739582,5.7,1087.0,3,1,comedy,US
4408,tm971431,Ari Eldjárn: Pardon My Icelandic,MOVIE,2020,Not Rated,54,['comedy'],['IS'],1.0,Unknown,6.5334469051675175,2279.0,1,1,comedy,IS
4409,tm466426,The Trap,MOVIE,2019,Not Rated,90,['comedy'],['US'],1.0,tt5990444,4.3,1590.0,1,1,comedy,US
4410,tm943808,Guillermo Vilas: Settling the Score,MOVIE,2020,Not Rated,94,"['documentation', 'sport']",['AR'],1.0,tt13150564,7.1,650.0,2,1,documentation,AR
4411,tm451852,The 3rd Eye 2,MOVIE,2019,Not Rated,115,"['horror', 'thriller', 'fantasy', 'drama']",['ID'],1.0,tt8890582,5.3,586.0,4,1,horror,ID
4412,tm844978,Guatemala: Heart of the Mayan World,MOVIE,2019,Not Rated,66,['documentation'],"['GT', 'UY']",1.0,tt11505398,6.6,218.0,1,2,documentation,GT
4413,tm877746,Krishna and His Leela,MOVIE,2020,Not Rated,125,"['comedy', 'romance']",[],1.0,tt11773276,5.6,1562.0,2,0,comedy,Unknown
4415,tm918043,Raat Akeli Hai,MOVIE,2020,Not Rated,149,"['thriller', 'crime', 'drama']",['IN'],1.0,tt12567088,7.3,17570.0,3,1,thriller,IN
4416,tm835512,The Spooky Tale of Captain Underpants Hack-a-Ween,MOVIE,2019,Not Rated,45,"['comedy', 'family', 'animation', 'action']",['US'],1.0,tt10945060,6.0,201.0,4,1,comedy,US
4418,tm918258,Dogwashers,MOVIE,2020,Not Rated,107,"['comedy', 'drama', 'crime']","['AR', 'CO']",1.0,tt13248198,5.8,597.0,3,2,comedy,AR
4420,tm972010,Hospital,MOVIE,2020,Not Rated,89,['thriller'],['TW'],1.0,Unknown,6.5334469051675175,2279.0,1,1,thriller,TW
4421,tm426634,The Day I Lost My Shadow,MOVIE,2019,Not Rated,94,['drama'],"['QA', 'SY', 'FR', 'LB']",1.0,tt8900142,6.1,239.0,1,4,drama,QA
4422,tm442199,Shanghai Fortress,MOVIE,2019,Not Rated,107,"['scifi', 'war', 'action']",['CN'],1.0,tt6628322,4.3,2345.0,3,1,scifi,CN
4423,tm908777,Thiago Ventura: POKAS,MOVIE,2020,Not Rated,82,['comedy'],['BR'],1.0,tt12547440,6.4,190.0,1,1,comedy,BR
4426,tm852728,Hunter in the Blue Side of Manchester,MOVIE,2020,Not Rated,89,['drama'],['ID'],1.0,tt11710234,5.8,43.0,1,1,drama,ID
4429,tm847678,Romance Doll,MOVIE,2020,Not Rated,123,['drama'],['JP'],1.0,Unknown,6.5334469051675175,2279.0,1,1,drama,JP
4430,tm835414,Sitara,MOVIE,2019,Not Rated,128,"['drama', 'animation']",['IN'],1.0,tt7654668,8.0,5.0,2,1,drama,IN
4431,tm859143,Torbaaz,MOVIE,2020,Not Rated,132,"['drama', 'thriller', 'action', 'sport']",['IN'],1.0,tt7805960,7.0,17828.0,4,1,drama,IN
4432,tm918026,Sam Jay: 3 in the Morning,MOVIE,2020,Not Rated,64,['comedy'],[],1.0,tt12689876,6.4,504.0,1,0,comedy,Unknown
4433,tm812593,Feo pero Sabroso,MOVIE,2019,Not Rated,90,['comedy'],['CO'],1.0,tt10432682,4.3,169.0,1,1,comedy,CO
4434,tm825210,Nothing to Lose 2,MOVIE,2019,PG-13,96,['drama'],['BR'],1.0,tt10738914,3.8,651.0,1,1,drama,BR
4435,tm810642,Manmadhudu 2,MOVIE,2019,Not Rated,155,"['comedy', 'drama', 'romance']",['IN'],1.0,tt10076106,4.8,693.0,3,1,comedy,IN
4436,tm845370,After the Raid,MOVIE,2019,Not Rated,25,['documentation'],"['US', 'MX']",1.0,Unknown,6.5334469051675175,2279.0,1,2,documentation,US
4437,tm457296,Kevin Hart's Guide to Black History,MOVIE,2019,PG,63,['comedy'],['US'],1.0,tt6373518,5.5,1332.0,1,1,comedy,US
4438,tm822271,Crazy Awesome Teachers,MOVIE,2020,Not Rated,101,"['comedy', 'drama']",['ID'],1.0,tt10643918,6.2,438.0,2,1,comedy,ID
4440,tm810836,Oh! Baby,MOVIE,2019,Not Rated,161,['fantasy'],['IN'],1.0,Unknown,6.5334469051675175,2279.0,1,1,fantasy,IN
4441,tm473647,ReMastered: The Lion's Share,MOVIE,2019,PG-13,84,"['music', 'documentation']",['US'],1.0,tt9046576,6.9,628.0,2,1,music,US
4442,tm452900,ReMastered: Massacre at the Stadium,MOVIE,2019,Not Rated,64,"['documentation', 'drama']",['CL'],1.0,tt9587636,7.2,771.0,2,1,documentation,CL
4443,tm840216,Iliza Shlesinger: Unveiled,MOVIE,2019,Not Rated,78,['comedy'],['US'],1.0,tt11163008,6.5,1664.0,1,1,comedy,US
4444,tm857873,Door Ke Darshan,MOVIE,2020,Not Rated,114,"['drama', 'comedy']",['IN'],1.0,Unknown,6.5334469051675175,2279.0,2,1,drama,IN
4445,tm492043,Motichoor Chaknachoor,MOVIE,2019,Not Rated,150,"['comedy', 'romance', 'drama']",['IN'],1.0,tt9172840,5.8,2774.0,3,1,comedy,IN
4446,tm854749,The Match,MOVIE,2020,Not Rated,96,"['drama', 'european']",['IT'],1.0,Unknown,6.5334469051675175,2279.0,2,1,drama,IT
4447,tm923612,Any Crybabies Around?,MOVIE,2020,Not Rated,106,['drama'],['JP'],1.0,tt13082008,6.0,155.0,1,1,drama,JP
4448,tm456894,Free Rein: Valentine's Day,MOVIE,2019,Not Rated,50,['romance'],['US'],1.0,Unknown,6.5334469051675175,2279.0,1,1,romance,US
4450,tm465513,Bulletproof 2,MOVIE,2020,Not Rated,97,"['crime', 'action', 'comedy', 'drama']",['US'],1.0,tt9887580,3.5,609.0,4,1,crime,US
4451,tm973335,The Body,MOVIE,2019,Not Rated,104,"['thriller', 'comedy']",['IN'],1.0,tt8130904,5.5,3321.0,2,1,thriller,IN
4454,tm234980,A Choo,MOVIE,2020,Not Rated,101,"['comedy', 'romance', 'fantasy', 'action']",['TW'],1.0,tt12689526,5.4,357.0,4,1,comedy,TW
4455,tm980358,You Are My Home,MOVIE,2020,Not Rated,92,['family'],['US'],1.0,Unknown,6.5334469051675175,2279.0,1,1,family,US
4456,tm468200,Uyare,MOVIE,2019,Not Rated,125,['drama'],['IN'],1.0,tt9271408,8.1,3522.0,1,1,drama,IN
4457,tm837690,Eeb Allay Ooo!,MOVIE,2020,Not Rated,97,"['drama', 'comedy']",['IN'],1.0,tt9343754,7.2,1532.0,2,1,drama,IN
4458,tm885364,The House of Flowers Presents: The Funeral,MOVIE,2019,Not Rated,35,['comedy'],['MX'],1.0,Unknown,6.5334469051675175,2279.0,1,1,comedy,MX
4459,tm845588,Spookley and the Christmas Kittens,MOVIE,2019,Not Rated,44,['animation'],['US'],1.0,Unknown,6.5334469051675175,2279.0,1,1,animation,US
4460,tm828318,Axone,MOVIE,2019,Not Rated,96,"['drama', 'comedy']",['IN'],1.0,tt8747548,6.9,2182.0,2,1,drama,IN
4462,tm893874,Choked: Paisa Bolta Hai,MOVIE,2020,Not Rated,114,"['drama', 'thriller']",['IN'],1.0,tt11651780,5.7,5333.0,2,1,drama,IN
4464,tm929600,Afonso Padilha: Classless,MOVIE,2020,Not Rated,63,['comedy'],['BR'],1.0,tt12930476,6.9,194.0,1,1,comedy,BR
4465,tm845594,Irandam Ulagaporin Kadaisi Gundu,MOVIE,2019,Not Rated,141,"['drama', 'thriller']",['IN'],1.0,tt10996896,7.2,960.0,2,1,drama,IN
4467,tm464212,Antoine Griezmann: The Making of a Legend,MOVIE,2019,Not Rated,60,"['documentation', 'sport']",['FR'],1.0,tt9817308,6.5,1128.0,2,1,documentation,FR
4468,tm832463,Mundina Nildana,MOVIE,2019,Not Rated,106,"['romance', 'comedy', 'drama']",['IN'],1.0,tt10882938,6.2,363.0,3,1,romance,IN
4469,tm938333,A Go! Go! Cory Carson Halloween,MOVIE,2020,G,21,"['family', 'animation', 'horror']",[],1.0,tt13058374,6.3,52.0,3,0,family,Unknown
4470,tm842976,Go! The Unforgettable Party,MOVIE,2019,Not Rated,60,"['music', 'family']",['AR'],1.0,tt11162974,5.0,138.0,2,1,music,AR
4471,tm824324,Scarecrow,MOVIE,2019,Not Rated,126,['comedy'],['EG'],1.0,Unknown,6.5334469051675175,2279.0,1,1,comedy,EG
4472,tm463814,Edoardo Ferrario: Temi Caldi,MOVIE,2019,Not Rated,65,['comedy'],['IT'],1.0,tt9861498,6.4,130.0,1,1,comedy,IT
4473,tm907872,Sky Tour: The Movie,MOVIE,2020,Not Rated,94,"['documentation', 'music']",[],1.0,tt12486200,8.8,1036.0,2,0,documentation,Unknown
4474,tm845117,Tiffany Haddish: Black Mitzvah,MOVIE,2019,Not Rated,55,['comedy'],['US'],1.0,tt8882390,6.2,956.0,1,1,comedy,US
4475,tm834121,Birders,MOVIE,2019,Not Rated,37,['documentation'],"['MX', 'US']",1.0,Unknown,6.5334469051675175,2279.0,1,2,documentation,MX
4477,tm456271,Aziza,MOVIE,2019,Not Rated,13,"['comedy', 'drama']",['LB'],1.0,Unknown,6.5334469051675175,2279.0,2,1,comedy,LB
4478,tm850382,Sillu Karupatti,MOVIE,2019,G,138,"['drama', 'romance']",['IN'],1.0,tt9614988,8.0,1723.0,2,1,drama,IN
4479,tm938048,Michelle Buteau: Welcome to Buteaupia,MOVIE,2020,Not Rated,58,['comedy'],[],1.0,Unknown,6.5334469051675175,2279.0,1,0,comedy,Unknown
4480,tm824560,The Lost Okoroshi,MOVIE,2020,Not Rated,94,"['action', 'drama']",['NG'],1.0,tt10888456,5.8,172.0,2,1,action,NG
4482,tm863611,Kappela,MOVIE,2020,Not Rated,113,"['comedy', 'romance']",['IN'],1.0,tt11230868,7.5,3212.0,2,1,comedy,IN
4483,tm813936,Adam Devine: Best Time of Our Lives,MOVIE,2019,PG-13,58,['comedy'],['US'],1.0,tt10376844,5.9,946.0,1,1,comedy,US
4484,tm832844,Mo Gilligan: Momentum,MOVIE,2019,Not Rated,64,['comedy'],['GB'],1.0,tt10847330,6.3,434.0,1,1,comedy,GB
4485,tm1149814,Uncovered,MOVIE,2019,Not Rated,95,"['drama', 'thriller', 'action']",['ZA'],1.0,tt12499674,4.8,21.0,3,1,drama,ZA
4486,tm982569,London Hughes: To Catch A D*ck,MOVIE,2020,Not Rated,60,['comedy'],['US'],1.0,tt13528526,4.7,318.0,1,1,comedy,US
4487,tm468651,Kandasamys: The Wedding,MOVIE,2019,Not Rated,98,['comedy'],['ZA'],1.0,tt10217780,6.0,226.0,1,1,comedy,ZA
4488,tm881575,Velvet Colección: Grand Finale,MOVIE,2020,Not Rated,82,"['comedy', 'romance']","['US', 'ES']",1.0,tt16672800,7.2,8.0,2,2,comedy,US
4489,tm907704,Dark City Beneath the Beat,MOVIE,2020,Not Rated,65,"['music', 'documentation']",['US'],1.0,tt11916314,6.7,138.0,2,1,music,US
4490,tm494190,Redemption,MOVIE,2019,Not Rated,100,"['action', 'drama', 'thriller']",['MZ'],1.0,tt8870574,6.0,171.0,3,1,action,MZ
4491,tm462037,Mi amigo Alexis,MOVIE,2019,Not Rated,100,"['comedy', 'drama', 'family', 'sport']",['CL'],1.0,tt9747396,5.1,341.0,4,1,comedy,CL
4493,tm946795,Citation,MOVIE,2020,Not Rated,151,"['thriller', 'drama']",['NG'],1.0,tt11481312,6.1,958.0,2,1,thriller,NG
4495,tm474647,Hot Gimmick: Girl Meets Boy,MOVIE,2019,Not Rated,119,"['romance', 'drama']",['JP'],1.0,Unknown,6.5334469051675175,2279.0,2,1,romance,JP
4497,tm822502,Whindersson Nunes: Adulto,MOVIE,2019,Not Rated,68,['comedy'],['BR'],1.0,tt10656112,7.0,348.0,1,1,comedy,BR
4500,tm484173,Bhangra Paa Le,MOVIE,2020,Not Rated,131,"['music', 'comedy', 'drama']",['IN'],1.0,tt9766280,6.2,353.0,3,1,music,IN
4501,tm918894,Anelka: Misunderstood,MOVIE,2020,Not Rated,94,"['documentation', 'sport']",['FR'],1.0,tt12724622,6.4,3120.0,2,1,documentation,FR
4502,tm842869,Fadily Camara: La plus drôle de tes copines,MOVIE,2019,Not Rated,54,['comedy'],['FR'],1.0,tt11168150,5.7,46.0,1,1,comedy,FR
4503,tm474721,Saverio Raimondo: Il Satiro Parlante,MOVIE,2019,PG-13,53,['comedy'],[],1.0,tt10242216,5.6,51.0,1,0,comedy,Unknown
4504,tm847212,Thambi,MOVIE,2019,Not Rated,150,['thriller'],['IN'],1.0,Unknown,6.5334469051675175,2279.0,1,1,thriller,IN
4505,tm931701,Òlòtūré,MOVIE,2019,Not Rated,106,"['drama', 'crime']",['NG'],1.0,tt9725830,5.5,774.0,2,1,drama,NG
4506,tm1020701,La Vocera,MOVIE,2020,Not Rated,82,['documentation'],['MX'],1.0,tt13532214,7.2,54.0,1,1,documentation,MX
4507,tm457410,Money Trap,MOVIE,2019,Not Rated,121,"['crime', 'comedy']",['TR'],1.0,tt8442644,6.0,14221.0,2,1,crime,TR
4508,tm917999,"Rob Schneider: Asian Momma, Mexican Kids",MOVIE,2020,Not Rated,44,['comedy'],['US'],1.0,tt12724632,5.5,716.0,1,1,comedy,US
4509,tm461532,Kill Me If You Dare,MOVIE,2019,Not Rated,104,"['comedy', 'romance']",['TR'],1.0,tt9749604,4.4,1737.0,2,1,comedy,TR
4510,tm862830,Seriously Single,MOVIE,2020,Not Rated,107,"['romance', 'comedy']",['ZA'],1.0,tt11010144,4.4,1258.0,2,1,romance,ZA
4513,tm836501,Super Monsters: Vida's First Halloween,MOVIE,2019,Not Rated,24,['animation'],[],1.0,tt10927576,5.9,37.0,1,0,animation,Unknown
4514,tm851860,Alex Fernández: The Best Comedian in the World,MOVIE,2020,Not Rated,51,['comedy'],['MX'],1.0,tt11497900,6.2,139.0,1,1,comedy,MX
4515,tm474263,Still Laugh-In: The Stars Celebrate,MOVIE,2019,Not Rated,60,"['comedy', 'music']",[],1.0,tt9880234,5.2,582.0,2,0,comedy,Unknown
4516,tm949905,Asura Guru,MOVIE,2020,Not Rated,120,"['crime', 'thriller', 'action']",['IN'],1.0,tt8011344,3.2,316.0,3,1,crime,IN
4518,tm920320,Lift Like a Girl,MOVIE,2020,Not Rated,93,['documentation'],"['DK', 'EG', 'DE']",1.0,tt7240536,7.8,208.0,1,3,documentation,DK
4519,tm476922,Wanted - Matloubin,MOVIE,2019,Not Rated,90,"['comedy', 'drama']",['LB'],1.0,tt9194246,7.2,616.0,2,1,comedy,LB
4520,tm467955,Francesco De Carlo: Cose di Questo Mondo,MOVIE,2019,Not Rated,61,['comedy'],[],1.0,tt10087952,6.3,110.0,1,0,comedy,Unknown
4521,tm976168,Gone,MOVIE,2020,Not Rated,15,"['horror', 'drama']",['AU'],1.0,tt15140954,7.1,18.0,2,1,horror,AU
4524,tm845942,A Family Reunion Christmas,MOVIE,2019,Not Rated,29,"['comedy', 'family']",['US'],1.0,tt11193888,5.8,216.0,2,1,comedy,US
4526,tm950808,Miss India,MOVIE,2020,Not Rated,136,['drama'],['IN'],1.0,Unknown,6.5334469051675175,2279.0,1,1,drama,IN
4527,tm507191,Mayday Life,MOVIE,2019,Not Rated,112,"['documentation', 'music']",['TW'],1.0,tt10346206,6.7,122.0,2,1,documentation,TW
4528,tm958984,Voiceless,MOVIE,2020,Not Rated,120,['thriller'],[],1.0,tt13149312,6.8,31.0,1,0,thriller,Unknown
4529,tm474496,Mujeres arriba,MOVIE,2020,Not Rated,100,"['comedy', 'romance']",['CL'],1.0,tt10349240,3.8,468.0,2,1,comedy,CL
4530,tm466850,Ricardo Quevedo: los amargados somos más,MOVIE,2019,Not Rated,58,['comedy'],[],1.0,tt10027954,7.3,96.0,1,0,comedy,Unknown
4532,tm115973,Guna 369,MOVIE,2019,Not Rated,146,"['romance', 'drama']",['IN'],1.0,tt1477110,6.7,19.0,2,1,romance,IN
4533,tm1015303,RattleSnake: The Ahanna Story,MOVIE,2020,Not Rated,135,['drama'],[],1.0,tt13890834,5.3,101.0,1,0,drama,Unknown
4535,tm823459,Léa & I,MOVIE,2019,Not Rated,84,['documentation'],['US'],1.0,tt9382396,6.5,215.0,1,1,documentation,US
4537,tm849871,"No andaba muerto, estaba de parranda",MOVIE,2020,Not Rated,90,['comedy'],[],1.0,tt12263440,5.2,102.0,1,0,comedy,Unknown
4538,tm817542,Hikaru Utada Laughter in the Dark Tour 2018,MOVIE,2019,G,141,"['documentation', 'music']",['JP'],1.0,tt10556746,8.3,81.0,2,1,documentation,JP
4539,tm983091,The Netflix Afterparty: The Best Shows of The Worst Year,MOVIE,2020,Not Rated,59,['documentation'],['US'],1.0,Unknown,6.5334469051675175,2279.0,1,1,documentation,US
4540,tm896246,George Lopez: We'll Do It for Half,MOVIE,2020,Not Rated,51,['comedy'],['US'],1.0,tt12358794,5.7,444.0,1,1,comedy,US
4541,tm845607,Spirit Riding Free: Spirit of Christmas,MOVIE,2019,PG,45,"['animation', 'action', 'comedy', 'drama', 'family']",['US'],1.0,tt11313068,5.2,122.0,5,1,animation,US
4542,tm881984,Maska,MOVIE,2020,Not Rated,111,"['comedy', 'drama', 'romance']",['IN'],1.0,tt11953628,5.8,1433.0,3,1,comedy,IN
4544,tm917846,The Letter Reader,MOVIE,2019,Not Rated,29,['drama'],['ZA'],1.0,Unknown,6.5334469051675175,2279.0,1,1,drama,ZA
4545,tm921416,Class of '83,MOVIE,2020,Not Rated,98,"['crime', 'action', 'drama', 'thriller']",['IN'],1.0,tt10230422,5.8,5571.0,4,1,crime,IN
4546,tm881973,True: Wuzzle Wegg Day,MOVIE,2020,Not Rated,23,['animation'],['CA'],1.0,Unknown,6.5334469051675175,2279.0,1,1,animation,CA
4547,tm452237,The Car: Road to Revenge,MOVIE,2019,Not Rated,89,"['thriller', 'action', 'horror']",['US'],1.0,tt9382596,4.0,1082.0,3,1,thriller,US
4548,tm851499,Vir Das: For India,MOVIE,2020,Not Rated,75,['comedy'],['IN'],1.0,tt11611314,7.7,1232.0,1,1,comedy,IN
4549,tm813938,Mike Epps: Only One Mike,MOVIE,2019,Not Rated,63,['comedy'],['US'],1.0,tt10376958,4.7,295.0,1,1,comedy,US
4550,tm818499,Revenge of the Pontianak,MOVIE,2019,Not Rated,92,"['romance', 'horror']","['SG', 'MY']",1.0,tt9113332,5.3,267.0,2,2,romance,SG
4551,tm853485,Night on Earth: Shot in the Dark,MOVIE,2020,Not Rated,59,['documentation'],[],1.0,tt12687448,7.8,290.0,1,0,documentation,Unknown
4552,tm898285,Love and Fury,MOVIE,2020,Not Rated,93,['documentation'],[],1.0,tt11960940,6.8,25.0,1,0,documentation,Unknown
4553,tm853113,Thomas & Friends: Marvelous Machinery,MOVIE,2020,Not Rated,59,"['family', 'fantasy', 'animation', 'action']",[],1.0,tt12692980,6.1,15.0,4,0,family,Unknown
4554,tm830994,Thomas & Friends: Digs & Discoveries,MOVIE,2019,Not Rated,64,['animation'],[],1.0,Unknown,6.5334469051675175,2279.0,1,0,animation,Unknown
4555,tm819016,The Path of the Anaconda,MOVIE,2019,Not Rated,73,['documentation'],['CO'],1.0,tt10577906,6.8,269.0,1,1,documentation,CO
4556,tm1080109,Quam's Money,MOVIE,2020,Not Rated,114,['action'],['NG'],1.0,Unknown,6.5334469051675175,2279.0,1,1,action,NG
4557,tm920599,Super Monsters: The New Class,MOVIE,2020,Not Rated,24,['animation'],['CA'],1.0,Unknown,6.5334469051675175,2279.0,1,1,animation,CA
4558,tm848261,Aaviri,MOVIE,2019,Not Rated,113,"['thriller', 'drama']",['IN'],1.0,tt10081210,4.0,95.0,2,1,thriller,IN
4559,tm908128,Chaman Bahar,MOVIE,2020,Not Rated,111,"['drama', 'comedy']",['IN'],1.0,tt8747450,7.0,6732.0,2,1,drama,IN
4560,tm813634,Dorasani,MOVIE,2019,Not Rated,130,"['drama', 'romance']",['IN'],1.0,tt10369210,5.8,195.0,2,1,drama,IN
4561,tm941493,StarBeam: Halloween Hero,MOVIE,2020,Not Rated,33,['animation'],['CA'],1.0,Unknown,6.5334469051675175,2279.0,1,1,animation,CA
4562,tm477403,Kaake Da Viyah,MOVIE,2019,Not Rated,133,"['comedy', 'romance']",['IN'],1.0,tt8852408,5.0,73.0,2,1,comedy,IN
4563,tm854786,Yeh Ballet,MOVIE,2020,PG-13,117,['drama'],['IN'],1.0,tt10230436,7.5,1312.0,1,1,drama,IN
4564,tm468824,Super Monsters Furever Friends,MOVIE,2019,Not Rated,58,"['fantasy', 'animation']",[],1.0,tt10087988,5.7,71.0,2,0,fantasy,Unknown
4565,tm825934,Super Monsters Back to School,MOVIE,2019,Not Rated,23,['animation'],"['CA', 'US']",1.0,tt10687588,6.2,29.0,1,2,animation,CA
4566,tm843143,Whipped,MOVIE,2020,Not Rated,97,['romance'],['ID'],1.0,Unknown,6.5334469051675175,2279.0,1,1,romance,ID
4568,tm813423,Marjoun and the Flying Headscarf,MOVIE,2019,Not Rated,84,['drama'],"['US', 'NL', 'CA', 'LB']",1.0,tt10399342,6.8,37.0,1,4,drama,US
4570,tm927033,True: Friendship Day,MOVIE,2020,Not Rated,23,"['animation', 'family']",['CA'],1.0,tt12855976,6.8,22.0,2,1,animation,CA
4571,tm830833,"Hello, Privilege. It's Me, Chelsea",MOVIE,2019,Not Rated,64,['documentation'],['US'],1.0,tt10847138,4.5,1972.0,1,1,documentation,US
4572,tm887376,Go! Go! Cory Carson: The Chrissy,MOVIE,2020,G,42,['animation'],"['JP', 'US', 'FR']",1.0,Unknown,6.5334469051675175,2279.0,1,3,animation,JP
4573,tm859424,Maradona's Legs,MOVIE,2019,Not Rated,24,['drama'],"['AF', 'DE', 'PS']",1.0,Unknown,6.5334469051675175,2279.0,1,3,drama,AF
4574,tm677746,Bombay Rose,MOVIE,2019,PG-13,97,"['romance', 'animation', 'drama']","['FR', 'IN', 'QA']",1.0,tt8435324,6.2,608.0,3,3,romance,FR
4575,tm810873,Thottappan,MOVIE,2019,Not Rated,140,['drama'],['IN'],1.0,tt9448362,6.9,366.0,1,1,drama,IN
4576,tm475638,Luccas Neto em: Uma Babá Muito Esquisita,MOVIE,2019,Not Rated,75,"['comedy', 'family']",['BR'],1.0,tt14706806,3.0,36.0,2,1,comedy,BR
4577,tm437379,I'm Leaving Now,MOVIE,2019,Not Rated,74,"['documentation', 'european']","['MX', 'US']",1.0,tt6541924,6.5,108.0,2,2,documentation,MX
4578,tm981956,Spirit Riding Free: Ride Along Adventure,MOVIE,2020,Not Rated,22,"['animation', 'action', 'drama', 'family', 'western', 'comedy']",['US'],1.0,tt13453940,5.9,60.0,6,1,animation,US
4580,tm902363,El límite infinito,MOVIE,2020,Not Rated,47,['documentation'],['AR'],1.0,Unknown,6.5334469051675175,2279.0,1,1,documentation,AR
4581,tm839479,Fan Girl,MOVIE,2020,Not Rated,100,['drama'],['PH'],1.0,tt11091664,6.7,366.0,1,1,drama,PH
4582,tm405637,122,MOVIE,2019,R,95,"['horror', 'thriller']",['EG'],1.0,tt7867670,6.2,5530.0,2,1,horror,EG
4583,tm982018,A Trash Truck Christmas,MOVIE,2020,G,28,"['animation', 'comedy', 'family']",['US'],1.0,tt13458584,5.5,212.0,3,1,animation,US
4586,tm885948,"Yours Sincerely, Kanan Gill",MOVIE,2020,Not Rated,72,['comedy'],['IN'],1.0,tt12055392,7.2,948.0,1,1,comedy,IN
4587,tm475815,The Zoya Factor,MOVIE,2019,Not Rated,134,"['romance', 'sport', 'comedy', 'drama']",['IN'],1.0,tt8304386,4.2,2378.0,4,1,romance,IN
4588,tm435836,Mere Pyare Prime Minister,MOVIE,2019,Not Rated,104,['drama'],['IN'],1.0,tt8207768,6.8,635.0,1,1,drama,IN
4589,tm812783,Daniel Sosa: Maleducado,MOVIE,2019,Not Rated,54,['comedy'],[],1.0,tt10438652,6.1,71.0,1,0,comedy,Unknown
4591,tm1028083,Red Snow,MOVIE,2019,Not Rated,100,['drama'],['CA'],1.0,tt6670074,4.6,154.0,1,1,drama,CA
4592,tm824566,Ibrahim: A Fate to Define,MOVIE,2019,Not Rated,75,['documentation'],"['PS', 'DK', 'LB']",1.0,tt10777716,7.5,29.0,1,3,documentation,PS
4593,tm813075,To Be of Service,MOVIE,2019,Not Rated,88,['documentation'],['US'],1.0,tt10413458,7.3,90.0,1,1,documentation,US
4594,tm837843,It Takes a Lunatic,MOVIE,2019,Not Rated,126,"['documentation', 'drama']","['US', 'GB', 'DE']",1.0,tt11052346,6.6,170.0,2,3,documentation,US
4595,tm893510,What are the Odds?,MOVIE,2019,Not Rated,92,"['drama', 'music', 'documentation']",['IN'],1.0,tt12327140,5.3,832.0,3,1,drama,IN
4596,tm996316,Omo Ghetto: The Saga,MOVIE,2020,Not Rated,110,"['comedy', 'drama', 'action']",[],1.0,tt14099462,7.2,50.0,3,0,comedy,Unknown
4597,tm847630,The App,MOVIE,2019,Not Rated,79,"['scifi', 'thriller', 'drama']",['IT'],1.0,tt11385066,2.7,1329.0,3,1,scifi,IT
4598,tm852775,Amit Tandon: Family Tandoncies,MOVIE,2020,Not Rated,72,['comedy'],['IN'],1.0,tt11262978,7.0,250.0,1,1,comedy,IN
4599,tm430120,Belmonte,MOVIE,2019,Not Rated,75,"['drama', 'comedy', 'european']","['UY', 'MX', 'ES']",1.0,tt8846072,6.1,376.0,3,3,drama,UY
4600,tm977772,40 Sticks,MOVIE,2020,Not Rated,93,"['thriller', 'crime']",[],1.0,tt13483050,6.7,99.0,2,0,thriller,Unknown
4601,tm981770,An Unremarkable Christmas,MOVIE,2020,Not Rated,83,"['comedy', 'drama']",[],1.0,tt13607632,3.2,139.0,2,0,comedy,Unknown
4602,tm1004219,Who's the Boss,MOVIE,2020,Not Rated,105,"['comedy', 'romance']",[],1.0,tt13370858,5.6,36.0,2,0,comedy,Unknown
4603,tm866495,Love Like the Falling Rain,MOVIE,2020,Not Rated,86,"['drama', 'romance', 'fantasy']",['ID'],1.0,tt12217814,4.9,200.0,3,1,drama,ID
4604,tm439365,Bombairiya,MOVIE,2019,Not Rated,108,"['crime', 'drama', 'comedy']",['IN'],1.0,tt4971258,4.5,418.0,3,1,crime,IN
4605,tm683841,"Hello, Love, Goodbye",MOVIE,2019,Not Rated,118,"['drama', 'romance']","['HK', 'PH']",1.0,tt10156112,7.4,1033.0,2,2,drama,HK
4606,tm922407,Kilometers and Kilometers,MOVIE,2020,Not Rated,129,"['drama', 'comedy']",['IN'],1.0,tt7268736,6.4,1538.0,2,1,drama,IN
4607,tm822272,Love for Sale 2,MOVIE,2019,Not Rated,92,"['drama', 'romance']",['ID'],1.0,tt10643938,7.0,549.0,2,1,drama,ID
4608,tm467735,Liss Pereira: Reteniendo Liquidos,MOVIE,2019,Not Rated,59,['comedy'],[],1.0,tt10018436,6.4,94.0,1,0,comedy,Unknown
4609,tm832684,Los Tigres del Norte at Folsom Prison,MOVIE,2019,Not Rated,64,"['documentation', 'music']",['US'],1.0,tt10857582,7.0,170.0,2,1,documentation,US
4610,tm984018,Cops and Robbers,MOVIE,2020,PG-13,8,['animation'],['US'],1.0,tt13322484,6.9,2279.0,1,1,animation,US
4612,tm373655,Sarvam Thaala Mayam,MOVIE,2019,PG,133,"['drama', 'music']",['IN'],1.0,tt8319768,7.6,1231.0,2,1,drama,IN
4613,tm452578,Miranda Sings Live... Your Welcome,MOVIE,2019,Not Rated,61,['comedy'],['US'],1.0,tt9557190,5.5,418.0,1,1,comedy,US
4614,tm840208,Jeff Garlin: Our Man in Chicago,MOVIE,2019,Not Rated,58,['comedy'],['GB'],1.0,tt11108064,5.9,422.0,1,1,comedy,GB
4615,tm886360,Hope Ranch,MOVIE,2020,Not Rated,81,['family'],['US'],1.0,tt5244812,4.3,229.0,1,1,family,US
4617,tm819841,Isa Pa with Feelings,MOVIE,2019,Not Rated,102,"['comedy', 'romance', 'drama']",['PH'],1.0,tt10555482,7.9,332.0,3,1,comedy,PH
4619,tm832289,Kasanova,MOVIE,2019,Not Rated,115,"['romance', 'drama']",['NG'],1.0,tt10887282,6.7,43.0,2,1,romance,NG
4620,tm1026231,Reframe THEATER EXPERIENCE with you,MOVIE,2020,Not Rated,84,['music'],['JP'],1.0,Unknown,6.5334469051675175,2279.0,1,1,music,JP
4621,tm464509,K. D.,MOVIE,2019,Not Rated,119,['drama'],['IN'],1.0,tt8747560,8.5,1750.0,1,1,drama,IN
4622,tm938186,Zulu Man in Japan,MOVIE,2020,Not Rated,44,['documentation'],['ZA'],1.0,Unknown,6.5334469051675175,2279.0,1,1,documentation,ZA
4623,tm912399,We Are One,MOVIE,2020,Not Rated,86,['documentation'],['FR'],1.0,tt12588398,4.6,92.0,1,1,documentation,FR
4624,tm824858,Cuddle Weather,MOVIE,2019,Not Rated,95,['drama'],['PH'],1.0,Unknown,6.5334469051675175,2279.0,1,1,drama,PH
4625,tm835958,"Martin Matte: La vie, la mort... eh la la..!",MOVIE,2019,Not Rated,61,['comedy'],['CA'],1.0,tt10965252,6.5,102.0,1,1,comedy,CA
4626,tm1047951,Small Chops,MOVIE,2020,Not Rated,98,['drama'],['NG'],1.0,tt11822492,2.9,30.0,1,1,drama,NG
4627,tm947446,Finding Agnes,MOVIE,2020,Not Rated,105,['drama'],['PH'],1.0,tt13328840,4.9,155.0,1,1,drama,PH
4628,tm953122,Elf Pets: Santa's Reindeer Rescue,MOVIE,2020,Not Rated,26,['animation'],[],1.0,Unknown,6.5334469051675175,2279.0,1,0,animation,Unknown
4630,tm984935,Rhys Nicholson: Live at the Athenaeum,MOVIE,2020,Not Rated,65,['comedy'],[],1.0,tt13583120,7.6,296.0,1,0,comedy,Unknown
4631,tm1026240,Perfume Imaginary Museum “Time Warp”,MOVIE,2020,Not Rated,53,['music'],['JP'],1.0,tt15127976,6.5,23.0,1,1,music,JP
4632,tm454464,Pegasus,MOVIE,2019,Not Rated,98,"['comedy', 'fantasy', 'sport']",['CN'],1.0,tt9597190,6.3,1727.0,3,1,comedy,CN
4633,tm373452,Kannum Kannum Kollaiyadithaal,MOVIE,2020,Not Rated,162,"['comedy', 'drama', 'romance', 'thriller']",['IN'],1.0,tt8042292,7.7,6647.0,4,1,comedy,IN
4634,tm843222,Cultivating the Seas: History and Future of the Full-Cycle Cultured Kindai Tuna,MOVIE,2019,Not Rated,45,['documentation'],['JP'],1.0,Unknown,6.5334469051675175,2279.0,1,1,documentation,JP
4637,tm929614,GIMS: On the Record,MOVIE,2020,Not Rated,96,"['music', 'documentation']",['FR'],1.0,tt12982218,6.8,207.0,2,1,music,FR
4639,tm854261,Leyla Everlasting,MOVIE,2020,Not Rated,112,['comedy'],['TR'],1.0,tt11792734,3.7,7453.0,1,1,comedy,TR
4640,tm937044,Bigflo & Oli: Hip Hop Frenzy,MOVIE,2020,Not Rated,100,"['documentation', 'music']",['FR'],1.0,tt13161318,6.7,118.0,2,1,documentation,FR
4641,tm435327,27 Steps of May,MOVIE,2019,Not Rated,112,['drama'],['ID'],1.0,tt9695156,8.1,466.0,1,1,drama,ID
4643,tm834715,Single Slipper Size - 7,MOVIE,2019,Not Rated,120,"['drama', 'thriller']",['IN'],1.0,tt10370116,8.4,3073.0,2,1,drama,IN
4644,tm1036794,Wave of Cinema: Filosofi Kopi,MOVIE,2020,Not Rated,90,"['documentation', 'music']",['ID'],1.0,Unknown,6.5334469051675175,2279.0,2,1,documentation,ID
4646,tm814652,Mallesham,MOVIE,2019,Not Rated,131,['drama'],['IN'],1.0,tt9742362,8.3,1036.0,1,1,drama,IN
4647,tm835445,Deon Cole: Cole Hearted,MOVIE,2019,Not Rated,69,['comedy'],['US'],1.0,tt10977680,6.9,883.0,1,1,comedy,US
4648,tm461427,15 August,MOVIE,2019,Not Rated,124,"['romance', 'comedy', 'drama']",['IN'],1.0,tt9817300,5.8,273.0,3,1,romance,IN
4649,tm815438,Sab el-Burumbah,MOVIE,2019,Not Rated,95,['comedy'],['EG'],1.0,tt10446658,5.5,483.0,1,1,comedy,EG
4650,tm468811,Mehandi Circus,MOVIE,2019,Not Rated,135,['drama'],['IN'],1.0,tt9665400,7.4,543.0,1,1,drama,IN
4651,tm883070,David Batra: Elephant in The Room,MOVIE,2020,Not Rated,77,['comedy'],['SE'],1.0,tt11987330,5.9,196.0,1,1,comedy,SE
4652,tm929630,A New York Christmas Wedding,MOVIE,2020,Not Rated,88,"['drama', 'romance']",['US'],1.0,tt10768194,5.3,1111.0,2,1,drama,US
4653,tm810357,True: Happy Hearts Day,MOVIE,2019,G,23,[],['CA'],1.0,Unknown,6.5334469051675175,2279.0,0,1,Unknown,CA
4654,tm1005937,Sanitation Day,MOVIE,2020,Not Rated,104,['thriller'],['NG'],1.0,tt13445916,3.3,17.0,1,1,thriller,NG
4655,tm831934,The Millions,MOVIE,2019,Not Rated,94,"['comedy', 'thriller', 'drama']",['NG'],1.0,tt10912990,5.5,38.0,3,1,comedy,NG
4656,tm830151,One Day We'll Talk About Today,MOVIE,2020,Not Rated,121,"['drama', 'family', 'music', 'documentation']",['ID'],1.0,tt10773114,7.4,1116.0,4,1,drama,ID
4658,tm899554,The Perfect Picture: Ten Years Later,MOVIE,2019,Not Rated,150,"['comedy', 'romance']",['GH'],1.0,tt12058774,6.2,48.0,2,1,comedy,GH
4659,tm860204,Dreamy Eyes,MOVIE,2019,Not Rated,117,['romance'],['VN'],1.0,Unknown,6.5334469051675175,2279.0,1,1,romance,VN
4661,tm975616,The Beginning of Life 2: Outside,MOVIE,2020,G,92,['documentation'],['BR'],1.0,tt12190648,8.1,18.0,1,1,documentation,BR
4662,tm840242,Arsenio Hall: Smart and Classy,MOVIE,2019,Not Rated,63,['comedy'],['US'],1.0,Unknown,6.5334469051675175,2279.0,1,1,comedy,US
4664,tm976797,Fukrey Boyzzz: Space Mein Fukrapanti,MOVIE,2020,Not Rated,74,"['animation', 'family', 'comedy']",[],1.0,tt13502066,7.8,14.0,3,0,animation,Unknown
4665,tm1114639,Motu Patlu in the Game of Zones,MOVIE,2020,Not Rated,87,"['fantasy', 'action', 'animation', 'comedy', 'thriller']",['IN'],1.0,Unknown,6.5334469051675175,2279.0,5,1,fantasy,IN
4666,tm838954,Wira,MOVIE,2019,Not Rated,108,['drama'],['MY'],1.0,Unknown,6.5334469051675175,2279.0,1,1,drama,MY
4668,tm844236,True: Winter Wishes,MOVIE,2019,G,45,['animation'],['CA'],1.0,Unknown,6.5334469051675175,2279.0,1,1,animation,CA
4671,tm938434,All Because of You,MOVIE,2020,Not Rated,101,"['comedy', 'action', 'romance']",['MY'],1.0,tt13106900,4.2,217.0,3,1,comedy,MY
4672,tm466854,Uriyadi 2,MOVIE,2019,G,119,"['thriller', 'action']",['IN'],1.0,tt10121762,7.1,880.0,2,1,thriller,IN
4673,tm894858,The End,MOVIE,2019,Not Rated,97,"['crime', 'action']",['KW'],1.0,Unknown,6.5334469051675175,2279.0,2,1,crime,KW
4674,tm472999,Guddiyan Patole,MOVIE,2019,Not Rated,127,"['comedy', 'drama']",['IN'],1.0,tt9390254,7.0,704.0,2,1,comedy,IN
4675,tm1073424,Motu Patlu the Superheroes – Super Villains from Mars,MOVIE,2019,G,79,[],[],1.0,Unknown,6.5334469051675175,2279.0,0,0,Unknown,Unknown
4676,tm469510,Albert  Pinto Ko Gussa Kyun Aata Hai?,MOVIE,2019,Not Rated,82,['drama'],['IN'],1.0,tt4355838,5.5,1968.0,1,1,drama,IN
4677,tm924556,Maniyarayile Ashokan,MOVIE,2020,Not Rated,110,"['drama', 'comedy', 'romance']",['IN'],1.0,tt11060730,4.7,1235.0,3,1,drama,IN
4680,tm831196,Chippa,MOVIE,2019,G,90,['drama'],['IN'],1.0,tt8976464,6.4,1087.0,1,1,drama,IN
4681,tm918959,A Go! Go! Cory Carson Summer Camp,MOVIE,2020,Not Rated,20,['animation'],['US'],1.0,Unknown,6.5334469051675175,2279.0,1,1,animation,US
4682,tm831125,American Factory: A Conversation with the Obamas,MOVIE,2019,Not Rated,10,['documentation'],['US'],1.0,Unknown,6.5334469051675175,2279.0,1,1,documentation,US
4683,tm674494,4th Republic,MOVIE,2019,Not Rated,119,"['thriller', 'drama']",['NG'],1.0,tt10279102,6.2,29.0,2,1,thriller,NG
4684,tm474618,A Tale of Two Kitchens,MOVIE,2019,Not Rated,29,['documentation'],"['US', 'MX']",1.0,tt10243660,6.5,145.0,1,2,documentation,US
4685,tm675214,Mokalik (Mechanic),MOVIE,2019,Not Rated,100,"['comedy', 'drama']",['NG'],1.0,tt10327136,6.2,148.0,2,1,comedy,NG
4686,tm453994,The Body Remembers When the World Broke Open,MOVIE,2019,Not Rated,105,"['drama', 'european']","['CA', 'NO']",1.0,tt8230872,7.0,731.0,2,2,drama,CA
4687,tm677904,2 Weeks in Lagos,MOVIE,2019,Not Rated,107,['romance'],['NG'],1.0,tt10241024,6.6,33.0,1,1,romance,NG
4688,tm890479,The Claudia Kishi Club,MOVIE,2020,Not Rated,17,['documentation'],['US'],1.0,tt12411586,6.5334469051675175,2279.0,1,1,documentation,US
4689,tm476708,Kids on the Block,MOVIE,2019,Not Rated,103,"['comedy', 'family']",['TR'],1.0,tt9533342,5.7,349.0,2,1,comedy,TR
4691,tm935941,Horrid Henry's Gross Day Out,MOVIE,2020,Not Rated,61,"['animation', 'comedy', 'action']",['GB'],1.0,tt13034096,6.1,47.0,3,1,animation,GB
4692,tm936519,Soulmate,MOVIE,2020,Not Rated,106,['romance'],['EG'],1.0,Unknown,6.5334469051675175,2279.0,1,1,romance,EG
4693,tm834653,The Knight and the Princess,MOVIE,2019,PG,97,"['comedy', 'family', 'fantasy', 'history', 'animation']","['EG', 'SA']",1.0,tt13819560,5.9,375.0,5,2,comedy,EG
4694,tm472961,After Maria,MOVIE,2019,Not Rated,36,['documentation'],['US'],1.0,Unknown,6.5334469051675175,2279.0,1,1,documentation,US
4695,tm818239,Penalty,MOVIE,2019,Not Rated,128,"['sport', 'drama']",['IN'],1.0,tt10530392,5.3,859.0,2,1,sport,IN
4696,tm852207,3 Logical Exits,MOVIE,2020,Not Rated,15,['documentation'],"['LB', 'GB', 'DK']",1.0,Unknown,6.5334469051675175,2279.0,1,3,documentation,LB
4697,tm820338,The 9th Precinct,MOVIE,2019,Not Rated,94,"['fantasy', 'thriller', 'action', 'crime', 'drama']",['TW'],1.0,tt10871460,5.6,521.0,5,1,fantasy,TW
4698,tm675154,Malaal,MOVIE,2019,Not Rated,136,"['romance', 'action', 'drama']",['IN'],1.0,tt15244876,5.9,1036.0,3,1,romance,IN
4699,tm945831,The Magic School Bus Rides Again: The Frizz Connection,MOVIE,2020,Not Rated,44,"['animation', 'family']",['US'],1.0,tt13150612,6.5334469051675175,2279.0,2,1,animation,US
4700,tm679270,Evvarikee Cheppoddu,MOVIE,2019,Not Rated,133,['drama'],['IN'],1.0,tt10081202,7.2,404.0,1,1,drama,IN
4701,tm540277,Nasha Natasha,MOVIE,2020,Not Rated,83,"['documentation', 'music']",['UY'],1.0,tt5818722,6.4,299.0,2,1,documentation,UY
4702,tm844201,Super Monsters Save Christmas,MOVIE,2019,G,24,"['animation', 'fantasy', 'family']",['US'],1.0,tt11193860,4.8,57.0,3,1,animation,US
4703,tm488551,Luckee,MOVIE,2019,Not Rated,113,"['comedy', 'drama']",['IN'],1.0,tt9466786,4.7,44.0,2,1,comedy,IN
4704,tm882222,Kalek Shanab,MOVIE,2019,PG-13,80,['comedy'],['AE'],1.0,Unknown,6.5334469051675175,2279.0,1,1,comedy,AE
4705,tm840152,Amsterdam to Anatolia,MOVIE,2019,Not Rated,6,['thriller'],"['NL', 'PS', 'US', 'LB']",1.0,Unknown,6.5334469051675175,2279.0,1,4,thriller,NL
4706,tm1113921,In Vitro,MOVIE,2019,Not Rated,27,[],[],1.0,tt10545994,7.7,2279.0,0,0,Unknown,Unknown
4707,tm475254,"Sincerely Yours, Dhaka",MOVIE,2019,Not Rated,134,['drama'],['BD'],1.0,tt8958304,6.9,653.0,1,1,drama,BD
4708,tm1030742,One Like It,MOVIE,2020,Not Rated,14,[],[],1.0,Unknown,6.5334469051675175,2279.0,0,0,Unknown,Unknown
4709,tm1031016,Marked,MOVIE,2019,Not Rated,20,['documentation'],['NG'],1.0,tt10519534,6.5334469051675175,2279.0,1,1,documentation,NG
4710,tm878495,Kambili: The Whole 30 Yards,MOVIE,2020,Not Rated,119,"['romance', 'comedy']",[],1.0,tt11831084,6.6,37.0,2,0,romance,Unknown
4711,tm478962,Saavat,MOVIE,2019,Not Rated,117,"['thriller', 'crime', 'drama']",['IN'],1.0,tt7798984,6.6,166.0,3,1,thriller,IN
4712,tm1068745,Finding Hubby,MOVIE,2020,Not Rated,104,['comedy'],['NG'],1.0,Unknown,6.5334469051675175,2279.0,1,1,comedy,NG
4713,tm916008,PNL - Dans la légende tour,MOVIE,2020,Not Rated,18,"['documentation', 'music']",['FR'],1.0,Unknown,6.5334469051675175,2279.0,2,1,documentation,FR
4714,tm476593,Krutant,MOVIE,2019,Not Rated,116,"['drama', 'thriller']",['IN'],1.0,tt9575388,6.4,104.0,2,1,drama,IN
4716,tm814953,This Earth of Mankind,MOVIE,2019,Not Rated,181,"['drama', 'history']",['ID'],1.0,tt10540024,6.9,729.0,2,1,drama,ID
4717,tm836077,Holy Expectations,MOVIE,2019,Not Rated,89,['comedy'],['CO'],1.0,tt10945950,5.2,26.0,1,1,comedy,CO
4718,tm855232,Luccas Neto in: The End of Christmas,MOVIE,2019,Not Rated,71,[],[],1.0,Unknown,6.5334469051675175,2279.0,0,0,Unknown,Unknown
4719,tm935993,Classmates Minus,MOVIE,2020,R,122,"['comedy', 'drama']",['TW'],1.0,tt12899858,7.1,1543.0,2,1,comedy,TW
4720,tm848444,Masameer: The Movie,MOVIE,2020,Not Rated,112,"['comedy', 'drama', 'animation']",['SA'],1.0,tt11561866,5.9,2233.0,3,1,comedy,SA
4721,tm882606,Sethum Aayiram Pon,MOVIE,2019,G,102,"['family', 'drama']",['IN'],1.0,tt8976418,7.2,343.0,2,1,family,IN
4722,tm942492,Super Monsters: Dia de los Monsters,MOVIE,2020,G,25,['animation'],"['US', 'CA']",1.0,Unknown,6.5334469051675175,2279.0,1,2,animation,US
4723,tm976519,The App That Stole Christmas,MOVIE,2020,PG,63,"['drama', 'comedy']",['US'],1.0,tt11378154,3.7,734.0,2,1,drama,US
4724,tm483103,Ali & Alia,MOVIE,2019,PG-13,105,"['romance', 'drama']",['EG'],1.0,tt9859758,5.0,33.0,2,1,romance,EG
4725,tm888850,"Blue, Painful, and Brittle",MOVIE,2020,Not Rated,118,['action'],['JP'],1.0,Unknown,6.5334469051675175,2279.0,1,1,action,JP
4726,tm826677,Tee Shot: Ariya Jutanugarn,MOVIE,2019,Not Rated,103,['drama'],['TH'],1.0,Unknown,6.5334469051675175,2279.0,1,1,drama,TH
4727,tm833361,True: Tricky Treat Day,MOVIE,2019,Not Rated,23,"['animation', 'family']",[],1.0,tt10927572,6.5334469051675175,2279.0,2,0,animation,Unknown
4728,tm483190,Time Out,MOVIE,2019,Not Rated,93,"['comedy', 'drama', 'romance']",[],1.0,tt9822904,5.9,45.0,3,0,comedy,Unknown
4729,tm1088545,Unroyal,MOVIE,2020,Not Rated,97,"['drama', 'romance', 'comedy']",['NG'],1.0,tt15526612,6.5334469051675175,2279.0,3,1,drama,NG
4730,tm833555,Park Na-rae: Glamour Warning,MOVIE,2019,Not Rated,62,['comedy'],['KR'],1.0,Unknown,6.5334469051675175,2279.0,1,1,comedy,KR
4732,tm435295,Ave Maryam,MOVIE,2019,Not Rated,74,"['romance', 'drama']",['ID'],1.0,tt9307666,7.0,479.0,2,1,romance,ID
4733,tm980439,Chico Bon Bon and the Very Berry Holiday,MOVIE,2020,G,25,"['family', 'animation']",[],1.0,tt13411942,5.9,39.0,2,0,family,Unknown
4734,tm678035,Uncle Naji in UAE,MOVIE,2019,PG-13,95,"['comedy', 'horror']",['AE'],1.0,tt10181594,5.0,59.0,2,1,comedy,AE
4735,tm846630,Tarung Sarung,MOVIE,2020,Not Rated,115,"['drama', 'sport', 'thriller', 'action']",['ID'],1.0,tt11749980,6.3,189.0,4,1,drama,ID
4736,tm885938,Mauricio Meirelles: Generating Chaos,MOVIE,2020,Not Rated,63,['comedy'],['BR'],1.0,Unknown,6.5334469051675175,2279.0,1,1,comedy,BR
4737,tm824855,Lola Igna,MOVIE,2019,Not Rated,114,"['drama', 'comedy']",['PH'],1.0,tt10965300,7.2,183.0,2,1,drama,PH
4738,tm983849,Vir Das: Outside in - The Lockdown Special,MOVIE,2020,Not Rated,50,['comedy'],[],1.0,tt13529992,6.5,256.0,1,0,comedy,Unknown
4739,tm894241,Kenny Sebastian: The Most Interesting Person in the Room,MOVIE,2020,Not Rated,67,['comedy'],['IN'],1.0,tt12241424,6.2,987.0,1,1,comedy,IN
4740,tm464284,We Are Legends,MOVIE,2019,Not Rated,108,['action'],['HK'],1.0,tt10076722,5.1,193.0,1,1,action,HK
4741,tm922943,Beyond the Boundary: ICC Women's T20 World Cup Australia 2020,MOVIE,2020,Not Rated,59,"['documentation', 'sport']",['AU'],1.0,tt15929232,6.5334469051675175,2279.0,2,1,documentation,AU
4742,tm878492,Fate of Alakada,MOVIE,2020,Not Rated,114,['comedy'],['NG'],1.0,tt11829884,7.0,54.0,1,1,comedy,NG
4743,tm944561,Rooting for Roona,MOVIE,2020,Not Rated,40,['documentation'],[],1.0,Unknown,6.5334469051675175,2279.0,1,0,documentation,Unknown
4744,tm977184,A Go! Go! Cory Carson Christmas,MOVIE,2020,Not Rated,21,"['animation', 'family']",['US'],1.0,tt13479662,6.3,48.0,2,1,animation,US
4745,tm873655,Your Excellency,MOVIE,2019,Not Rated,120,['comedy'],['NG'],1.0,tt11489288,6.6,43.0,1,1,comedy,NG
4746,tm867288,Elevator Baby,MOVIE,2019,Not Rated,83,"['comedy', 'drama']",[],1.0,tt11005162,6.9,73.0,2,0,comedy,Unknown
4747,tm925702,Andre and His Olive Tree,MOVIE,2020,Not Rated,104,['documentation'],['SG'],1.0,tt13610390,6.6,201.0,1,1,documentation,SG
4748,tm811954,Nenjamundu Nermaiyundu Odu Raja,MOVIE,2019,G,128,"['comedy', 'romance', 'drama']",['IN'],1.0,tt10438658,6.1,366.0,3,1,comedy,IN
4749,tm837042,"Hoshino Gen Dome Tour ""POP VIRUS"" at Tokyo Dome",MOVIE,2019,G,120,"['documentation', 'music']",['JP'],1.0,Unknown,6.5334469051675175,2279.0,2,1,documentation,JP
4750,tm1000551,Namaste Wahala,MOVIE,2020,Not Rated,106,"['comedy', 'drama', 'romance']",['NG'],1.0,tt12423052,5.2,1536.0,3,1,comedy,NG
4751,tm981675,Super Monsters: Santa's Super Monster Helpers,MOVIE,2020,Not Rated,24,"['animation', 'family']",['US'],1.0,tt13439998,4.5,25.0,2,1,animation,US
4752,tm896976,True: Rainbow Rescue,MOVIE,2020,Not Rated,23,['animation'],['US'],1.0,Unknown,6.5334469051675175,2279.0,1,1,animation,US
4753,tm460199,High End Yaariyaan,MOVIE,2019,Not Rated,140,"['romance', 'comedy', 'drama', 'family']",['IN'],1.0,tt9176136,5.8,1513.0,4,1,romance,IN
4754,tm498444,Nimbe: The Movie,MOVIE,2019,Not Rated,110,['drama'],[],1.0,tt8718112,5.9,57.0,1,0,drama,Unknown
4755,tm816983,In Paradox,MOVIE,2019,Not Rated,95,"['thriller', 'fantasy']",['KW'],1.0,tt10508182,5.0,145.0,2,1,thriller,KW
4756,tm823848,Mohamed Hussein,MOVIE,2019,Not Rated,96,['comedy'],['EG'],1.0,Unknown,6.5334469051675175,2279.0,1,1,comedy,EG
4757,tm822167,The Panti Sisters,MOVIE,2019,PG-13,108,"['comedy', 'romance']",['PH'],1.0,tt10637682,5.6,264.0,2,1,comedy,PH
4758,tm918704,Baxu and the Giants,MOVIE,2019,Not Rated,29,"['drama', 'fantasy']",['NA'],1.0,Unknown,6.5334469051675175,2279.0,2,1,drama,
4759,tm837802,Luccas Neto in: Children's Day,MOVIE,2019,Not Rated,81,"['comedy', 'family']",['BR'],1.0,tt14706754,2.5,12.0,2,1,comedy,BR
4760,tm1080554,Rudra: Secret of the Black Moon,MOVIE,2020,Not Rated,87,[],[],1.0,Unknown,6.5334469051675175,2279.0,0,0,Unknown,Unknown
4761,tm989205,Ratones Paranoicos: The Band That Rocked Argentina,MOVIE,2019,Not Rated,76,"['documentation', 'music']",['AR'],1.0,Unknown,6.5334469051675175,2279.0,2,1,documentation,AR
4762,tm853091,The American Game,MOVIE,2019,Not Rated,92,['comedy'],['EG'],1.0,Unknown,6.5334469051675175,2279.0,1,1,comedy,EG
4764,tm919210,Uma Maheswara Ugra Roopasya,MOVIE,2020,Not Rated,136,"['drama', 'comedy']",['IN'],1.0,Unknown,6.5334469051675175,2279.0,2,1,drama,IN
4765,tm1028068,Wave of Cinema: Generasi 90an,MOVIE,2020,Not Rated,51,['music'],['ID'],1.0,Unknown,6.5334469051675175,2279.0,1,1,music,ID
4767,tm849565,Generasi 90an: Melankolia,MOVIE,2020,Not Rated,94,['drama'],['ID'],1.0,Unknown,6.5334469051675175,2279.0,1,1,drama,ID
4768,tm1000166,Wave of Cinema: Surat Dari Timur,MOVIE,2020,Not Rated,57,['music'],['ID'],1.0,Unknown,6.5334469051675175,2279.0,1,1,music,ID
4770,tm944307,I'm Glad I Did,MOVIE,2020,Not Rated,123,['documentation'],['TR'],1.0,tt15139398,8.4,1387.0,1,1,documentation,TR
4771,tm510525,RK Nagar,MOVIE,2019,Not Rated,110,['comedy'],['IN'],1.0,tt7748196,5.1,137.0,1,1,comedy,IN
4774,tm472231,Si Doel the Movie 2,MOVIE,2019,Not Rated,95,"['romance', 'drama', 'comedy']",['ID'],1.0,tt10290062,7.0,182.0,3,1,romance,ID
4775,tm460149,My Stupid Boss 2,MOVIE,2019,Not Rated,94,"['comedy', 'drama']",['ID'],1.0,tt10039468,6.6,451.0,2,1,comedy,ID
4777,tm873357,Mariposa,MOVIE,2020,Not Rated,117,"['drama', 'romance', 'comedy']",[],1.0,tt11470064,7.7,700.0,3,0,drama,Unknown
4780,tm856372,The Book of Sun,MOVIE,2020,Not Rated,130,['thriller'],['SA'],1.0,Unknown,6.5334469051675175,2279.0,1,1,thriller,SA
4781,tm493556,Kaagar,MOVIE,2019,Not Rated,129,"['crime', 'drama']",['IN'],1.0,tt8907844,6.2,64.0,2,1,crime,IN
4782,tm971819,Four Sisters Before the Wedding,MOVIE,2020,Not Rated,116,"['drama', 'comedy']",[],1.0,tt11867144,6.3,172.0,2,0,drama,Unknown
4785,tm530822,Carlos Almaraz: Playing with Fire,MOVIE,2019,Not Rated,82,['documentation'],['US'],1.0,tt6335714,7.5,58.0,1,1,documentation,US
4787,tm1073298,Awon Boyz,MOVIE,2019,Not Rated,39,['documentation'],['NG'],1.0,Unknown,6.5334469051675175,2279.0,1,1,documentation,NG
4788,tm816432,Bypass Road,MOVIE,2019,Not Rated,137,"['thriller', 'drama']",['IN'],1.0,tt9176260,5.4,999.0,2,1,thriller,IN
4789,tm461907,Rakkhosh,MOVIE,2019,Not Rated,113,['horror'],['IN'],1.0,tt6018556,4.9,184.0,1,1,horror,IN
4790,tm463217,Hamid,MOVIE,2019,Not Rated,108,['drama'],['IN'],1.0,tt7527082,7.7,1189.0,1,1,drama,IN
4794,tm454431,A Home with a View,MOVIE,2019,Not Rated,92,"['comedy', 'drama']",['HK'],1.0,tt8443432,5.9,294.0,2,1,comedy,HK
4795,tm446480,Cemara's Family,MOVIE,2019,Not Rated,110,"['drama', 'family']",['ID'],1.0,tt7885874,7.8,750.0,2,1,drama,ID
4796,tm869307,Three Thieves,MOVIE,2019,Not Rated,108,['comedy'],['NG'],1.0,tt11133472,6.5334469051675175,2279.0,1,1,comedy,NG
4797,tm979073,100% Halal,MOVIE,2020,Not Rated,100,['drama'],['ID'],1.0,Unknown,6.5334469051675175,2279.0,1,1,drama,ID
4798,tm1041549,Dear Affy,MOVIE,2020,Not Rated,126,"['romance', 'comedy']",['NG'],1.0,tt14928724,6.5334469051675175,2279.0,2,1,romance,NG
4799,tm879556,David A. Arnold Fat Ballerina,MOVIE,2020,Not Rated,60,['comedy'],['US'],1.0,tt11916980,7.4,71.0,1,1,comedy,US
4801,tm454338,Alone/Together,MOVIE,2019,Not Rated,103,"['drama', 'romance']",['PH'],1.0,tt9526822,6.8,451.0,2,1,drama,PH
4802,tm470687,Loving is Losing,MOVIE,2019,Not Rated,91,[],['CO'],1.0,Unknown,6.5334469051675175,2279.0,0,1,Unknown,CO
4803,tm474405,Between Maybes,MOVIE,2019,Not Rated,107,"['drama', 'romance']","['PH', 'JP']",1.0,tt10044704,6.2,172.0,2,2,drama,PH
4804,tm471802,Sur Sapata,MOVIE,2019,Not Rated,128,"['drama', 'comedy', 'sport']",['IN'],1.0,tt5338082,7.4,45.0,3,1,drama,IN
4805,tm873354,Si Doel the Movie 3,MOVIE,2020,Not Rated,93,"['drama', 'romance']",[],1.0,tt11469660,6.7,130.0,2,0,drama,Unknown
4806,tm902993,Mama Drama,MOVIE,2020,Not Rated,85,['drama'],['US'],1.0,tt12424356,6.3,8.0,1,1,drama,US
4808,tm836449,Tuna Girl,MOVIE,2019,Not Rated,89,"['drama', 'comedy']",['JP'],1.0,tt11057912,6.1,140.0,2,1,drama,JP
4809,tm462809,The Wedding Shaman,MOVIE,2019,Not Rated,111,"['romance', 'drama']",['ID'],1.0,tt10066526,7.1,158.0,2,1,romance,ID
4810,tm455715,Dilan 1991,MOVIE,2019,Not Rated,118,"['drama', 'romance']",['ID'],1.0,tt9648942,6.8,1047.0,2,1,drama,ID
4811,tm843408,She Is,MOVIE,2019,Not Rated,106,['drama'],[],1.0,tt14605914,5.8,6.0,1,0,drama,Unknown
4812,tm476496,Bhai - Vyakti Ki Valli 2,MOVIE,2019,R,130,"['comedy', 'drama']",['IN'],1.0,tt9680076,7.8,195.0,2,1,comedy,IN
4813,tm815509,Elf Pets: A Fox Cub's Christmas Tale,MOVIE,2019,Not Rated,28,"['animation', 'fantasy']",[],1.0,tt10485928,4.7,98.0,2,0,animation,Unknown
4814,tm898322,This Lady Called Life,MOVIE,2020,Not Rated,120,['drama'],['NG'],1.0,tt12282600,6.8,62.0,1,1,drama,NG
4816,tm901961,One Take,MOVIE,2020,Not Rated,85,"['documentation', 'music']",['TH'],1.0,tt12401232,5.9,52.0,2,1,documentation,TH
4817,tm940835,Chhota Bheem Ka Roosi Romanch,MOVIE,2019,G,62,['animation'],[],1.0,Unknown,6.5334469051675175,2279.0,1,0,animation,Unknown
4818,tm846354,#FriendButMarried 2,MOVIE,2020,Not Rated,104,"['drama', 'comedy', 'romance']",['ID'],1.0,tt11640412,6.9,300.0,3,1,drama,ID
4819,tm823350,Luccas Neto in: Summer Camp,MOVIE,2019,G,87,['comedy'],['BR'],1.0,tt13766476,2.8,52.0,1,1,comedy,BR
4820,tm915354,Girl's Revenge,MOVIE,2020,Not Rated,81,['drama'],['TW'],1.0,tt13388018,5.7,190.0,1,1,drama,TW
4821,tm451502,Kolaiyuthir Kaalam,MOVIE,2019,Not Rated,109,"['thriller', 'drama']",['IN'],1.0,tt6280858,2.6,398.0,2,1,thriller,IN
4822,tm450129,Sakaling Maging Tayo,MOVIE,2019,Not Rated,90,"['comedy', 'romance']",['PH'],1.0,tt9389622,7.1,73.0,2,1,comedy,PH
4823,tm921230,Story of Kale: When Someone's in Love,MOVIE,2020,Not Rated,77,"['drama', 'romance']",['ID'],1.0,tt13081264,6.4,270.0,2,1,drama,ID
4825,tm826983,The Girl and the Gun,MOVIE,2019,Not Rated,80,"['thriller', 'crime']",['PH'],1.0,Unknown,6.5334469051675175,2279.0,2,1,thriller,PH
4826,tm451269,Born Beautiful,MOVIE,2019,Not Rated,96,['comedy'],['PH'],1.0,tt9364848,5.5,118.0,1,1,comedy,PH
4827,tm840236,Milea,MOVIE,2020,Not Rated,99,"['romance', 'drama']",['ID'],1.0,tt11127878,6.4,547.0,2,1,romance,ID
4828,tm460411,Stunt School,MOVIE,2019,Not Rated,95,['comedy'],['TR'],1.0,tt9056824,4.4,1123.0,1,1,comedy,TR
4836,tm1082564,The Adam Project,MOVIE,2022,PG-13,106,"['drama', 'action', 'comedy', 'scifi']",['US'],1.0,tt2463208,6.7,156603.0,4,1,drama,US
4837,tm1043537,Operation Mincemeat,MOVIE,2022,PG-13,128,"['drama', 'war']","['GB', 'US']",1.0,tt1879016,6.9,1972.0,2,2,drama,GB
4838,tm674063,The Power of the Dog,MOVIE,2021,R,126,"['drama', 'romance', 'western']","['CA', 'GR', 'NZ', 'GB', 'AU']",1.0,tt10293406,6.9,158487.0,3,5,drama,CA
4840,tm1166024,Choose or Die,MOVIE,2022,Not Rated,85,"['thriller', 'drama', 'horror']",['GB'],1.0,tt11514780,4.7,14911.0,3,1,thriller,GB
4841,tm1075698,Metal Lords,MOVIE,2022,R,97,"['drama', 'comedy', 'music']",['US'],1.0,tt12141112,6.7,19689.0,3,1,drama,US
4843,tm1120543,The Bubble,MOVIE,2022,R,126,['comedy'],['US'],1.0,tt13610562,4.7,20080.0,1,1,comedy,US
4844,tm1185367,White Hot: The Rise & Fall of Abercrombie & Fitch,MOVIE,2022,R,88,['documentation'],['US'],1.0,tt19034522,5.6,1184.0,1,1,documentation,US
4848,tm1083293,Windfall,MOVIE,2022,R,92,"['thriller', 'crime', 'drama']",['US'],1.0,tt15035360,5.7,17218.0,3,1,thriller,US
4849,tm979026,"tick, tick... BOOM!",MOVIE,2021,PG-13,121,['drama'],['US'],1.0,tt8721424,7.5,96418.0,1,1,drama,US
4853,tm856378,Don't Look Up,MOVIE,2021,R,138,"['scifi', 'drama', 'comedy']",['US'],1.0,tt11286314,7.2,498447.0,3,1,scifi,US
4857,tm852172,Apollo 10½:  A Space Age Childhood,MOVIE,2022,PG-13,98,"['comedy', 'action', 'animation', 'romance', 'family', 'horror', 'drama', 'scifi']","['NL', 'US']",1.0,tt7978758,7.3,4932.0,8,2,comedy,NL
4861,tm413169,Peter Rabbit 2: The Runaway,MOVIE,2021,PG,93,"['fantasy', 'family', 'comedy', 'action', 'animation', 'crime', 'drama']","['US', 'AU']",1.0,tt8376234,6.2,10714.0,7,2,fantasy,US
4864,tm1185374,The Mystery of Marilyn Monroe: The Unheard Tapes,MOVIE,2022,R,101,['documentation'],['US'],1.0,tt19034332,6.2,2233.0,1,1,documentation,US
4865,tm1064065,Black Crab,MOVIE,2022,Not Rated,114,"['war', 'action', 'drama', 'scifi', 'thriller']",['SE'],1.0,tt6708668,5.6,17101.0,5,1,war,SE
4867,tm1137051,Bubble,MOVIE,2022,PG,101,"['scifi', 'thriller', 'animation', 'action', 'drama', 'fantasy', 'romance', 'sport']",['JP'],1.0,tt16360006,6.5,2468.0,8,1,scifi,JP
4868,tm1080083,The Lost Daughter,MOVIE,2021,R,122,['drama'],"['GB', 'US', 'GR']",1.0,tt9100054,6.7,56650.0,1,3,drama,GB
4869,tm1191224,365 Days: This Day,MOVIE,2022,Not Rated,111,"['romance', 'drama']",['PL'],1.0,tt12996154,2.5,10739.0,2,1,romance,PL
4871,tm370144,The Mitchells vs. the Machines,MOVIE,2021,PG,113,"['animation', 'comedy', 'family', 'scifi']",['US'],1.0,tt7979580,7.6,100787.0,4,1,animation,US
4872,tm404856,Red Notice,MOVIE,2021,PG-13,117,"['comedy', 'crime', 'thriller', 'action']",['US'],1.0,tt7991608,6.3,255356.0,4,1,comedy,US
4879,tm937814,The Alpinist,MOVIE,2021,PG-13,92,['documentation'],"['US', 'AT', 'GB']",1.0,tt11790780,8.0,7192.0,1,3,documentation,US
4881,tm825714,The Harder They Fall,MOVIE,2021,R,139,"['action', 'drama', 'western']",['US'],1.0,tt10696784,6.5,57549.0,3,1,action,US
4882,tm1196288,Our Father,MOVIE,2022,Not Rated,97,['crime'],['US'],1.0,Unknown,6.5334469051675175,2279.0,1,1,crime,US
4883,tm1014947,Against the Ice,MOVIE,2022,Not Rated,102,"['drama', 'history']","['DK', 'IS']",1.0,tt13873302,6.5,18057.0,2,2,drama,DK
4885,tm1185421,David Spade: Nothing Personal,MOVIE,2022,Not Rated,66,['comedy'],[],1.0,tt18955474,6.5334469051675175,2279.0,1,0,comedy,Unknown
4889,tm1142224,The House,MOVIE,2022,R,97,"['animation', 'drama', 'comedy', 'thriller']",['GB'],1.0,tt11703050,6.8,12270.0,4,1,animation,GB
4890,tm1185360,Return to Space,MOVIE,2022,Not Rated,128,['documentation'],['US'],1.0,tt18555320,7.3,3270.0,1,1,documentation,US
4891,tm1165983,The Weekend Away,MOVIE,2022,Not Rated,91,"['thriller', 'crime', 'drama']",['GB'],1.0,tt14817272,5.6,20207.0,3,1,thriller,GB
4893,tm857461,Gangubai Kathiawadi,MOVIE,2022,Not Rated,157,"['drama', 'crime']",['IN'],1.0,tt10083340,7.0,44045.0,2,1,drama,IN
4895,tm1120855,Along for the Ride,MOVIE,2022,Not Rated,106,"['romance', 'drama']",['US'],1.0,tt14506528,6.0,1432.0,2,1,romance,US
4897,tm1019177,The Colony,MOVIE,2021,R,104,"['scifi', 'thriller', 'action']","['CH', 'DE']",1.0,tt6506264,5.4,7434.0,3,2,scifi,CH
4898,tm1166288,Rescued by Ruby,MOVIE,2022,Not Rated,93,"['drama', 'family']",['CA'],1.0,tt11278476,7.1,6417.0,2,1,drama,CA
4900,tm1166020,The Takedown,MOVIE,2022,Not Rated,119,"['crime', 'drama', 'action', 'comedy']",['FR'],1.0,tt13822738,5.7,1768.0,4,1,crime,FR
4901,tm1066826,Diana: The Musical,MOVIE,2021,PG-13,117,['drama'],['US'],1.0,tt12885272,4.3,1189.0,1,1,drama,US
4903,tm991529,The Hand of God,MOVIE,2021,R,130,['drama'],['IT'],1.0,tt12680684,7.4,30235.0,1,1,drama,IT
4905,tm1092864,The Unforgivable,MOVIE,2021,R,112,"['drama', 'crime']","['DE', 'GB', 'US']",1.0,tt11233960,7.1,101975.0,2,3,drama,DE
4906,tm986168,The Guilty,MOVIE,2021,R,90,"['drama', 'thriller', 'action', 'crime']",['US'],1.0,tt9421570,6.3,113483.0,4,1,drama,US
4907,tm983784,Coming Home in the Dark,MOVIE,2021,Not Rated,93,"['horror', 'thriller']",['NZ'],1.0,tt6874762,5.7,4049.0,2,1,horror,NZ
4908,tm1150385,The Tinder Swindler,MOVIE,2022,Not Rated,114,"['crime', 'documentation']",['GB'],1.0,tt14992922,7.2,57606.0,2,1,crime,GB
4911,tm1033470,Till Death,MOVIE,2021,R,89,"['horror', 'thriller']",['US'],1.0,tt11804152,5.8,19029.0,2,1,horror,US
4916,tm1185687,Silverton Siege,MOVIE,2022,PG-13,100,"['drama', 'action', 'crime', 'thriller']",['ZA'],1.0,tt18563148,6.1,2122.0,4,1,drama,ZA
4920,tm1111987,Munich: The Edge of War,MOVIE,2022,PG-13,129,"['drama', 'history', 'thriller']",['GB'],1.0,tt7475578,6.8,26781.0,3,1,drama,GB
4922,tm946869,Texas Chainsaw Massacre,MOVIE,2022,R,83,"['thriller', 'crime', 'horror']",['US'],1.0,tt11755740,4.8,45810.0,3,1,thriller,US
4923,tm471968,Passing,MOVIE,2021,PG-13,98,"['drama', 'thriller']","['GB', 'US', 'CA']",1.0,tt8893974,6.7,13553.0,2,3,drama,GB
4924,tm1138477,Downfall: The Case Against Boeing,MOVIE,2022,R,89,['documentation'],['US'],1.0,tt11893274,7.4,9428.0,1,1,documentation,US
4928,tm1048362,Army of Thieves,MOVIE,2021,R,127,"['comedy', 'horror', 'action', 'crime', 'thriller', 'romance', 'scifi']","['DE', 'US']",1.0,tt13024674,6.4,71036.0,7,2,comedy,DE
4929,tm501313,Gunpowder Milkshake,MOVIE,2021,R,114,"['action', 'crime', 'thriller']","['FR', 'DE', 'US']",1.0,tt8368408,6.0,40888.0,3,3,action,FR
4930,tm1110527,Captain Nova,MOVIE,2021,Not Rated,86,"['scifi', 'family']",['NL'],1.0,tt14915608,5.5,960.0,2,1,scifi,NL
4931,tm983723,The Sparks Brothers,MOVIE,2021,R,140,"['documentation', 'music', 'comedy', 'history']","['GB', 'US']",1.0,tt8610436,7.8,4416.0,4,2,documentation,GB
4933,tm1046026,The Trip,MOVIE,2021,Not Rated,113,"['comedy', 'thriller', 'horror', 'action']",['NO'],1.0,tt13109952,6.9,19706.0,4,1,comedy,NO
4936,tm1022103,Outlaws,MOVIE,2021,R,125,"['crime', 'thriller', 'action']",['ES'],1.0,tt11892272,6.9,3722.0,3,1,crime,ES
4937,tm456513,Army of the Dead,MOVIE,2021,R,148,"['horror', 'thriller', 'crime', 'scifi', 'action']",['US'],1.0,tt0993840,5.7,166882.0,5,1,horror,US
4941,tm1119272,14 Peaks: Nothing Is Impossible,MOVIE,2021,Not Rated,101,"['documentation', 'sport']",['US'],1.0,tt14079374,7.8,22858.0,2,1,documentation,US
4944,tm1038686,Bo Burnham: Inside,MOVIE,2021,R,87,"['comedy', 'drama', 'music', 'reality']",['US'],1.0,tt14545352,8.7,44074.0,4,1,comedy,US
4946,tm1191019,Hold Your Breath: The Ice Dive,MOVIE,2022,Not Rated,40,['documentation'],[],1.0,tt19373274,6.5334469051675175,2279.0,1,0,documentation,Unknown
4947,tm347095,Oxygen,MOVIE,2021,Not Rated,100,"['horror', 'scifi', 'thriller', 'fantasy', 'drama']","['FR', 'US']",1.0,tt6341832,6.5,36803.0,5,2,horror,FR
4948,tm855839,The Shadow in My Eye,MOVIE,2021,Not Rated,107,"['drama', 'history', 'war']",['DK'],1.0,tt9170516,7.3,8270.0,3,1,drama,DK
4952,tm1048678,Like A Rolling Stone: The Life & Times of Ben Fong-Torres,MOVIE,2021,Not Rated,102,['documentation'],['US'],1.0,tt9660510,7.9,19.0,1,1,documentation,US
4956,tm851128,Bigbug,MOVIE,2022,R,111,"['scifi', 'comedy', 'fantasy']",['FR'],1.0,tt11541872,5.4,6986.0,3,1,scifi,FR
4957,tm1179973,Trust No One: The Hunt for the Crypto King,MOVIE,2022,R,90,"['crime', 'documentation']",['GB'],1.0,tt15479902,6.3,3850.0,2,1,crime,GB
4959,tm1046932,Kate,MOVIE,2021,R,106,"['action', 'crime', 'drama', 'thriller']","['JP', 'TH', 'US']",1.0,tt7737528,6.2,57689.0,4,3,action,JP
4960,tm861000,Worth,MOVIE,2021,PG-13,118,"['history', 'drama']","['CA', 'GB', 'US']",1.0,tt8009744,6.8,12745.0,2,3,history,CA
4966,tm859005,Today We Fix the World,MOVIE,2022,Not Rated,113,"['drama', 'comedy']",['AR'],1.0,tt11592014,6.2,782.0,2,1,drama,AR
4967,tm1002815,Nightbooks,MOVIE,2021,Not Rated,103,"['fantasy', 'horror', 'family']","['CA', 'US']",1.0,tt10521144,5.7,8278.0,3,2,fantasy,CA
4969,tm817075,Furioza,MOVIE,2021,Not Rated,139,"['action', 'crime', 'drama']",['PL'],1.0,tt10515864,6.2,3383.0,3,1,action,PL
4971,tm1087461,Last Man Down,MOVIE,2021,R,87,"['thriller', 'scifi', 'action']","['GB', 'SE']",1.0,tt12335692,5.0,10906.0,3,2,thriller,GB
4972,tm1188819,Rumspringa - Ein Amish in Berlin,MOVIE,2022,Not Rated,102,"['drama', 'comedy']",['DE'],1.0,tt19352286,5.3,257.0,2,1,drama,DE
4973,tm1092958,No One Gets Out Alive,MOVIE,2021,R,85,"['thriller', 'horror', 'drama']","['RO', 'US']",1.0,tt13056008,5.3,13913.0,3,2,thriller,RO
4974,tm416779,The Woman in the Window,MOVIE,2021,R,102,"['thriller', 'crime', 'drama']",['US'],1.0,tt6111574,5.7,70886.0,3,1,thriller,US
4975,tm1000619,Radhe Shyam,MOVIE,2022,Not Rated,138,"['romance', 'drama']",['IN'],1.0,tt8960382,6.9,21328.0,2,1,romance,IN
4977,tm1187913,Honeymoon With My Mother,MOVIE,2022,Not Rated,110,['comedy'],['ES'],1.0,tt11269026,5.8,1503.0,1,1,comedy,ES
4979,tm1141439,Home Team,MOVIE,2022,PG,99,"['comedy', 'sport']",['US'],1.0,tt14592064,6.0,16320.0,2,1,comedy,US
4980,tm1185388,The Turning Point,MOVIE,2021,Not Rated,98,"['drama', 'crime']",['IT'],1.0,tt14140844,7.0,9.0,2,1,drama,IT
4982,tm1200703,Christina P: Mom Genes,MOVIE,2022,Not Rated,62,['comedy'],[],1.0,tt19724012,6.5334469051675175,2279.0,1,0,comedy,Unknown
4984,tm1003630,After We Fell,MOVIE,2021,R,99,"['drama', 'romance']","['FR', 'US']",1.0,tt13069986,4.6,12339.0,2,2,drama,FR
4986,tm1046627,Hypnotic,MOVIE,2021,Not Rated,88,"['horror', 'drama', 'thriller']",['CA'],1.0,tt12383460,5.3,14887.0,3,1,horror,CA
4988,tm810504,Yaksha: Ruthless Operations,MOVIE,2022,Not Rated,125,"['action', 'thriller', 'crime']",['KR'],1.0,tt12663250,6.2,2486.0,3,1,action,KR
4989,tm1046264,The Vault,MOVIE,2021,R,118,"['action', 'thriller', 'crime', 'fantasy']",['ES'],1.0,tt9742794,6.4,21511.0,4,1,action,ES
4991,tm1201670,A Farewell to Ozark,MOVIE,2022,Not Rated,30,['documentation'],['US'],1.0,Unknown,6.5334469051675175,2279.0,1,1,documentation,US
4992,tm1185506,The Taming of the Shrewd,MOVIE,2022,Not Rated,112,"['romance', 'comedy']",['PL'],1.0,tt18970380,4.6,630.0,2,1,romance,PL
4996,tm992844,The Dig,MOVIE,2021,PG-13,112,"['drama', 'history']",['GB'],1.0,tt3661210,7.1,71915.0,2,1,drama,GB
4998,tm1075215,Aftermath,MOVIE,2021,Not Rated,114,"['horror', 'thriller', 'drama']",['US'],1.0,tt10691162,5.3,15125.0,3,1,horror,US
5002,tm1168932,Taylor Tomlinson: Look at You,MOVIE,2022,Not Rated,60,"['comedy', 'documentation']",[],1.0,tt18096250,7.3,1707.0,2,0,comedy,Unknown
5003,tm1003034,The Witcher: Nightmare of the Wolf,MOVIE,2021,Not Rated,83,"['fantasy', 'scifi', 'animation', 'action', 'drama']","['PL', 'KR', 'US']",1.0,tt11657662,7.2,41508.0,5,3,fantasy,PL
5004,tm813078,Prayers for the Stolen,MOVIE,2021,R,110,['drama'],"['QA', 'MX', 'US', 'CH', 'AR', 'BR', 'DE']",1.0,tt10366574,7.3,1729.0,1,7,drama,QA
5005,tm1110150,There's Someone Inside Your House,MOVIE,2021,Not Rated,86,"['thriller', 'horror']",['US'],1.0,tt8150814,4.8,14421.0,2,1,thriller,US
5006,tm1000147,Zone 414,MOVIE,2021,R,98,"['thriller', 'scifi']",['GB'],1.0,tt8545482,4.9,3878.0,2,1,thriller,GB
5009,tm1027081,Blood Red Sky,MOVIE,2021,Not Rated,121,"['fantasy', 'horror', 'thriller', 'action']","['GB', 'DE']",1.0,tt11607896,6.1,44006.0,4,2,fantasy,GB
5010,tm974195,The Fable: The Killer Who Doesn't Kill,MOVIE,2021,Not Rated,132,"['comedy', 'action', 'thriller']",['JP'],1.0,tt13017204,6.8,1282.0,3,1,comedy,JP
5011,tm1021871,The Starling,MOVIE,2021,PG-13,102,"['comedy', 'drama', 'fantasy']",['US'],1.0,tt5164438,6.3,11733.0,3,1,comedy,US
5013,tm1063652,Intrusion,MOVIE,2021,Not Rated,92,"['drama', 'thriller']",['US'],1.0,tt5563324,5.3,15464.0,2,1,drama,US
5014,tm841825,My Little Pony: A New Generation,MOVIE,2021,PG,91,"['fantasy', 'scifi', 'drama', 'comedy', 'family', 'animation', 'action']","['CA', 'IE', 'US']",1.0,tt10101702,6.8,3468.0,7,3,fantasy,CA
5015,tm993670,Cosmic Sin,MOVIE,2021,R,88,"['scifi', 'action']",['US'],1.0,tt11762434,2.5,12284.0,2,1,scifi,US
5018,tm1151272,Beast,MOVIE,2022,Not Rated,162,"['thriller', 'comedy', 'crime', 'action']",['IN'],1.0,tt11301946,6.8,19332.0,4,1,thriller,IN
5019,tm1005109,Kingdom: Ashin of the North,MOVIE,2021,Not Rated,92,"['action', 'drama', 'fantasy', 'horror', 'thriller']",['KR'],1.0,tt13412252,7.2,4890.0,5,1,action,KR
5021,tm897466,The Summit of the Gods,MOVIE,2021,PG,95,"['animation', 'thriller', 'history', 'drama', 'sport']","['FR', 'LU']",1.0,tt7014378,7.5,4458.0,5,2,animation,FR
5022,tm314863,Vivo,MOVIE,2021,PG,95,"['comedy', 'animation', 'drama', 'family']",['US'],1.0,tt6338498,6.7,17650.0,4,1,comedy,US
5023,tm841797,The Ice Road,MOVIE,2021,PG-13,103,"['thriller', 'drama', 'action']",['US'],1.0,tt3758814,5.6,37401.0,3,1,thriller,US
5024,tm977704,Robin Robin,MOVIE,2021,G,30,"['animation', 'comedy', 'family']",['GB'],1.0,tt11332850,7.2,1533.0,3,1,animation,GB
5025,tm1202960,Chris Distefano: Speshy Weshy,MOVIE,2022,Not Rated,36,['comedy'],[],1.0,Unknown,6.5334469051675175,2279.0,1,0,comedy,Unknown
5026,tm525645,Fear Street: Part One - 1994,MOVIE,2021,Not Rated,107,"['horror', 'drama']",['US'],1.0,tt6566576,6.2,74672.0,2,1,horror,US
5027,tm1141594,Brazen,MOVIE,2022,Not Rated,94,"['thriller', 'crime', 'drama', 'romance']",['US'],1.0,tt13978306,4.0,11224.0,4,1,thriller,US
5030,tm1107225,Through My Window,MOVIE,2022,R,116,"['romance', 'comedy', 'drama']",['ES'],1.0,tt14463484,5.4,7902.0,3,1,romance,ES
5032,tm993838,Long Story Short,MOVIE,2021,R,90,"['fantasy', 'comedy', 'romance']",['AU'],1.0,tt10896634,6.5,4664.0,3,1,fantasy,AU
5035,tm1020820,Night Teeth,MOVIE,2021,Not Rated,107,"['comedy', 'action', 'crime', 'drama', 'fantasy', 'horror', 'thriller']","['GB', 'US']",1.0,tt10763820,5.6,16890.0,7,2,comedy,GB
5036,tm1191860,Oprah + Viola: A Netflix Special Event,MOVIE,2022,Not Rated,48,[],['US'],1.0,tt19404044,6.5334469051675175,2279.0,0,1,Unknown,US
5037,tm999927,A Cop Movie,MOVIE,2021,R,107,"['drama', 'action', 'crime', 'thriller', 'documentation']",['MX'],1.0,tt14035242,7.0,1626.0,5,1,drama,MX
5038,tm1198745,Marmaduke,MOVIE,2022,Not Rated,88,"['comedy', 'animation']","['CA', 'US']",1.0,tt8746404,3.0,276.0,2,2,comedy,CA
5040,tm1093099,Love Hard,MOVIE,2021,Not Rated,104,"['comedy', 'romance']",['US'],1.0,tt10752004,6.3,48521.0,2,1,comedy,US
5043,tm858869,Stowaway,MOVIE,2021,PG-13,117,"['thriller', 'scifi', 'drama']","['DE', 'US']",1.0,tt9203694,5.6,44054.0,3,2,thriller,DE
5045,tm833216,Things Heard & Seen,MOVIE,2021,Not Rated,121,"['horror', 'thriller', 'drama']",['US'],1.0,tt10962368,5.3,29915.0,3,1,horror,US
5046,tm1159163,Fistful of Vengeance,MOVIE,2022,R,94,"['fantasy', 'action', 'crime', 'drama']",['US'],1.0,tt14158554,4.5,5985.0,4,1,fantasy,US
5047,tm1096775,Procession,MOVIE,2021,R,118,['documentation'],['US'],1.0,tt14300912,7.2,1076.0,1,1,documentation,US
5049,tm912100,Bruised,MOVIE,2021,R,129,"['drama', 'sport', 'thriller']","['GB', 'US']",1.0,tt8310474,6.1,13968.0,3,2,drama,GB
5050,tm458292,Space Sweepers,MOVIE,2021,R,136,"['scifi', 'fantasy', 'action', 'drama']",['KR'],1.0,tt12838766,6.5,24659.0,4,1,scifi,KR
5051,tm981945,The Last Letter From Your Lover,MOVIE,2021,Not Rated,110,"['romance', 'drama']","['GB', 'CA']",1.0,tt1893273,6.6,16302.0,2,2,romance,GB
5052,tm465421,The Pirates: The Last Royal Treasure,MOVIE,2022,Not Rated,126,"['action', 'comedy']",['KR'],1.0,tt17491040,6.0,2882.0,2,1,action,KR
5054,tm1108321,Dave Chappelle: The Closer,MOVIE,2021,Not Rated,72,['comedy'],['US'],1.0,tt15523010,8.0,24903.0,1,1,comedy,US
5057,tm992260,Yes Day,MOVIE,2021,PG,86,"['comedy', 'family']",['US'],1.0,tt8521876,5.7,23141.0,2,1,comedy,US
5064,tm1079334,"Bob Ross: Happy Accidents, Betrayal & Greed",MOVIE,2021,PG-13,92,['documentation'],"['US', 'NL']",1.0,tt14539744,6.9,5674.0,1,2,documentation,US
5065,tm1131382,Jim Gaffigan: Comedy Monster,MOVIE,2021,Not Rated,70,['comedy'],[],1.0,tt15907298,6.8,1549.0,1,0,comedy,Unknown
5066,tm1108648,The Wasteland,MOVIE,2022,Not Rated,91,"['thriller', 'drama', 'horror']",['ES'],1.0,tt13323118,4.6,3782.0,3,1,thriller,ES
5067,tm824160,Fear Street: Part Two - 1978,MOVIE,2021,Not Rated,109,"['drama', 'horror']",['US'],1.0,tt9701940,6.7,58277.0,2,1,drama,US
5068,tm459789,The Lovebirds,MOVIE,2021,R,87,"['action', 'romance', 'comedy', 'crime', 'thriller']",['US'],1.0,tt8851668,6.0,25460.0,5,1,action,US
5069,tm919880,Final Account,MOVIE,2021,PG-13,94,['documentation'],"['US', 'GB']",1.0,tt12789212,7.1,950.0,1,2,documentation,US
5074,tm1038344,Awake,MOVIE,2021,R,96,"['scifi', 'thriller', 'action', 'drama']",['US'],1.0,tt10418662,4.8,20828.0,4,1,scifi,US
5076,tm863351,The God Committee,MOVIE,2021,Not Rated,98,"['drama', 'thriller']",['US'],1.0,tt6852526,5.8,3761.0,2,1,drama,US
5077,tm976166,Malcolm & Marie,MOVIE,2021,R,106,"['drama', 'romance']",['US'],1.0,tt12676326,6.6,35760.0,2,1,drama,US
5078,tm949309,The White Tiger,MOVIE,2021,R,125,"['drama', 'crime']","['IN', 'SG', 'US']",1.0,tt6571548,7.1,58190.0,2,3,drama,IN
5079,tm1018890,Seaspiracy,MOVIE,2021,Not Rated,80,['documentation'],['US'],1.0,tt14152756,8.1,29604.0,1,1,documentation,US
5081,tm1064228,Fatherhood,MOVIE,2021,PG-13,109,"['drama', 'comedy']","['US', 'CA']",1.0,tt4733624,6.6,34661.0,2,2,drama,US
5083,tm1018427,Moxie,MOVIE,2021,PG-13,111,"['comedy', 'drama', 'music']",['US'],1.0,tt7737700,6.7,24003.0,3,1,comedy,US
5084,tm855075,Rurouni Kenshin: The Beginning,MOVIE,2021,R,138,"['drama', 'action']",['JP'],1.0,tt11991748,7.4,7958.0,2,1,drama,JP
5085,tm1104532,Britney vs. Spears,MOVIE,2021,Not Rated,93,"['documentation', 'music']",['US'],1.0,tt15469820,6.4,6612.0,2,1,documentation,US
5086,tm1165219,Ali Wong: Don Wong,MOVIE,2022,R,59,['comedy'],['US'],1.0,tt17542000,6.5,1828.0,1,1,comedy,US
5089,tm1020851,Back to the Outback,MOVIE,2021,PG,95,"['family', 'animation', 'comedy']","['US', 'AU']",1.0,tt13575806,6.5,7328.0,3,2,family,US
5091,tm1138870,Badhaai Do,MOVIE,2022,Not Rated,147,"['comedy', 'drama', 'crime']",['IN'],1.0,tt11934846,7.3,15032.0,3,1,comedy,IN
5092,tm1158704,Tyler Perry's A Madea Homecoming,MOVIE,2022,R,105,"['comedy', 'drama', 'romance']",['US'],1.0,tt14813966,5.6,3447.0,3,1,comedy,US
5094,tm1044275,A Classic Horror Story,MOVIE,2021,Not Rated,95,['horror'],['IT'],1.0,Unknown,6.5334469051675175,2279.0,1,1,horror,IT
5096,tm1187638,Ronny Chieng: Speakeasy,MOVIE,2022,Not Rated,60,['comedy'],['US'],1.0,tt18830896,6.5334469051675175,2279.0,1,1,comedy,US
5098,tm1182144,Dancing on Glass,MOVIE,2022,Not Rated,137,"['drama', 'thriller']",['ES'],1.0,tt14118046,5.5,585.0,2,1,drama,ES
5099,tm1146393,All Hail,MOVIE,2022,Not Rated,118,"['comedy', 'drama']",['AR'],1.0,tt16427718,5.6,2840.0,2,1,comedy,AR
5100,tm1038327,Beckett,MOVIE,2021,R,109,"['thriller', 'action', 'crime', 'drama']","['BR', 'IT']",1.0,tt10230994,5.6,25253.0,4,2,thriller,BR
5101,tm1080252,7 Prisoners,MOVIE,2021,R,93,"['drama', 'crime']",['BR'],1.0,tt14168118,7.1,6444.0,2,1,drama,BR
5103,tm1173806,Night Drive,MOVIE,2022,Not Rated,118,['thriller'],['IN'],1.0,Unknown,6.5334469051675175,2279.0,1,1,thriller,IN
5104,tm1198504,Ghost in the Shell: SAC_2045 Sustainable War,MOVIE,2021,R,118,"['animation', 'action', 'scifi']",['JP'],1.0,Unknown,6.5334469051675175,2279.0,3,1,animation,JP
5105,tm473502,83,MOVIE,2021,Not Rated,163,"['drama', 'history', 'sport']",['IN'],1.0,tt7518786,7.4,23781.0,3,1,drama,IN
5109,tm1073510,SAS: Red Notice,MOVIE,2021,R,124,"['action', 'thriller']","['HU', 'NL', 'CH', 'GB']",1.0,tt4479380,5.2,17719.0,2,4,action,HU
5111,tm1025493,Dasvi,MOVIE,2022,Not Rated,125,"['drama', 'comedy']",['IN'],1.0,tt14107554,8.0,13140.0,2,1,drama,IN
5114,tm1195032,Thar,MOVIE,2022,Not Rated,108,"['thriller', 'western', 'action', 'drama', 'crime']",['IN'],1.0,tt14479746,6.5334469051675175,2279.0,5,1,thriller,IN
5115,tm1087160,Fever Dream,MOVIE,2021,R,93,"['drama', 'horror', 'thriller']","['CL', 'PE']",1.0,tt9471660,5.4,1682.0,3,2,drama,CL
5116,tm1038363,America: The Motion Picture,MOVIE,2021,R,98,"['action', 'animation', 'comedy', 'fantasy', 'history', 'scifi', 'war']",['US'],1.0,tt6733874,5.6,6165.0,7,1,action,US
5117,tm879685,The Perfect Family,MOVIE,2021,Not Rated,110,['comedy'],[],1.0,tt11924738,6.2,46.0,1,0,comedy,Unknown
5118,tm1039147,Audible,MOVIE,2021,PG-13,39,['documentation'],['US'],1.0,tt12771540,5.3,2279.0,1,1,documentation,US
5119,tm1107063,Love and Leashes,MOVIE,2022,R,118,"['romance', 'comedy']",['KR'],1.0,tt15553956,6.3,3820.0,2,1,romance,KR
5120,tm1082974,Count Me In,MOVIE,2021,Not Rated,81,"['documentation', 'music']",[],1.0,tt6889042,6.8,1654.0,2,0,documentation,Unknown
5121,tm1167440,My Best Friend Anne Frank,MOVIE,2021,PG-13,103,['drama'],['NL'],1.0,tt10360772,6.2,3731.0,1,1,drama,NL
5125,tm922429,The Block Island Sound,MOVIE,2021,Not Rated,103,"['horror', 'scifi', 'thriller']",['US'],1.0,tt8747160,5.3,7558.0,3,1,horror,US
5129,tm983658,Rita Moreno: Just a Girl Who Decided to Go for It,MOVIE,2021,PG-13,90,['documentation'],['US'],1.0,tt10741846,7.7,711.0,1,1,documentation,US
5133,tm898614,Sweet Girl,MOVIE,2021,R,110,"['drama', 'thriller', 'action']",['US'],1.0,tt10731768,5.5,30580.0,3,1,drama,US
5134,tm1164962,Restless,MOVIE,2022,R,95,"['thriller', 'action', 'crime']","['FR', 'BE']",1.0,tt14465894,5.8,3704.0,3,2,thriller,FR
5135,tm858000,Rurouni Kenshin: The Final,MOVIE,2021,PG-13,138,"['drama', 'action']",['JP'],1.0,tt11809034,7.2,8367.0,2,1,drama,JP
5136,tm922706,Fear Street: 1666,MOVIE,2021,R,114,['horror'],['US'],1.0,Unknown,6.5334469051675175,2279.0,1,1,horror,US
5138,tm1183542,Mishan Impossible,MOVIE,2022,Not Rated,129,"['thriller', 'action', 'comedy', 'drama']",['IN'],1.0,tt14999738,6.7,321.0,4,1,thriller,IN
5141,tm1042481,Riverdance: The Animated Adventure,MOVIE,2021,Not Rated,86,"['fantasy', 'comedy', 'animation']",['CA'],1.0,tt10841088,5.5,1700.0,3,1,fantasy,CA
5149,tm1177856,Without Saying Goodbye,MOVIE,2022,Not Rated,96,"['romance', 'comedy']","['PE', 'ES']",1.0,tt14404596,5.7,2125.0,2,2,romance,PE
5150,tm673809,Schumacher,MOVIE,2021,Not Rated,112,"['sport', 'documentation']",['DE'],1.0,tt10322274,7.4,21558.0,2,1,sport,DE
5151,tm434625,Wish Dragon,MOVIE,2021,PG,99,"['fantasy', 'comedy', 'family', 'romance', 'animation']","['CN', 'US']",1.0,tt5562070,7.2,24712.0,5,2,fantasy,CN
5153,tm999817,Green Snake,MOVIE,2021,Not Rated,131,"['fantasy', 'animation', 'action']",['CN'],1.0,tt15000314,6.8,2181.0,3,1,fantasy,CN
5154,tm1045741,Blue Miracle,MOVIE,2021,Not Rated,95,"['drama', 'family']","['MX', 'US']",1.0,tt7084386,6.6,6432.0,2,2,drama,MX
5157,tm1132176,Jimmy Carr: His Dark Material,MOVIE,2021,Not Rated,59,['comedy'],['GB'],1.0,tt16259786,7.1,4274.0,1,1,comedy,GB
5158,tm1020326,Deadly Illusions,MOVIE,2021,R,114,['thriller'],['US'],1.0,Unknown,6.5334469051675175,2279.0,1,1,thriller,US
5161,tm1038369,Good on Paper,MOVIE,2021,R,92,"['romance', 'comedy']",['US'],1.0,tt8231668,5.6,11401.0,2,1,romance,US
5163,tm1141923,The Royal Treatment,MOVIE,2022,Not Rated,96,"['romance', 'comedy', 'family']",['US'],1.0,tt13989030,5.2,8127.0,3,1,romance,US
5164,tm1102868,Nobody Sleeps in the Woods Tonight 2,MOVIE,2021,Not Rated,97,"['horror', 'thriller', 'comedy']",['PL'],1.0,tt14315500,3.9,3436.0,3,1,horror,PL
5167,tm1052498,Aileen Wuornos: American Boogeywoman,MOVIE,2021,R,85,"['drama', 'horror', 'thriller']",['US'],1.0,tt14265992,3.6,1349.0,3,1,drama,US
5168,tm1150872,Aziz Ansari: Nightclub Comedian,MOVIE,2022,R,29,['comedy'],['US'],1.0,tt17005964,7.0,1964.0,1,1,comedy,US
5170,tm1003353,Operation Varsity Blues: The College Admissions Scandal,MOVIE,2021,R,100,"['drama', 'documentation', 'crime']",['US'],1.0,tt14111734,6.9,7993.0,3,1,drama,US
5171,tm881587,"Vengeance Is Mine, All Others Pay Cash",MOVIE,2021,Not Rated,114,"['drama', 'comedy', 'romance', 'action']",['ID'],1.0,tt13387422,7.1,464.0,4,1,drama,ID
5174,tm1110389,Single All the Way,MOVIE,2021,Not Rated,99,"['comedy', 'drama', 'romance']",['CA'],1.0,tt14315756,6.1,14862.0,3,1,comedy,CA
5175,tm1003261,Nate Bargatze: The Greatest Average American,MOVIE,2021,Not Rated,60,['comedy'],['US'],1.0,tt14078164,7.3,1295.0,1,1,comedy,US
5177,tm1086874,Minnal Murali,MOVIE,2021,Not Rated,158,"['action', 'comedy', 'drama', 'fantasy', 'scifi']",['IN'],1.0,tt7268738,8.1,24681.0,5,1,action,IN
5179,tm863823,Finding 'Ohana,MOVIE,2021,PG,123,"['comedy', 'family', 'action']",['US'],1.0,tt10332588,6.1,9819.0,3,1,comedy,US
5181,tm860261,To All the Boys: Always and Forever,MOVIE,2021,PG-13,115,"['romance', 'comedy', 'drama']",['US'],1.0,tt10676012,6.3,24232.0,3,1,romance,US
5184,tm1028298,He's All That,MOVIE,2021,R,91,"['comedy', 'romance']",['US'],1.0,tt4590256,4.3,23474.0,2,1,comedy,US
5186,tm983668,Misha and the Wolves,MOVIE,2021,PG-13,90,"['documentation', 'drama']","['BE', 'GB', 'DE']",1.0,tt13648220,6.7,2303.0,2,3,documentation,BE
5188,tm1120509,Never Back Down: Revolt,MOVIE,2021,R,89,"['drama', 'sport', 'action', 'crime']",['US'],1.0,tt13470094,3.9,482.0,4,1,drama,US
5191,tm166973,Mixtape,MOVIE,2021,Not Rated,94,"['comedy', 'drama', 'family', 'romance']",['US'],1.0,tt1587420,6.6,3000.0,4,1,comedy,US
5192,tm1082314,Untold: Malice at the Palace,MOVIE,2021,R,69,"['crime', 'documentation', 'sport']",['US'],1.0,tt15085802,7.5,7532.0,3,1,crime,US
5194,tm1134006,Death to 2021,MOVIE,2021,Not Rated,60,['comedy'],"['GB', 'US']",1.0,tt16301388,6.3,14315.0,1,2,comedy,GB
5196,tm1174920,Jeff Foxworthy: The Good Old Days,MOVIE,2022,Not Rated,60,"['comedy', 'documentation']",[],1.0,tt18314220,6.1,374.0,2,0,comedy,Unknown
5197,tm1131061,Hilda and the Mountain King,MOVIE,2021,Not Rated,84,"['fantasy', 'animation', 'comedy', 'drama', 'family']","['CA', 'GB']",1.0,tt15777864,7.7,2146.0,5,2,fantasy,CA
5198,tm1030495,Two,MOVIE,2021,Not Rated,71,"['thriller', 'horror']",['ES'],1.0,Unknown,6.5334469051675175,2279.0,2,1,thriller,ES
5199,tm1162608,40 Years Young,MOVIE,2022,Not Rated,81,['comedy'],['MX'],1.0,tt16969906,4.2,215.0,1,1,comedy,MX
5200,tm1120902,The Privilege,MOVIE,2022,Not Rated,107,"['scifi', 'thriller', 'drama', 'horror']",['DE'],1.0,tt14637290,4.6,3900.0,4,1,scifi,DE
5201,tm1093287,The River Runner,MOVIE,2021,Not Rated,86,"['documentation', 'action']",[],1.0,tt15293256,6.9,1572.0,2,0,documentation,Unknown
5202,tm1144897,My Father's Violin,MOVIE,2022,Not Rated,112,['drama'],['TR'],1.0,tt14369276,6.4,3049.0,1,1,drama,TR
5203,tm863919,Extinct,MOVIE,2021,Not Rated,85,"['comedy', 'family', 'animation']","['US', 'CA', 'CN']",1.0,tt8241000,5.4,2393.0,3,3,comedy,US
5204,tm1087932,Prey,MOVIE,2021,Not Rated,87,"['drama', 'thriller']",['DE'],1.0,tt15198608,4.3,7084.0,2,1,drama,DE
5206,tm1084966,Django & Django,MOVIE,2021,Not Rated,80,['documentation'],[],1.0,tt15119170,6.9,873.0,1,0,documentation,Unknown
5207,tm1074764,Shiny_Flakes: The Teenage Drug Lord,MOVIE,2021,Not Rated,96,"['crime', 'documentation']",['DE'],1.0,tt15036416,7.3,4529.0,2,1,crime,DE
5211,tm1106212,Photocopier,MOVIE,2021,Not Rated,130,"['drama', 'thriller', 'crime']",['ID'],1.0,tt13729220,6.8,2815.0,3,1,drama,ID
5216,tm888243,Pray Away,MOVIE,2021,PG-13,101,['documentation'],['US'],1.0,tt11224358,6.5,2714.0,1,1,documentation,US
5219,tm1049155,Bordertown: The Mural Murders,MOVIE,2021,Not Rated,107,"['crime', 'drama']",['FI'],1.0,tt15393650,6.2,2074.0,2,1,crime,FI
5224,tm675820,A Boy Called Christmas,MOVIE,2021,PG,106,"['family', 'fantasy', 'drama']",['GB'],1.0,tt10187208,6.7,20838.0,3,1,family,GB
5225,tm1150256,Tall Girl 2,MOVIE,2022,Not Rated,97,"['romance', 'comedy', 'drama', 'family']",['US'],1.0,tt16085592,4.7,3916.0,4,1,romance,US
5226,tm1087956,Afterlife of the Party,MOVIE,2021,Not Rated,109,"['fantasy', 'drama', 'romance', 'comedy']",['US'],1.0,tt11742798,5.7,8223.0,4,1,fantasy,US
5229,tm993790,40 Love,MOVIE,2021,R,98,['comedy'],"['US', 'MX']",1.0,Unknown,6.5334469051675175,2279.0,1,2,comedy,US
5236,tm984204,The Seventh Day,MOVIE,2021,R,87,['horror'],['US'],1.0,tt11263022,4.5,4248.0,1,1,horror,US
5238,tm1020073,Thunder Force,MOVIE,2021,PG-13,107,"['scifi', 'comedy', 'fantasy', 'action']",['US'],1.0,tt10121392,4.4,40788.0,4,1,scifi,US
5239,tm1127479,Cobalt Blue,MOVIE,2022,Not Rated,112,"['drama', 'romance']",['IN'],1.0,tt15314640,6.7,952.0,2,1,drama,IN
5243,tm1195428,All About Gila,MOVIE,2022,Not Rated,76,['comedy'],[],1.0,Unknown,6.5334469051675175,2279.0,1,0,comedy,Unknown
5247,tm1003725,A Castle for Christmas,MOVIE,2021,Not Rated,98,"['romance', 'comedy', 'drama', 'family']","['US', 'GB']",1.0,tt13070602,5.5,11727.0,4,2,romance,US
5248,tm983270,Outside the Wire,MOVIE,2021,R,116,"['scifi', 'thriller', 'action', 'fantasy']",['US'],1.0,tt10451914,5.4,41562.0,4,1,scifi,US
5249,tm319224,The Loud House Movie,MOVIE,2021,G,83,"['animation', 'action', 'thriller', 'fantasy', 'drama', 'family', 'music', 'comedy']",['US'],1.0,tt6714432,6.2,1893.0,8,1,animation,US
5256,tm1166015,The Invisible Thread,MOVIE,2022,Not Rated,109,"['drama', 'comedy', 'family']",['IT'],1.0,tt14540892,6.6,1432.0,3,1,drama,IT
5259,tm1096769,Lead Me Home,MOVIE,2021,Not Rated,40,['documentation'],['US'],1.0,tt15339848,7.1,2279.0,1,1,documentation,US
5263,tm1092995,Shaun the Sheep: The Flight Before Christmas,MOVIE,2021,G,30,"['comedy', 'animation', 'family']",['GB'],1.0,tt15857304,7.3,1448.0,3,1,comedy,GB
5264,tm963182,Trollhunters: Rise of the Titans,MOVIE,2021,Not Rated,104,"['comedy', 'drama', 'family', 'fantasy', 'animation', 'action']",['US'],1.0,tt12851396,6.7,4614.0,6,1,comedy,US
5266,tm1083068,Operation Hyacinth,MOVIE,2021,Not Rated,112,"['crime', 'drama', 'thriller']",['PL'],1.0,tt14315584,6.7,2802.0,3,1,crime,PL
5267,tm1102891,Grudge,MOVIE,2021,Not Rated,104,"['thriller', 'crime', 'drama']",['TR'],1.0,tt13717980,5.5,4185.0,3,1,thriller,TR
5268,tm1137862,Four to Dinner,MOVIE,2022,Not Rated,104,"['comedy', 'romance']",['IT'],1.0,tt14247286,6.3,2913.0,2,1,comedy,IT
5269,tm1074621,Bridgerton - The Afterparty,MOVIE,2021,Not Rated,38,[],['US'],1.0,Unknown,6.5334469051675175,2279.0,0,1,Unknown,US
5273,tm960924,Kuthiraivaal,MOVIE,2021,Not Rated,125,['drama'],['IN'],1.0,tt13022626,6.4,150.0,1,1,drama,IN
5274,tm998188,More the Merrier,MOVIE,2021,Not Rated,112,['comedy'],['ES'],1.0,tt6925902,5.4,3080.0,1,1,comedy,ES
5275,tm1036270,I Am All Girls,MOVIE,2021,Not Rated,107,"['crime', 'drama', 'thriller']",['ZA'],1.0,tt9013182,5.9,5704.0,3,1,crime,ZA
5277,tm921206,The Kissing Booth 3,MOVIE,2021,PG-13,112,"['romance', 'comedy']","['US', 'ZA', 'GB']",1.0,tt12783454,4.7,15536.0,2,3,romance,US
5280,tm988736,Chris Rock Total Blackout: The Tamborine Extended Cut,MOVIE,2021,PG-13,97,['comedy'],[],1.0,tt13935770,7.0,286.0,1,0,comedy,Unknown
5283,tm991351,Pelé,MOVIE,2021,PG-13,108,"['documentation', 'sport']",['GB'],1.0,tt13842562,7.0,4169.0,2,1,documentation,GB
5284,tm813372,Etharkkum Thunindhavan,MOVIE,2022,Not Rated,151,"['action', 'crime', 'drama', 'thriller']",['IN'],1.0,tt10340562,7.2,9968.0,4,1,action,IN
5285,tm1077013,Memories of a Murderer: The Nilsen Tapes,MOVIE,2021,R,84,"['documentation', 'crime']",['GB'],1.0,tt15085784,6.3,3123.0,2,1,documentation,GB
5287,tm972519,Don't Kill Me,MOVIE,2021,Not Rated,90,"['romance', 'fantasy', 'horror']",['IT'],1.0,tt11116374,4.3,1611.0,3,1,romance,IT
5289,tm1092892,Found,MOVIE,2021,PG,97,"['documentation', 'drama']","['US', 'CN']",1.0,tt13622146,7.5,1145.0,2,2,documentation,US
5291,tm1040688,Three Songs for Benazir,MOVIE,2021,Not Rated,22,['drama'],['AF'],1.0,tt14608922,7.7,2279.0,1,1,drama,AF
5294,tm998858,Brian Regan: On the Rocks,MOVIE,2021,Not Rated,58,['comedy'],['US'],1.0,tt13926994,6.9,601.0,1,1,comedy,US
5295,tm1000797,Ride or Die,MOVIE,2021,R,142,"['thriller', 'drama', 'romance']",['JP'],1.0,tt14164234,5.5,1808.0,3,1,thriller,JP
5296,tm362072,Monster,MOVIE,2021,R,98,"['drama', 'crime']","['CA', 'US']",1.0,tt10229074,6.5,5574.0,2,2,drama,CA
5299,tm880822,Mobile Suit Gundam Hathaway,MOVIE,2021,PG-13,96,"['drama', 'romance', 'scifi', 'animation', 'action']",['JP'],1.0,tt13288678,6.6,1331.0,5,1,drama,JP
5300,tm433048,This Is the Night,MOVIE,2021,R,100,"['drama', 'comedy']",['US'],1.0,tt8430548,5.5,556.0,2,1,drama,US
5301,tm1031976,Dhamaka,MOVIE,2021,Not Rated,104,"['thriller', 'crime', 'drama', 'action']",['IN'],1.0,tt13510660,7.5,39620.0,4,1,thriller,IN
5303,tm1125844,The Whole Truth,MOVIE,2021,R,125,"['horror', 'thriller', 'drama']",['TH'],1.0,tt15850662,5.1,3073.0,3,1,horror,TH
5306,tm872108,A Week Away,MOVIE,2021,Not Rated,94,"['drama', 'family', 'romance']",['US'],1.0,tt11388278,5.7,4465.0,3,1,drama,US
5307,tm985550,Crazy About Her,MOVIE,2021,Not Rated,102,"['comedy', 'romance']",['ES'],1.0,tt11698630,6.6,5435.0,2,1,comedy,ES
5308,tm948681,Below Zero,MOVIE,2021,Not Rated,106,"['action', 'crime', 'horror', 'thriller', 'drama']",['ES'],1.0,tt9845564,6.2,18840.0,5,1,action,ES
5313,tm1142517,The Witcher: Fireplace,MOVIE,2021,Not Rated,59,[],['US'],1.0,Unknown,6.5334469051675175,2279.0,0,1,Unknown,US
5316,tm1029256,Ferry,MOVIE,2021,Not Rated,106,"['drama', 'thriller', 'action', 'crime']","['NL', 'BE']",1.0,tt14217100,7.0,10748.0,4,2,drama,NL
5318,tm1108621,Yara,MOVIE,2021,Not Rated,95,"['drama', 'crime', 'thriller']",['IT'],1.0,tt15655458,6.2,4205.0,3,1,drama,IT
5322,tm810494,The 8th Night,MOVIE,2021,Not Rated,115,"['horror', 'thriller']",['KR'],1.0,tt14781176,5.3,3181.0,2,1,horror,KR
5323,tm950444,Skater Girl,MOVIE,2021,PG,107,"['drama', 'family', 'sport']","['IN', 'US']",1.0,tt6964940,6.6,4180.0,3,2,drama,IN
5324,tm894254,Penguin Bloom,MOVIE,2021,PG-13,95,['drama'],"['AU', 'US']",1.0,tt6317656,6.8,9792.0,1,2,drama,AU
5326,tm998726,Sentinelle,MOVIE,2021,Not Rated,80,"['drama', 'thriller', 'action', 'crime']",['FR'],1.0,tt11734264,4.7,7726.0,4,1,drama,FR
5330,tm1179176,"Michela Giraud: The Truth, I Swear!",MOVIE,2022,Not Rated,60,"['comedy', 'documentation']",['IT'],1.0,tt18396984,5.5,54.0,2,1,comedy,IT
5332,tm834847,Seal Team,MOVIE,2021,Not Rated,101,"['comedy', 'animation']",['ZA'],1.0,tt8456190,5.5,1240.0,2,1,comedy,ZA
5336,tm1064532,Deep,MOVIE,2021,Not Rated,101,"['scifi', 'thriller', 'drama']",['TH'],1.0,tt14880258,4.8,1380.0,3,1,scifi,TH
5338,tm1040671,Marilyn's Eyes,MOVIE,2021,Not Rated,110,"['comedy', 'drama']",['IT'],1.0,tt13313408,6.6,1215.0,2,1,comedy,IT
5339,tm984155,The Devil Below,MOVIE,2021,R,89,"['horror', 'thriller']",['US'],1.0,tt8299850,4.2,4093.0,2,1,horror,US
5341,tm996010,Still Out of My League,MOVIE,2021,Not Rated,113,"['comedy', 'romance', 'drama']",['IT'],1.0,tt14361314,5.4,729.0,3,1,comedy,IT
5343,tm1077201,Stuck Together,MOVIE,2021,Not Rated,126,['comedy'],"['BE', 'FR']",1.0,tt13834006,6.3,6699.0,1,2,comedy,BE
5346,tm1171107,Surviving Paradise: A Family Tale,MOVIE,2022,Not Rated,78,['documentation'],"['US', 'GB']",1.0,tt18059108,7.5,551.0,1,2,documentation,US
5347,tm965754,Brother in Love 2,MOVIE,2021,Not Rated,115,['comedy'],[],1.0,tt12738164,7.2,589.0,1,0,comedy,Unknown
5348,tm1038355,The Last Mercenary,MOVIE,2021,Not Rated,110,"['comedy', 'action', 'crime', 'thriller']",['FR'],1.0,tt12808182,5.3,8276.0,4,1,comedy,FR
5350,tm1041543,Breaking Boundaries: The Science of Our Planet,MOVIE,2021,Not Rated,73,['documentation'],['US'],1.0,tt14539726,7.8,2534.0,1,1,documentation,US
5351,tm945448,Vicky and Her Mystery,MOVIE,2021,Not Rated,84,"['drama', 'european']",['FR'],1.0,tt10945274,6.4,1789.0,2,1,drama,FR
5352,tm949382,Looop Lapeta,MOVIE,2022,Not Rated,131,"['comedy', 'crime', 'romance', 'thriller', 'action']",['IN'],1.0,tt8907974,5.1,4170.0,5,1,comedy,IN
5353,tm1030283,Why Did You Kill Me?,MOVIE,2021,R,83,"['documentation', 'crime']",['US'],1.0,tt14318430,5.6,4057.0,2,1,documentation,US
5356,tm1021689,The Door Into Summer,MOVIE,2021,Not Rated,118,['scifi'],[],1.0,tt13757540,6.3,594.0,1,0,scifi,Unknown
5359,tm1185568,Broken Idol: The Undoing of Diomedes Díaz,MOVIE,2022,R,102,"['documentation', 'crime']",['CO'],1.0,tt18750180,6.1,144.0,2,1,documentation,CO
5361,tm421437,Anne+,MOVIE,2021,Not Rated,94,"['drama', 'romance']",['NL'],1.0,tt15420598,6.1,1295.0,2,1,drama,NL
5362,tm466544,Sooryavanshi,MOVIE,2021,Not Rated,145,"['action', 'crime', 'thriller']",['IN'],1.0,tt9531772,6.5,75199.0,3,1,action,IN
5364,tm1106806,Attack of the Hollywood Clichés!,MOVIE,2021,Not Rated,59,['documentation'],"['US', 'GB']",1.0,Unknown,6.5334469051675175,2279.0,1,2,documentation,US
5368,tm1119136,Game Changer,MOVIE,2021,Not Rated,102,"['crime', 'drama', 'romance', 'thriller', 'comedy']",['TH'],1.0,tt13677352,4.4,109.0,5,1,crime,TH
5369,tm1147890,The Hand of God: Through the Eyes of Sorrentino,MOVIE,2021,Not Rated,8,['documentation'],['IT'],1.0,tt10666438,7.0,7.0,1,1,documentation,IT
5370,tm1098514,The Falls,MOVIE,2021,Not Rated,129,['drama'],['TW'],1.0,tt15119668,7.0,1413.0,1,1,drama,TW
5371,tm1000599,The Last Forest,MOVIE,2021,Not Rated,74,"['drama', 'documentation']",['BR'],1.0,tt14029622,7.3,385.0,2,1,drama,BR
5374,tm1104252,Escape the Undertaker,MOVIE,2021,Not Rated,31,['horror'],['US'],1.0,tt15387782,4.3,394.0,1,1,horror,US
5375,tm1084481,Blood Brothers: Malcolm X & Muhammad Ali,MOVIE,2021,PG-13,95,"['documentation', 'history', 'sport']",['US'],1.0,tt15095938,6.9,906.0,3,1,documentation,US
5376,tm1107912,American Girl,MOVIE,2021,Not Rated,101,['drama'],['TW'],1.0,tt15623752,7.2,1032.0,1,1,drama,TW
5377,tm1002408,Biking Borders - eine etwas andere Reise,MOVIE,2021,Not Rated,89,['documentation'],['DE'],1.0,tt11188850,7.7,888.0,1,1,documentation,DE
5378,tm876608,Sounds Like Love,MOVIE,2021,Not Rated,110,"['comedy', 'music', 'romance', 'drama']",['ES'],1.0,tt11698662,5.4,2023.0,4,1,comedy,ES
5379,tm1119015,Love Like the Falling Petals,MOVIE,2022,Not Rated,128,"['romance', 'drama']",['JP'],1.0,tt14227972,6.2,350.0,2,1,romance,JP
5382,tm1143058,How I Fell in Love with a Gangster,MOVIE,2022,Not Rated,179,"['drama', 'crime']",['PL'],1.0,tt16453244,6.0,2152.0,2,1,drama,PL
5384,tm1129217,Anonymously Yours,MOVIE,2021,R,101,"['romance', 'drama']",['MX'],1.0,tt16088568,5.7,1541.0,2,1,romance,MX
5386,tm454879,Major Grom: Plague Doctor,MOVIE,2021,Not Rated,136,"['action', 'crime']",['RU'],1.0,tt7601480,6.3,11715.0,2,1,action,RU
5390,tm996040,Forever Out of My League,MOVIE,2022,Not Rated,104,"['romance', 'comedy', 'drama']",['IT'],1.0,tt14362698,5.2,368.0,3,1,romance,IT
5393,tm982887,The Minimalists: Less Is Now,MOVIE,2021,Not Rated,53,['documentation'],['US'],1.0,tt13583144,5.9,4027.0,1,1,documentation,US
5399,tm1111920,Making The Billion Dollar Code,MOVIE,2021,Not Rated,28,['documentation'],['DE'],1.0,Unknown,6.5334469051675175,2279.0,1,1,documentation,DE
5401,tm1174856,Chappelle's Home Team - Earthquake: Legendary,MOVIE,2022,R,36,['comedy'],[],1.0,tt18278666,6.7,414.0,1,0,comedy,Unknown
5402,tm998033,Doctor,MOVIE,2021,Not Rated,150,"['thriller', 'comedy', 'crime', 'action']",['IN'],1.0,tt11374902,7.6,14590.0,4,1,thriller,IN
5403,tm983730,Amy Tan: Unintended Memoir,MOVIE,2021,Not Rated,101,['documentation'],['US'],1.0,tt10393074,7.7,307.0,1,1,documentation,US
5405,tm1022893,Dynasty Warriors,MOVIE,2021,PG-13,117,"['action', 'fantasy']","['NZ', 'HK']",1.0,tt7587604,4.7,2079.0,2,2,action,NZ
5407,tm1143258,Hey! Sinamika,MOVIE,2022,Not Rated,149,"['drama', 'romance']",['IN'],1.0,tt11953194,6.1,2759.0,2,1,drama,IN
5409,tm1111616,David and the Elves,MOVIE,2021,Not Rated,106,"['fantasy', 'comedy', 'family']",['PL'],1.0,tt16024816,5.2,687.0,3,1,fantasy,PL
5410,tm1011188,Meskina,MOVIE,2021,Not Rated,98,"['comedy', 'romance']",['NL'],1.0,tt13691036,5.6,826.0,2,1,comedy,NL
5412,tm1159301,Forgive Us Our Trespasses,MOVIE,2022,PG-13,13,['drama'],['US'],1.0,tt17162524,6.5,2279.0,1,1,drama,US
5413,tm1178876,Battle: Freestyle,MOVIE,2022,Not Rated,88,"['romance', 'drama', 'music']",['NO'],1.0,tt13350858,4.3,313.0,3,1,romance,NO
5417,tm1040337,Security,MOVIE,2021,Not Rated,118,['thriller'],['IT'],1.0,tt11892916,5.0,1935.0,1,1,thriller,IT
5424,tm1173363,Blippi The Musical,MOVIE,2022,G,60,"['action', 'music']",[],1.0,Unknown,6.5334469051675175,2279.0,2,0,action,Unknown
5425,tm1102151,Bright: Samurai Soul,MOVIE,2021,PG-13,80,"['animation', 'action', 'fantasy', 'thriller']",['JP'],1.0,tt14837960,5.5,800.0,4,1,animation,JP
5427,tm979688,Homunculus,MOVIE,2021,Not Rated,119,"['drama', 'thriller', 'fantasy']",['JP'],1.0,tt14404280,5.5,2632.0,3,1,drama,JP
5432,tm1018418,Two Distant Strangers,MOVIE,2021,R,32,['drama'],['US'],1.0,tt13472984,6.5334469051675175,2279.0,1,1,drama,US
5434,tm1165118,UFO,MOVIE,2022,Not Rated,109,"['drama', 'romance', 'documentation']",['TR'],1.0,tt14369286,4.8,728.0,3,1,drama,TR
5435,tm902870,7 Yards: The Chris Norton Story,MOVIE,2021,Not Rated,93,['documentation'],['US'],1.0,tt12443702,7.8,258.0,1,1,documentation,US
5436,tm1091155,Untold: Breaking Point,MOVIE,2021,R,79,"['documentation', 'sport']",['US'],1.0,tt15101938,7.6,2400.0,2,1,documentation,US
5437,tm872496,Autumn Girl,MOVIE,2021,Not Rated,105,"['drama', 'romance']",['PL'],1.0,tt11412892,5.4,486.0,2,1,drama,PL
5439,tm1179579,In Good Hands,MOVIE,2022,Not Rated,104,"['drama', 'family', 'romance', 'comedy']",['TR'],1.0,tt14898794,5.6,2325.0,4,1,drama,TR
5440,tm1111595,A California Christmas: City Lights,MOVIE,2021,PG-13,105,"['romance', 'comedy', 'drama']",['US'],1.0,tt13701962,5.5,2231.0,3,1,romance,US
5444,tm960145,Spoiled Brats,MOVIE,2021,Not Rated,95,['comedy'],['FR'],1.0,tt13079150,6.1,5361.0,1,1,comedy,FR
5445,tm990835,The Girl on the Train,MOVIE,2021,Not Rated,128,"['drama', 'thriller', 'crime']",['IN'],1.0,tt8907992,4.4,14348.0,3,1,drama,IN
5448,tm1115392,Shyam Singha Roy,MOVIE,2021,Not Rated,157,"['drama', 'romance', 'horror', 'thriller']",['IN'],1.0,tt13349716,7.9,10903.0,4,1,drama,IN
5449,tm1082359,Phil Wang: Philly Philly Wang Wang,MOVIE,2021,Not Rated,63,['comedy'],['GB'],1.0,tt15091640,6.0,561.0,1,1,comedy,GB
5450,tm1047190,The Phantom,MOVIE,2021,Not Rated,81,"['crime', 'documentation']","['GB', 'US']",1.0,tt14597294,6.4,709.0,2,2,crime,GB
5451,tm1038857,Lady Boss: The Jackie Collins Story,MOVIE,2021,Not Rated,96,['documentation'],"['GB', 'US']",1.0,tt13244024,6.8,383.0,1,2,documentation,GB
5452,tm1043290,Murder by the Coast,MOVIE,2021,PG-13,88,"['crime', 'history', 'thriller', 'documentation']",['ES'],1.0,tt13323092,6.5,2054.0,4,1,crime,ES
5453,tm1115800,Theo Von: Regular People,MOVIE,2021,Not Rated,61,['comedy'],['US'],1.0,tt15579188,5.1,729.0,1,1,comedy,US
5454,tm1000037,Je suis Karl,MOVIE,2021,R,126,"['drama', 'thriller', 'european', 'romance']","['CZ', 'DE']",1.0,tt9205538,5.4,889.0,4,2,drama,CZ
5456,tm1023388,Madame Claude,MOVIE,2021,Not Rated,112,"['drama', 'crime', 'romance']",['FR'],1.0,tt10307724,5.4,3282.0,3,1,drama,FR
5457,tm1130264,Nicole Byer: BBW (Big Beautiful Weirdo),MOVIE,2021,Not Rated,65,['comedy'],[],1.0,tt15938722,5.7,500.0,1,0,comedy,Unknown
5458,tm816591,The Getaway King,MOVIE,2021,Not Rated,100,"['action', 'comedy', 'crime', 'drama']",['PL'],1.0,tt10516196,6.8,973.0,4,1,action,PL
5462,tm1088320,Father Christmas Is Back,MOVIE,2021,PG-13,105,['comedy'],['GB'],1.0,tt13103340,4.5,5622.0,1,1,comedy,GB
5464,tm1065788,Last Summer,MOVIE,2021,Not Rated,101,"['romance', 'drama']",['TR'],1.0,tt13067004,6.3,2774.0,2,1,romance,TR
5466,tm926580,A Family,MOVIE,2021,R,136,"['crime', 'drama']",['JP'],1.0,tt13356884,7.0,2158.0,2,1,crime,JP
5467,tm1152323,Ms. Pat: Y'all Wanna Hear Something Crazy?,MOVIE,2022,R,54,['comedy'],[],1.0,tt15338656,6.1,125.0,1,0,comedy,Unknown
5469,tm1130995,Jonas Brothers Family Roast,MOVIE,2021,Not Rated,68,"['music', 'comedy']",['US'],1.0,tt15763882,5.1,1579.0,2,1,music,US
5470,tm979182,Red Dot,MOVIE,2021,Not Rated,86,"['horror', 'thriller', 'drama']",['SE'],1.0,tt11307814,5.5,13156.0,3,1,horror,SE
5471,tm1092309,We Couldn't Become Adults,MOVIE,2021,Not Rated,124,"['drama', 'romance']",['JP'],1.0,tt14236064,6.5,655.0,2,1,drama,JP
5472,tm1031186,Heroes: Silence and Rock & Roll,MOVIE,2021,Not Rated,95,"['music', 'documentation']",['ES'],1.0,tt14354838,7.5,641.0,2,1,music,ES
5473,tm1092075,Forever Rich,MOVIE,2021,R,89,"['drama', 'comedy', 'music', 'thriller', 'crime']",['NL'],1.0,tt12748300,5.5,993.0,5,1,drama,NL
5474,tm1017664,Baggio: The Divine Ponytail,MOVIE,2021,Not Rated,91,"['drama', 'sport']",['IT'],1.0,tt14025788,6.1,4296.0,2,1,drama,IT
5477,tm963023,Chandigarh Kare Aashiqui,MOVIE,2021,Not Rated,117,"['crime', 'drama', 'romance', 'comedy']",['IN'],1.0,tt12861850,6.9,12303.0,4,1,crime,IN
5478,tm960430,Child of Kamiari Month,MOVIE,2021,Not Rated,99,"['fantasy', 'animation', 'drama']",['JP'],1.0,tt13057626,5.9,633.0,3,1,fantasy,JP
5480,tm993435,Cousins,MOVIE,2021,R,98,['drama'],['NZ'],1.0,tt10483044,6.9,474.0,1,1,drama,NZ
5482,tm1000296,New Gods: Nezha Reborn,MOVIE,2021,Not Rated,116,"['fantasy', 'action', 'animation']",['CN'],1.0,tt13269670,6.8,3045.0,3,1,fantasy,CN
5485,tm1031448,Barbie & Chelsea: The Lost Birthday,MOVIE,2021,Not Rated,60,['animation'],['US'],1.0,tt14317062,6.5334469051675175,2279.0,1,1,animation,US
5487,tm992279,Confessions of an Invisible Girl,MOVIE,2021,Not Rated,91,"['drama', 'comedy']",['BR'],1.0,tt15204288,5.2,966.0,2,1,drama,BR
5488,tm1080406,"Barbie: Big City, Big Dreams",MOVIE,2021,Not Rated,62,"['animation', 'family']",['US'],1.0,tt15053428,5.8,258.0,2,1,animation,US
5490,tm1070032,Black Island,MOVIE,2021,Not Rated,104,"['thriller', 'drama']",['DE'],1.0,tt12881516,5.1,2697.0,2,1,thriller,DE
5494,tm1128292,Michael Che: Shame the Devil,MOVIE,2021,Not Rated,58,['comedy'],[],1.0,tt15829666,6.4,957.0,1,0,comedy,Unknown
5495,tm890013,Lulli,MOVIE,2021,Not Rated,90,"['fantasy', 'comedy', 'romance']",['BR'],1.0,tt16282866,4.7,1356.0,3,1,fantasy,BR
5496,tm1015103,The Seven Deadly Sins: Cursed by Light,MOVIE,2021,Not Rated,79,"['animation', 'action', 'fantasy']",[],1.0,tt13884144,6.4,865.0,3,0,animation,Unknown
5498,tm1129394,The Princess Switch 3: Romancing the Star,MOVIE,2021,PG,106,"['romance', 'comedy', 'drama', 'family']",['US'],1.0,tt14731142,5.5,5618.0,4,1,romance,US
5499,tm950360,The Yin Yang Master,MOVIE,2021,Not Rated,113,['fantasy'],['CN'],1.0,Unknown,6.5334469051675175,2279.0,1,1,fantasy,CN
5500,tm1159300,Heart Shot,MOVIE,2022,PG-13,18,['romance'],[],1.0,tt17162546,6.5334469051675175,2279.0,1,0,romance,Unknown
5501,tm1165179,Kongsi Raya,MOVIE,2022,Not Rated,102,['comedy'],['MY'],1.0,tt16806990,7.0,41.0,1,1,comedy,MY
5503,tm1001108,Biggie: I Got a Story to Tell,MOVIE,2021,R,97,"['music', 'documentation']",['US'],1.0,tt14058484,6.8,4934.0,2,1,music,US
5505,tm1160484,Donkeyhead,MOVIE,2022,Not Rated,106,['drama'],[],1.0,tt14064072,6.7,202.0,1,0,drama,Unknown
5506,tm1119455,Camp Confidential: America's Secret Nazis,MOVIE,2021,PG-13,34,"['animation', 'history', 'documentation']",['US'],1.0,tt15470770,6.3,2279.0,3,1,animation,US
5508,tm1063034,The Wonderful: Stories from the Space Station,MOVIE,2021,Not Rated,129,['documentation'],['US'],1.0,tt13368696,6.5334469051675175,2279.0,1,1,documentation,US
5511,tm1174919,Mike Epps: Indiana Mike,MOVIE,2022,Not Rated,58,"['comedy', 'documentation']",[],1.0,tt18314226,6.5334469051675175,2279.0,2,0,comedy,Unknown
5512,tm1040733,In Our Mothers' Gardens,MOVIE,2021,Not Rated,84,['documentation'],['US'],1.0,tt14369930,8.6,124.0,1,1,documentation,US
5513,tm1006127,Arlo the Alligator Boy,MOVIE,2021,Not Rated,90,"['animation', 'comedy', 'family']",['US'],1.0,tt13454122,6.5,1079.0,3,1,animation,US
5515,tm1137797,137 Shots,MOVIE,2021,R,104,"['crime', 'documentation']",[],1.0,tt16379224,6.2,767.0,2,0,crime,Unknown
5516,tm1022912,One,MOVIE,2021,Not Rated,151,"['drama', 'thriller']",['IN'],1.0,tt11286552,6.5,2672.0,2,1,drama,IN
5517,tm1130275,Mo Amer: Mohammed in Texas,MOVIE,2021,Not Rated,64,['comedy'],['US'],1.0,tt15845288,6.5,568.0,1,1,comedy,US
5518,tm886188,Caught by a Wave,MOVIE,2021,Not Rated,99,"['romance', 'drama', 'sport']",['IT'],1.0,tt12013758,5.7,1265.0,3,1,romance,IT
5520,tm1094069,The Women and the Murderer,MOVIE,2021,PG-13,92,"['crime', 'documentation']",['FR'],1.0,tt15216504,6.4,1158.0,2,1,crime,FR
5521,tm1075596,Monster Hunter: Legends of the Guild,MOVIE,2021,PG-13,58,['fantasy'],['US'],1.0,Unknown,6.5334469051675175,2279.0,1,1,fantasy,US
5523,tm1160938,Adam by Eve: A Live in Animation,MOVIE,2022,PG-13,58,"['drama', 'animation', 'music']",['JP'],1.0,tt18274178,6.5,173.0,3,1,drama,JP
5525,tm1204412,"Let's Tie the Knot, Honey!",MOVIE,2022,Not Rated,99,['romance'],['PE'],1.0,tt19892832,6.5334469051675175,2279.0,1,1,romance,PE
5527,tm1027297,Time,MOVIE,2021,Not Rated,99,"['drama', 'comedy']",['HK'],1.0,Unknown,6.5334469051675175,2279.0,2,1,drama,HK
5528,tm1172600,11M,MOVIE,2022,Not Rated,92,['documentation'],['ES'],1.0,tt6275154,7.0,796.0,1,1,documentation,ES
5529,tm1120937,Montford: The Chickasaw Rancher,MOVIE,2021,Not Rated,96,"['drama', 'western', 'history']",['US'],1.0,tt6704894,6.7,681.0,3,1,drama,US
5530,tm1118822,Sex: Unzipped,MOVIE,2021,Not Rated,59,"['comedy', 'documentation']",['US'],1.0,tt15523050,2.5,395.0,2,1,comedy,US
5531,tm1102570,Swallow,MOVIE,2021,Not Rated,128,"['thriller', 'history', 'drama']",[],1.0,tt14391622,3.4,175.0,3,0,thriller,Unknown
5532,tm990983,Paper Lives,MOVIE,2021,Not Rated,96,['drama'],['TR'],1.0,tt13045890,6.7,11804.0,1,1,drama,TR
5533,tm867681,Haseen Dillruba,MOVIE,2021,Not Rated,135,"['drama', 'romance', 'thriller', 'crime']",['IN'],1.0,tt11027830,7.0,25771.0,4,1,drama,IN
5534,tm1160424,AI Love You,MOVIE,2022,PG-13,95,"['romance', 'drama', 'scifi']",['TH'],1.0,tt11182810,4.4,529.0,3,1,romance,TH
5535,tm1114205,Amina,MOVIE,2021,PG-13,120,"['drama', 'action', 'history']",['NG'],1.0,tt15858090,3.9,289.0,3,1,drama,NG
5537,tm1049290,In for a Murder,MOVIE,2021,Not Rated,105,"['comedy', 'thriller', 'drama', 'scifi']",['PL'],1.0,tt13377488,5.3,1394.0,4,1,comedy,PL
5538,tm1002869,Fate: The Winx Saga - The Afterparty,MOVIE,2021,PG-13,31,"['comedy', 'fantasy', 'reality']","['GB', 'IT']",1.0,tt14081914,6.2,69.0,3,2,comedy,GB
5539,tm1150800,Amandla,MOVIE,2022,Not Rated,106,"['crime', 'drama']","['CA', 'ZA']",1.0,tt5343008,5.5,356.0,2,2,crime,CA
5540,tm1143319,The Witcher Season One Recap: From the Beginning,MOVIE,2021,Not Rated,15,[],[],1.0,Unknown,6.5334469051675175,2279.0,0,0,Unknown,Unknown
5541,tm861018,Sweet & Sour,MOVIE,2021,Not Rated,101,"['comedy', 'romance']",['KR'],1.0,tt14599938,6.7,2387.0,2,1,comedy,KR
5542,tm980657,The Soul,MOVIE,2021,Not Rated,130,"['scifi', 'thriller', 'drama']","['CN', 'TW']",1.0,tt13598976,6.6,2676.0,3,2,scifi,CN
5544,tm1131895,Love is Color Blind,MOVIE,2021,Not Rated,115,"['romance', 'comedy']",['PH'],1.0,tt15979132,8.3,465.0,2,1,romance,PH
5549,tm958688,Love Me Instead,MOVIE,2021,Not Rated,124,['drama'],['TR'],1.0,tt13161356,7.0,2472.0,1,1,drama,TR
5551,tm1150727,Kapil Sharma: I'm Not Done Yet,MOVIE,2022,R,54,['comedy'],['IN'],1.0,tt16867200,6.9,3950.0,1,1,comedy,IN
5552,tm990972,The Last Paradiso,MOVIE,2021,Not Rated,107,"['drama', 'romance']",['IT'],1.0,tt11428926,5.7,1302.0,2,1,drama,IT
5554,tm1013111,1000 Miles from Christmas,MOVIE,2021,Not Rated,102,"['comedy', 'romance', 'family', 'fantasy']",['ES'],1.0,tt13782052,5.7,1483.0,4,1,comedy,ES
5556,tm1073802,Mimi,MOVIE,2021,Not Rated,132,"['comedy', 'drama']",['IN'],1.0,Unknown,6.5334469051675175,2279.0,2,1,comedy,IN
5557,tm1063013,The Father Who Moves Mountains,MOVIE,2021,PG-13,108,"['thriller', 'drama']","['RO', 'SE']",1.0,tt8886670,5.5,3385.0,2,2,thriller,RO
5558,tm1039422,Nail Bomber: Manhunt,MOVIE,2021,Not Rated,72,"['crime', 'documentation', 'history']",['GB'],1.0,tt12939812,6.3,2086.0,3,1,crime,GB
5559,tm859256,Red,MOVIE,2021,Not Rated,146,['drama'],['IN'],1.0,Unknown,6.5334469051675175,2279.0,1,1,drama,IN
5560,tm1001267,Secret Magic Control Agency,MOVIE,2021,Not Rated,104,"['fantasy', 'comedy', 'family', 'animation']","['RU', 'US']",1.0,tt13932162,6.2,3948.0,4,2,fantasy,RU
5562,tm1111717,LOL Surprise: The Movie,MOVIE,2021,G,47,['animation'],['US'],1.0,Unknown,6.5334469051675175,2279.0,1,1,animation,US
5564,tm1082515,Untold: Caitlyn Jenner,MOVIE,2021,R,69,"['documentation', 'sport']",['US'],1.0,tt15101946,6.4,2384.0,2,1,documentation,US
5565,tm876997,Most Eligible Bachelor,MOVIE,2021,Not Rated,170,"['drama', 'romance']",['IN'],1.0,tt11725680,6.4,3125.0,2,1,drama,IN
5566,tm1118234,Lords of Scam,MOVIE,2021,R,105,"['documentation', 'crime']",['FR'],1.0,tt15711402,6.3,568.0,2,1,documentation,FR
5567,tm1102226,"My Brother, My Sister",MOVIE,2021,Not Rated,110,['drama'],['IT'],1.0,tt13003996,6.0,882.0,1,1,drama,IT
5568,tm876083,Xtreme,MOVIE,2021,Not Rated,111,"['thriller', 'fantasy', 'action', 'crime', 'drama']",['ES'],1.0,tt11658120,5.8,4273.0,5,1,thriller,ES
5570,tm1038364,Ghost Lab,MOVIE,2021,Not Rated,117,"['horror', 'thriller', 'drama']",['TH'],1.0,tt13446126,5.2,1367.0,3,1,horror,TH
5571,tm1131374,Carolin Kebekus: The Last Christmas Special,MOVIE,2021,Not Rated,66,['comedy'],[],1.0,tt15893460,4.7,97.0,1,0,comedy,Unknown
5572,tm1116525,Just Short of Perfect,MOVIE,2021,Not Rated,94,"['romance', 'comedy']",['BR'],1.0,tt15863594,5.3,952.0,2,1,romance,BR
5574,tm1119172,Puff: Wonders of the Reef,MOVIE,2021,PG,59,"['documentation', 'family']","['AU', 'US']",1.0,tt15753666,7.1,743.0,2,2,documentation,AU
5576,tm1049265,My Wonderful Life,MOVIE,2021,Not Rated,99,"['drama', 'romance', 'comedy']",['PL'],1.0,tt13164942,5.8,540.0,3,1,drama,PL
5577,tm1152224,Love Tactics,MOVIE,2022,Not Rated,97,['romance'],['TR'],1.0,tt14486678,5.1,3436.0,1,1,romance,TR
5578,tm1001095,Roohi,MOVIE,2021,Not Rated,134,"['comedy', 'horror']",['IN'],1.0,tt10098288,4.4,9912.0,2,1,comedy,IN
5581,tm977620,Asakusa Kid,MOVIE,2021,Not Rated,123,['drama'],['JP'],1.0,tt13528562,7.1,1090.0,1,1,drama,JP
5582,tm1045603,The House of Flowers: The Movie,MOVIE,2021,R,86,"['drama', 'comedy']",['MX'],1.0,tt14549558,5.5,836.0,2,1,drama,MX
5583,tm1161223,Cat Burglar,MOVIE,2022,PG-13,12,['animation'],"['IE', 'GB']",1.0,tt17321170,6.9,2279.0,1,2,animation,IE
5588,tm989672,Creating The Queen's Gambit,MOVIE,2021,PG-13,14,['documentation'],['US'],1.0,tt13818410,6.9,577.0,1,1,documentation,US
5589,tm975741,Octonauts: The Ring of Fire,MOVIE,2021,G,72,['animation'],"['CN', 'GB']",1.0,tt13779166,6.5,126.0,1,2,animation,CN
5590,tm1054462,The Land,MOVIE,2021,Not Rated,103,"['drama', 'comedy']",['PL'],1.0,tt14345386,6.1,444.0,2,1,drama,PL
5592,tm1101878,Honey Girls,MOVIE,2021,PG,90,"['family', 'music', 'comedy']",['US'],1.0,tt11847606,5.0,154.0,3,1,family,US
5594,tm986017,Gatao: The Last Stray,MOVIE,2021,Not Rated,120,"['crime', 'action', 'drama', 'romance']",['TW'],1.0,tt14720502,5.9,244.0,4,1,crime,TW
5595,tm1037704,Resort to Love,MOVIE,2021,PG,101,"['comedy', 'romance']",['US'],1.0,tt12929990,5.7,5586.0,2,1,comedy,US
5596,tm1027639,Annaatthe,MOVIE,2021,Not Rated,163,"['drama', 'action', 'comedy']",['IN'],1.0,tt11253090,4.6,9400.0,3,1,drama,IN
5597,tm997608,Hate by Dani Rovira,MOVIE,2021,PG-13,82,['comedy'],['ES'],1.0,tt13323128,6.7,419.0,1,1,comedy,ES
5598,tm1001619,Man in Love,MOVIE,2021,Not Rated,115,"['romance', 'drama']",['TW'],1.0,tt14428606,6.9,1623.0,2,1,romance,TW
5600,tm1109843,Meenakshi Sundareshwar,MOVIE,2021,Not Rated,141,"['comedy', 'romance']",['IN'],1.0,tt13529034,7.4,17141.0,2,1,comedy,IN
5601,tm1074622,Cobra Kai - The Afterparty,MOVIE,2021,Not Rated,34,[],['US'],1.0,Unknown,6.5334469051675175,2279.0,0,1,Unknown,US
5602,tm904862,Just Say Yes,MOVIE,2021,Not Rated,97,"['romance', 'comedy']",['NL'],1.0,tt12154638,4.5,1910.0,2,1,romance,NL
5603,tm1025318,Ajeeb Daastaans,MOVIE,2021,Not Rated,142,"['drama', 'romance']",['IN'],1.0,tt14091818,6.7,5620.0,2,1,drama,IN
5605,tm954297,The Secret Diary of an Exchange Student,MOVIE,2021,Not Rated,96,"['romance', 'comedy']",['BR'],1.0,tt11594766,5.3,868.0,2,1,romance,BR
5607,tm1124066,Carlos Ballarta: False Prophet,MOVIE,2021,Not Rated,63,['comedy'],['MX'],1.0,tt15733384,6.5,116.0,1,1,comedy,MX
5608,tm1106551,One Night in Paris,MOVIE,2021,Not Rated,64,['comedy'],['FR'],1.0,tt15435146,4.4,74.0,1,1,comedy,FR
5610,tm1095880,You vs. Wild: Out Cold,MOVIE,2021,Not Rated,25,['action'],['US'],1.0,tt15250050,5.3,102.0,1,1,action,US
5613,tm1044137,Headspace Unwind you Mind,MOVIE,2021,G,15,"['animation', 'documentation']",['US'],1.0,tt14684160,7.2,132.0,2,1,animation,US
5615,tm1031499,Get the Grift,MOVIE,2021,Not Rated,94,"['crime', 'comedy']",['BR'],1.0,tt14371060,5.3,722.0,2,1,crime,BR
5616,tm1029279,Dolly Parton: A MusiCares Tribute,MOVIE,2021,Not Rated,55,"['music', 'documentation']",['US'],1.0,tt14299926,6.6,226.0,2,1,music,US
5617,tm1108010,Rabbids Invasion - Mission To Mars,MOVIE,2021,Not Rated,68,['animation'],['FR'],1.0,tt15310736,7.8,2279.0,1,1,animation,FR
5618,tm919869,And Tomorrow the Entire World,MOVIE,2021,Not Rated,111,"['crime', 'romance', 'drama']","['DE', 'FR']",1.0,tt7716120,6.0,3095.0,3,2,crime,DE
5619,tm1000185,Squared Love,MOVIE,2021,Not Rated,102,"['romance', 'comedy']",['PL'],1.0,tt13846542,5.0,3059.0,2,1,romance,PL
5620,tm1036542,Shadow and Bone - The Afterparty,MOVIE,2021,R,32,[],"['HU', 'CA']",1.0,Unknown,6.5334469051675175,2279.0,0,2,Unknown,HU
5621,tm1020293,Dearest Boy,MOVIE,2021,Not Rated,90,"['comedy', 'drama']",['SA'],1.0,tt13524066,6.1,240.0,2,1,comedy,SA
5622,tm1096880,Thomas & Friends: All Engines Go - Race for the Sodor Cup,MOVIE,2021,Not Rated,60,"['animation', 'family']",[],1.0,tt15337666,3.6,56.0,2,0,animation,Unknown
5623,tm942277,Accomplice,MOVIE,2021,Not Rated,52,['documentation'],"['IL', 'US']",1.0,tt13947978,7.2,361.0,1,2,documentation,IL
5625,tm981676,Double Dad,MOVIE,2021,Not Rated,103,"['drama', 'comedy', 'family']",['BR'],1.0,tt11821818,5.6,1262.0,3,1,drama,BR
5626,tm1037687,Dancing Queens,MOVIE,2021,Not Rated,110,"['comedy', 'drama']",['SE'],1.0,tt13032716,5.6,1672.0,2,1,comedy,SE
5627,tm1033803,Searching for Sheela,MOVIE,2021,Not Rated,58,"['documentation', 'crime']",['IN'],1.0,tt14167424,4.2,1327.0,2,1,documentation,IN
5629,tm810657,Uppena,MOVIE,2021,Not Rated,147,['drama'],['IN'],1.0,Unknown,6.5334469051675175,2279.0,1,1,drama,IN
5630,tm1027712,This Little Love of Mine,MOVIE,2021,G,91,['romance'],['AU'],1.0,tt12546872,5.3,2393.0,1,1,romance,AU
5631,tm1164320,Behind the Scenes With Jane Campion,MOVIE,2022,Not Rated,17,['documentation'],['US'],1.0,Unknown,6.5334469051675175,2279.0,1,1,documentation,US
5633,tm1087383,JJ+E,MOVIE,2021,Not Rated,90,"['drama', 'romance']",['SE'],1.0,tt12299824,5.3,1658.0,2,1,drama,SE
5634,tm988879,Tony Parker: The Final Shot,MOVIE,2021,Not Rated,98,"['documentation', 'sport']",['FR'],1.0,tt13696668,6.8,1364.0,2,1,documentation,FR
5635,tm1068777,Bankrolled,MOVIE,2021,Not Rated,97,['comedy'],['MX'],1.0,tt14961160,4.0,306.0,1,1,comedy,MX
5636,tm1030071,Mandela,MOVIE,2021,Not Rated,140,"['drama', 'comedy']",['IN'],1.0,Unknown,6.5334469051675175,2279.0,2,1,drama,IN
5637,tm1037519,The Guide to the Perfect Family,MOVIE,2021,Not Rated,102,"['comedy', 'drama']",['CA'],1.0,tt11991786,6.4,1632.0,2,1,comedy,CA
5639,tm985712,"Strip Down, Rise Up",MOVIE,2021,R,112,['documentation'],['US'],1.0,tt13787118,5.3,634.0,1,1,documentation,US
5640,tm1142245,Kadaseela Biriyani,MOVIE,2021,Not Rated,115,"['drama', 'comedy', 'crime']",['IN'],1.0,tt11441458,7.5,1265.0,3,1,drama,IN
5641,tm1147172,The Characters of the Continent,MOVIE,2021,Not Rated,9,['documentation'],['US'],1.0,tt16740216,6.6,56.0,1,1,documentation,US
5642,tm869475,Pagglait,MOVIE,2021,Not Rated,114,"['comedy', 'drama']",['IN'],1.0,tt11142762,6.9,9133.0,2,1,comedy,IN
5645,tm1106900,A World Without,MOVIE,2021,Not Rated,107,"['thriller', 'scifi', 'drama']",[],1.0,tt15484488,3.7,336.0,3,0,thriller,Unknown
5647,tm1091823,Boomika,MOVIE,2021,Not Rated,122,"['thriller', 'horror']",['IN'],1.0,Unknown,6.5334469051675175,2279.0,2,1,thriller,IN
5649,tm1003376,Get the Goat,MOVIE,2021,Not Rated,97,"['comedy', 'crime', 'action']",['BR'],1.0,tt14111726,6.1,1727.0,3,1,comedy,BR
5650,tm1068632,Bartkowiak,MOVIE,2021,Not Rated,91,"['thriller', 'action', 'crime', 'sport']",['PL'],1.0,tt14315566,5.1,1165.0,4,1,thriller,PL
5651,tm1111559,Grumpy Christmas,MOVIE,2021,Not Rated,87,['comedy'],['MX'],1.0,tt15565724,4.4,348.0,1,1,comedy,MX
5653,tm1039168,Cinema Bandi,MOVIE,2021,Not Rated,98,"['comedy', 'drama']",['IN'],1.0,tt14558738,8.0,2416.0,2,1,comedy,IN
5654,tm1165244,Into the Wind,MOVIE,2022,Not Rated,108,"['drama', 'romance', 'sport', 'comedy']",['PL'],1.0,tt17044594,5.2,749.0,4,1,drama,PL
5656,tm1110205,This Is Not a Comedy,MOVIE,2021,Not Rated,105,"['drama', 'comedy']",['MX'],1.0,tt11363540,4.9,321.0,2,1,drama,MX
5657,tm983466,"Crack: Cocaine, Corruption & Conspiracy",MOVIE,2021,Not Rated,89,"['documentation', 'crime', 'history']",['US'],1.0,tt13649700,6.7,3260.0,3,1,documentation,US
5659,tm1064988,Zero to Hero,MOVIE,2021,Not Rated,102,"['drama', 'sport']",['HK'],1.0,tt14892216,6.6,792.0,2,1,drama,HK
5660,tm1028026,Irul,MOVIE,2021,Not Rated,91,['thriller'],['IN'],1.0,tt13103212,5.8,3021.0,1,1,thriller,IN
5661,tm1107848,Making Malinche: A Documentary by Nacho Cano,MOVIE,2021,Not Rated,89,"['music', 'documentation']",[],1.0,tt15478968,5.1,31.0,2,0,music,Unknown
5662,tm1039571,The Upshaws - The Afterparty,MOVIE,2021,R,32,[],['US'],1.0,Unknown,6.5334469051675175,2279.0,0,1,Unknown,US
5663,tm1053409,Happiness Ever After,MOVIE,2021,Not Rated,99,"['drama', 'romance']",['ZA'],1.0,tt14307890,4.2,153.0,2,1,drama,ZA
5665,tm1019865,Wild Dog,MOVIE,2021,Not Rated,122,"['thriller', 'action', 'crime']",['IN'],1.0,tt11503178,6.2,2248.0,3,1,thriller,IN
5667,tm1159947,Mo Gilligan: There's Mo to Life,MOVIE,2022,Not Rated,65,['comedy'],[],1.0,tt17162494,5.9,215.0,1,0,comedy,Unknown
5668,tm1024062,Nayattu,MOVIE,2021,Not Rated,124,"['drama', 'thriller', 'crime']",['IN'],1.0,tt11604676,8.1,6780.0,3,1,drama,IN
5669,tm1038096,Carnaval,MOVIE,2021,Not Rated,94,['comedy'],['BR'],1.0,tt14074470,3.9,885.0,1,1,comedy,BR
5670,tm989502,Wish You,MOVIE,2021,Not Rated,101,"['drama', 'romance', 'music']",['KR'],1.0,tt13866142,6.4,804.0,3,1,drama,KR
5671,tm1030241,Kurup,MOVIE,2021,Not Rated,155,"['crime', 'thriller']",['IN'],1.0,tt7026666,7.4,11582.0,2,1,crime,IN
5672,tm1099969,Angeliena,MOVIE,2021,Not Rated,95,"['drama', 'comedy']",['ZA'],1.0,tt15303262,7.7,1156.0,2,1,drama,ZA
5673,tm1019822,Connected,MOVIE,2021,Not Rated,42,[],[],1.0,Unknown,6.5334469051675175,2279.0,0,0,Unknown,Unknown
5674,tm1024535,The Guardian,MOVIE,2021,Not Rated,127,"['horror', 'music', 'thriller', 'crime', 'drama']",['VN'],1.0,tt14024066,5.7,319.0,5,1,horror,VN
5675,tm995613,Animals on the Loose: A You vs. Wild Interactive Movie,MOVIE,2021,Not Rated,45,"['action', 'reality']",[],1.0,tt13853720,5.8,928.0,2,0,action,Unknown
5676,tm1068692,Emicida AmarElo Live in Sao Paulo,MOVIE,2021,Not Rated,99,"['documentation', 'music']",['BR'],1.0,tt14910946,7.5,43.0,2,1,documentation,BR
5677,tm1127511,Only You,MOVIE,2021,Not Rated,110,"['comedy', 'drama']",['PH'],1.0,tt16210966,6.5,64.0,2,1,comedy,PH
5678,tm1055586,Lethal Love,MOVIE,2021,Not Rated,87,['thriller'],[],1.0,tt14403532,4.4,215.0,1,0,thriller,Unknown
5679,tm996996,The Misadventures of Hedi and Cokeman,MOVIE,2021,Not Rated,99,"['action', 'crime', 'comedy']",['FR'],1.0,tt13669344,4.4,624.0,3,1,action,FR
5681,tm462311,Latte and the Magic Waterstone,MOVIE,2022,Not Rated,89,"['comedy', 'animation', 'family', 'european']","['BE', 'DE']",1.0,tt9038290,5.6,938.0,4,2,comedy,BE
5682,tm1120636,Johnny Test's Ultimate Meatloaf Quest,MOVIE,2021,G,20,"['animation', 'family']",['US'],1.0,tt15717738,7.0,24.0,2,1,animation,US
5683,tm990740,What Would Sophia Loren Do?,MOVIE,2021,Not Rated,33,['documentation'],['US'],1.0,Unknown,6.5334469051675175,2279.0,1,1,documentation,US
5684,tm1166429,Whindersson Nunes: My Own Show!,MOVIE,2022,Not Rated,63,"['comedy', 'documentation']",['BR'],1.0,tt17887288,7.1,186.0,2,1,comedy,BR
5686,tm1141663,Cem Yılmaz: Diamond Elite Platinum Plus,MOVIE,2021,Not Rated,94,['comedy'],['TR'],1.0,tt16444502,6.6,6680.0,1,1,comedy,TR
5688,tm1033635,Sisters on Track,MOVIE,2021,PG,96,"['documentation', 'sport']",['US'],1.0,tt9337574,5.8,195.0,2,1,documentation,US
5689,tm1107850,Sharkdog’s Fintastic Halloween,MOVIE,2021,Not Rated,24,"['fantasy', 'family', 'animation', 'comedy']",[],1.0,tt15478768,6.6,35.0,4,0,fantasy,Unknown
5690,tm1073555,Thimmarusu: Assignment Vali,MOVIE,2021,Not Rated,127,"['thriller', 'crime', 'drama']",['IN'],1.0,tt13310936,7.2,1473.0,3,1,thriller,IN
5691,tm1042277,Sam Smith: Love Goes – Live at Abbey Road Studios,MOVIE,2021,Not Rated,61,"['documentation', 'music']",['US'],1.0,Unknown,6.5334469051675175,2279.0,2,1,documentation,US
5692,tm983722,Prime Time,MOVIE,2021,R,93,"['thriller', 'drama']",['PL'],1.0,tt11460976,5.2,1757.0,2,1,thriller,PL
5693,tm1147041,Chief Daddy 2: Going for Broke,MOVIE,2021,Not Rated,113,['comedy'],['NG'],1.0,tt16760592,3.0,133.0,1,1,comedy,NG
5694,tm1183575,Celeb Five: Behind the Curtain,MOVIE,2022,Not Rated,55,"['comedy', 'documentation']",['KR'],1.0,tt18570468,6.5334469051675175,2279.0,2,1,comedy,KR
5696,tm1102856,The Four of Us,MOVIE,2021,Not Rated,88,"['comedy', 'drama', 'romance']",['DE'],1.0,tt15360916,5.3,954.0,3,1,comedy,DE
5698,tm988801,June & Kopi,MOVIE,2021,Not Rated,90,"['comedy', 'drama', 'family']",['ID'],1.0,tt13728764,6.3,529.0,3,1,comedy,ID
5699,tm855340,Thalaivii,MOVIE,2021,G,153,['drama'],['IN'],1.0,tt10152736,5.9,30439.0,1,1,drama,IN
5700,tm1076198,Blue Dream: The Road to Wembley,MOVIE,2021,Not Rated,61,"['documentation', 'sport']",['IT'],1.0,tt15684042,7.1,722.0,2,1,documentation,IT
5701,tm1037800,Soy Rada: Serendipity,MOVIE,2021,Not Rated,70,"['comedy', 'drama']",['AR'],1.0,tt14540480,6.1,73.0,2,1,comedy,AR
5702,tm1029314,Have You Ever Seen Fireflies?,MOVIE,2021,Not Rated,113,"['drama', 'comedy']",['TR'],1.0,tt13317694,6.2,4934.0,2,1,drama,TR
5703,tm1080114,Hostage House,MOVIE,2021,Not Rated,90,['thriller'],['US'],1.0,tt13033790,3.9,826.0,1,1,thriller,US
5704,tm1099320,Convergence: Courage in a Crisis,MOVIE,2021,R,113,['documentation'],"['US', 'GB']",1.0,tt15398694,5.4,252.0,1,2,documentation,US
5705,tm945283,Hand Rolled Cigarette,MOVIE,2021,Not Rated,101,"['thriller', 'drama']",['HK'],1.0,Unknown,6.5334469051675175,2279.0,2,1,thriller,HK
5706,tm1159298,Erax,MOVIE,2022,PG,13,"['family', 'thriller']",[],1.0,tt17162512,6.5334469051675175,2279.0,2,0,family,Unknown
5708,tm1119331,Haroun,MOVIE,2021,Not Rated,76,['comedy'],['FR'],1.0,tt15517974,6.4,62.0,1,1,comedy,FR
5709,tm1022280,Maha Samudram,MOVIE,2021,Not Rated,152,['drama'],['IN'],1.0,Unknown,6.5334469051675175,2279.0,1,1,drama,IN
5710,tm998678,Aelay,MOVIE,2021,Not Rated,153,['comedy'],['IN'],1.0,Unknown,6.5334469051675175,2279.0,1,1,comedy,IN
5713,tm1120766,Angèle,MOVIE,2021,R,84,"['music', 'documentation']","['FR', 'BE']",1.0,tt15820298,7.0,493.0,2,2,music,FR
5714,tm1018592,A Perfect Fit,MOVIE,2021,Not Rated,112,"['drama', 'comedy', 'romance']",['ID'],1.0,tt13606090,5.3,557.0,3,1,drama,ID
5715,tm1011248,30 March,MOVIE,2021,Not Rated,99,"['drama', 'thriller', 'crime']",[],1.0,tt13694540,4.4,96.0,3,0,drama,Unknown
5717,tm1102410,A StoryBots Space Adventure,MOVIE,2021,Not Rated,12,['animation'],[],1.0,tt15166478,6.5334469051675175,2279.0,1,0,animation,Unknown
5718,tm1066324,Super Monsters: Once Upon a Rhyme,MOVIE,2021,Not Rated,25,"['family', 'animation']",[],1.0,tt14586752,5.8,38.0,2,0,family,Unknown
5720,tm1019084,Ginny & Georgia - The Afterparty,MOVIE,2021,R,35,[],"['US', 'CA']",1.0,Unknown,6.5334469051675175,2279.0,0,2,Unknown,US
5723,tm1121084,Izla,MOVIE,2021,Not Rated,85,"['comedy', 'horror']",['PH'],1.0,tt16161362,3.7,105.0,2,1,comedy,PH
5724,tm1049083,Trese After Dark,MOVIE,2021,PG-13,36,['documentation'],['PH'],1.0,Unknown,6.5334469051675175,2279.0,1,1,documentation,PH
5725,tm994923,"Our Lady of San Juan, Four Centuries of Miracles",MOVIE,2021,Not Rated,122,"['drama', 'history']",['MX'],1.0,tt10038660,6.1,79.0,2,1,drama,MX
5726,tm1141346,StarBeam: Beaming in the New Year,MOVIE,2021,Not Rated,47,"['animation', 'family']",[],1.0,tt16112918,5.7,32.0,2,0,animation,Unknown
5728,tm863829,Ali & Ratu Ratu Queens,MOVIE,2021,Not Rated,100,"['drama', 'comedy']",['ID'],1.0,tt11271990,7.0,1185.0,2,1,drama,ID
5729,tm1068720,D.O.D.: Day of Destiny,MOVIE,2021,Not Rated,110,"['scifi', 'drama']",['NG'],1.0,tt15149712,5.0,37.0,2,1,scifi,NG
5730,tm1049317,Upcoming Summer,MOVIE,2021,Not Rated,115,['drama'],['CN'],1.0,tt13575838,6.7,439.0,1,1,drama,CN
5731,tm831387,What Happened to Mr Cha?,MOVIE,2021,Not Rated,102,"['comedy', 'drama']",['KR'],1.0,tt13667212,4.3,349.0,2,1,comedy,KR
5734,tm1059008,Lokillo,MOVIE,2021,Not Rated,90,['comedy'],['CO'],1.0,tt14585902,3.8,66.0,1,1,comedy,CO
5735,tm856634,Jagame Thandhiram,MOVIE,2021,Not Rated,158,"['crime', 'comedy', 'drama', 'thriller', 'action']","['GB', 'IN']",1.0,tt10661848,6.0,11596.0,5,2,crime,GB
5736,tm1064193,Private Network: Who Killed Manuel Buendía?,MOVIE,2021,Not Rated,100,"['documentation', 'history', 'crime']",['MX'],1.0,tt14880310,6.8,220.0,3,1,documentation,MX
5738,tm1110241,Kaaval,MOVIE,2021,Not Rated,148,"['thriller', 'action']",['IN'],1.0,tt11182984,5.4,1462.0,2,1,thriller,IN
5739,tm1109080,Mughizh,MOVIE,2021,Not Rated,62,['drama'],['IN'],1.0,Unknown,6.5334469051675175,2279.0,1,1,drama,IN
5740,tm1043655,One Lagos Night,MOVIE,2021,Not Rated,103,"['comedy', 'crime']",['NG'],1.0,tt14211236,6.9,15.0,2,1,comedy,NG
5741,tm985747,I Missed You,MOVIE,2021,Not Rated,96,"['drama', 'romance']",['TW'],1.0,tt14051714,5.7,243.0,2,1,drama,TW
5742,tm1015884,African America,MOVIE,2021,Not Rated,96,['drama'],['ZA'],1.0,tt13920016,5.2,63.0,1,1,drama,ZA
5743,tm1121098,Will You Marry?,MOVIE,2021,Not Rated,86,"['romance', 'drama']",['PH'],1.0,tt16236048,4.9,56.0,2,1,romance,PH
5744,tm1067260,Tughlaq Durbar,MOVIE,2021,Not Rated,145,"['comedy', 'drama', 'thriller']",['IN'],1.0,tt9769668,5.4,1566.0,3,1,comedy,IN
5745,tm959213,My Amanda,MOVIE,2021,Not Rated,89,"['drama', 'romance']",['PH'],1.0,tt13136084,5.6,301.0,2,1,drama,PH
5746,tm918777,Geez & Ann,MOVIE,2021,Not Rated,105,"['romance', 'drama']",['ID'],1.0,tt11936782,5.0,285.0,2,1,romance,ID
5748,tm886193,Laabam,MOVIE,2021,Not Rated,144,"['drama', 'action']",['IN'],1.0,tt10300450,3.4,777.0,2,1,drama,IN
5749,tm987730,Tribhanga,MOVIE,2021,Not Rated,95,"['drama', 'family']",['IN'],1.0,tt11102314,6.2,2888.0,2,1,drama,IN
5752,tm1045883,Trippin’ with the Kandasamys,MOVIE,2021,Not Rated,93,"['romance', 'comedy']",['ZA'],1.0,tt14611368,5.0,366.0,2,1,romance,ZA
5753,tm1032950,The Last Kids on Earth: Happy Apocalypse to You,MOVIE,2021,G,91,"['comedy', 'fantasy']",['CA'],1.0,Unknown,6.5334469051675175,2279.0,2,1,comedy,CA
5755,tm1040959,The Circle: The Afterparty,MOVIE,2021,Not Rated,35,[],[],1.0,Unknown,6.5334469051675175,2279.0,0,0,Unknown,Unknown
5756,tm988613,Madam Chief Minister,MOVIE,2021,Not Rated,123,['drama'],['IN'],1.0,tt13773882,4.8,1744.0,1,1,drama,IN
5757,tm1110212,Little Big Mouth,MOVIE,2021,Not Rated,94,"['romance', 'comedy', 'music']",['ZA'],1.0,tt14537540,3.8,170.0,3,1,romance,ZA
5759,tm1122095,A Naija Christmas,MOVIE,2021,Not Rated,121,"['comedy', 'drama', 'romance']",['NG'],1.0,tt15565704,4.7,336.0,3,1,comedy,NG
5760,tm1038025,Slay,MOVIE,2021,Not Rated,93,['comedy'],['ZA'],1.0,tt14033300,3.3,101.0,1,1,comedy,ZA
5761,tm997617,Love or Money,MOVIE,2021,Not Rated,116,['comedy'],['PH'],1.0,Unknown,6.5334469051675175,2279.0,1,1,comedy,PH
5763,tm1036797,Sardar Ka Grandson,MOVIE,2021,Not Rated,139,"['romance', 'drama', 'comedy']",['IN'],1.0,tt11213600,4.3,4496.0,3,1,romance,IN
5764,tm1027177,Sarbath,MOVIE,2021,Not Rated,112,"['romance', 'comedy', 'drama']",['IN'],1.0,tt11143434,5.6,262.0,3,1,romance,IN
5766,tm1047429,Alan Saldaña: Locked Up,MOVIE,2021,Not Rated,49,['comedy'],[],1.0,Unknown,6.5334469051675175,2279.0,1,0,comedy,Unknown
5767,tm1082795,Lokillo: Nothing's the Same,MOVIE,2021,Not Rated,64,['comedy'],['CO'],1.0,tt14494898,4.6,51.0,1,1,comedy,CO
5769,tm1091284,Ankahi Kahaniya,MOVIE,2021,Not Rated,110,"['drama', 'romance']",['IN'],1.0,tt15257664,5.5,853.0,2,1,drama,IN
5771,tm998544,Here and There,MOVIE,2021,Not Rated,98,"['drama', 'romance']",['PH'],1.0,tt14766058,6.6,48.0,2,1,drama,PH
5772,tm1099342,Devdas Brothers,MOVIE,2021,Not Rated,99,['drama'],[],1.0,tt12478372,3.2,50.0,1,0,drama,Unknown
5773,tm982470,Stuck Apart,MOVIE,2021,R,96,"['comedy', 'drama']",['TR'],1.0,tt11213372,6.0,10418.0,2,1,comedy,TR
5774,tm898842,C/O Kaadhal,MOVIE,2021,Not Rated,134,['drama'],[],1.0,tt11803618,7.8,339.0,1,0,drama,Unknown
5775,tm1146635,Daiki Tsuneta: Tokyo Chaotic,MOVIE,2021,Not Rated,89,"['documentation', 'music']",['JP'],1.0,tt16781874,7.1,15.0,2,1,documentation,JP
5776,tm1091956,A Faraway Land,MOVIE,2021,Not Rated,101,['drama'],"['PH', 'FO']",1.0,tt15260940,4.9,133.0,1,2,drama,PH
5777,tm1094060,My Heroes Were Cowboys,MOVIE,2021,PG,23,['documentation'],['US'],1.0,tt15084326,6.5334469051675175,2279.0,1,1,documentation,US
5778,tm1046969,Myriam Fares: The Journey,MOVIE,2021,Not Rated,72,"['documentation', 'music']",['LB'],1.0,tt14773250,2.3,153.0,2,1,documentation,LB
5779,tm1063339,Lee Su-geun: The Sense Coach,MOVIE,2021,Not Rated,45,['comedy'],['KR'],1.0,tt14880280,4.1,38.0,1,1,comedy,KR
5780,tm1074617,Bling Empire - The Afterparty,MOVIE,2021,Not Rated,35,[],['US'],1.0,Unknown,6.5334469051675175,2279.0,0,1,Unknown,US
5781,tm1026043,Just in Time,MOVIE,2021,Not Rated,92,"['drama', 'comedy', 'family']",['KE'],1.0,tt14243986,7.0,43.0,3,1,drama,KE
5782,tm1080697,Binti,MOVIE,2021,Not Rated,99,['drama'],"['TZ', 'GB']",1.0,tt11867140,5.7,118.0,1,2,drama,TZ
5783,tm1035612,Dad Stop Embarrassing Me - The Afterparty,MOVIE,2021,PG-13,37,[],['US'],1.0,Unknown,6.5334469051675175,2279.0,0,1,Unknown,US
5784,tm993616,The Tambour of Retribution,MOVIE,2021,Not Rated,92,['drama'],['SA'],1.0,tt13657102,6.9,966.0,1,1,drama,SA
5786,tm851599,Tersanjung: The Movie,MOVIE,2021,Not Rated,114,"['drama', 'romance']",['ID'],1.0,tt11668994,5.8,205.0,2,1,drama,ID
5787,tm1040832,Mommy Issues,MOVIE,2021,Not Rated,89,['comedy'],['PH'],1.0,tt14880428,5.4,38.0,1,1,comedy,PH
5788,tm1025616,Loyiso Gola: Unlearning,MOVIE,2021,Not Rated,60,['comedy'],[],1.0,tt14111708,5.9,202.0,1,0,comedy,Unknown
5789,tm846586,Layla Majnun,MOVIE,2021,Not Rated,119,"['drama', 'romance']",['ID'],1.0,tt11313944,6.1,272.0,2,1,drama,ID
5790,tm1106888,Meeting Point,MOVIE,2021,Not Rated,90,['drama'],['TR'],1.0,tt15484242,4.2,423.0,1,1,drama,TR
5791,tm996479,Tuesdays And Fridays,MOVIE,2021,Not Rated,106,"['romance', 'comedy']","['IN', 'GB']",1.0,tt9176102,4.5,758.0,2,2,romance,IN
5792,tm1097142,My Bride,MOVIE,2021,Not Rated,93,"['comedy', 'drama', 'romance']",['EG'],1.0,tt14216488,4.9,281.0,3,1,comedy,EG
5795,tm878575,The Heartbreak Club,MOVIE,2021,Not Rated,101,"['comedy', 'drama', 'romance']",['ID'],1.0,tt11841144,6.2,188.0,3,1,comedy,ID
5797,tm985215,Princess 'Daya'Reese,MOVIE,2021,Not Rated,115,"['romance', 'comedy']",['PH'],1.0,tt13399802,7.2,45.0,2,1,romance,PH
5798,tm1004011,Time to Dance,MOVIE,2021,Not Rated,107,"['drama', 'romance']",['IN'],1.0,tt8622232,2.2,950.0,2,1,drama,IN
5800,tm1040816,Momshies! Your Soul is Mine,MOVIE,2021,Not Rated,108,['comedy'],['PH'],1.0,tt14412240,5.8,26.0,1,1,comedy,PH
5801,tm1014599,Fine Wine,MOVIE,2021,Not Rated,100,"['romance', 'drama']",['NG'],1.0,tt13857480,6.9,39.0,2,1,romance,NG
5802,tm1108171,Edis Starlight,MOVIE,2021,Not Rated,74,"['music', 'documentation']",[],1.0,Unknown,6.5334469051675175,2279.0,2,0,music,Unknown
5803,tm1045018,Clash,MOVIE,2021,Not Rated,88,"['family', 'drama']","['NG', 'CA']",1.0,tt14620732,6.5,32.0,2,2,family,NG
5804,tm1098060,Shadow Parties,MOVIE,2021,Not Rated,116,"['action', 'thriller']",[],1.0,tt10168094,6.2,9.0,2,0,action,Unknown
