Index,Id,Title,Type,Release_Year,Age_certification,Runtime,Genres,Production_countries,Seasons,Imdb_id,Imdb_score,Imdb_votes,Genre_Count,Country_Count,Main_Genre,Main_Country
0,ts300399,Five Came Back: The Reference Films,SHOW,1945,TV-MA,48,['documentation'],['US'],1.0,Unknown,6.5334469051675175,2279.0,1,1,documentation,US
5,ts22164,Monty Python's Flying Circus,SHOW,1969,TV-14,30,"['comedy', 'european']",['GB'],4.0,tt0063929,8.8,72895.0,2,1,comedy,GB
29,ts45948,Monty Python's Fliegender Zirkus,SHOW,1972,TV-MA,43,['comedy'],[],1.0,tt0202477,8.1,2144.0,1,0,comedy,Unknown
47,ts20681,Seinfeld,SHOW,1989,TV-PG,24,['comedy'],['US'],9.0,tt0098904,8.9,302700.0,1,1,comedy,US
55,ts22082,Knight Rider,SHOW,1982,TV-PG,51,"['action', 'scifi', 'crime', 'drama']",['US'],4.0,tt0083437,6.9,33760.0,4,1,action,US
57,ts21715,Thomas & Friends,SHOW,1984,TV-Y,10,"['family', 'comedy', 'music', 'action', 'animation', 'fantasy', 'drama']",['GB'],24.0,tt0086815,6.5,4948.0,7,1,family,GB
60,ts20678,Saved by the Bell,SHOW,1989,TV-G,23,"['comedy', 'romance', 'family']",['US'],5.0,tt0096694,7.1,34854.0,3,1,comedy,US
64,ts25028,Wheel of Fortune,SHOW,1983,TV-G,26,['family'],['US'],39.0,tt0072584,6.7,3126.0,1,1,family,US
65,ts23753,Major Dad,SHOW,1989,TV-PG,24,"['comedy', 'family']",['US'],4.0,tt0096643,6.4,2866.0,2,1,comedy,US
66,ts2760,Fireman Sam,SHOW,1987,TV-Y,10,"['comedy', 'animation', 'family', 'crime', 'european']",['GB'],13.0,tt0329829,6.1,1759.0,5,1,comedy,GB
67,ts987,Danger Mouse,SHOW,1981,TV-Y,15,"['comedy', 'family', 'scifi', 'animation', 'european']",['GB'],10.0,tt0081848,7.4,3514.0,5,1,comedy,GB
98,ts63001,High Risk,SHOW,1988,TV-PG,50,['comedy'],['US'],1.0,tt0094478,3.8,6.0,1,1,comedy,US
105,ts20981,Survivor,SHOW,2000,TV-PG,48,['reality'],['US'],42.0,tt0239195,7.4,24368.0,1,1,reality,US
106,ts22176,Stargate SG-1,SHOW,1997,TV-PG,44,"['scifi', 'drama', 'action']","['US', 'CA']",10.0,tt0118480,8.4,90196.0,3,2,scifi,US
107,ts21223,Pokémon,SHOW,1997,TV-Y7,22,"['scifi', 'action', 'comedy', 'fantasy', 'animation', 'family']",['JP'],24.0,tt0168366,7.6,172.0,6,1,scifi,JP
110,ts20339,One Piece,SHOW,1999,TV-14,23,"['action', 'comedy', 'animation', 'drama', 'fantasy']",['JP'],21.0,tt0388629,8.8,112586.0,5,1,action,JP
112,ts34435,Cowboy Bebop,SHOW,1998,TV-14,25,"['western', 'action', 'scifi', 'thriller', 'animation', 'comedy', 'drama']",['JP'],1.0,tt0213338,8.9,112887.0,7,1,western,JP
113,ts20927,Star Trek: Deep Space Nine,SHOW,1993,TV-PG,47,"['scifi', 'action', 'drama']",['US'],7.0,tt0106145,8.1,61145.0,3,1,scifi,US
114,ts5145,The Challenge,SHOW,1998,TV-14,40,"['reality', 'comedy', 'drama', 'scifi']",['US'],37.0,tt0176095,7.8,3274.0,4,1,reality,US
116,ts21567,Gilmore Girls,SHOW,2000,TV-14,46,"['comedy', 'drama']",['US'],8.0,tt0238784,8.2,119054.0,2,1,comedy,US
120,ts20983,Neon Genesis Evangelion,SHOW,1995,TV-14,24,"['scifi', 'action', 'drama', 'thriller', 'fantasy', 'animation']",['JP'],1.0,tt0112159,8.5,64727.0,6,1,scifi,JP
121,ts22193,The Magic School Bus,SHOW,1994,TV-Y,26,"['scifi', 'comedy', 'family', 'fantasy', 'animation']","['US', 'CA']",4.0,tt0108847,7.8,9708.0,5,2,scifi,US
123,ts20960,Power Rangers,SHOW,1993,TV-Y7,22,"['scifi', 'action', 'fantasy', 'family']",['US'],29.0,tt0106064,6.5,21949.0,4,1,scifi,US
125,ts11397,Adventures of Sonic the Hedgehog,SHOW,1993,TV-Y7,22,"['action', 'animation', 'scifi', 'western', 'fantasy', 'comedy', 'family']",['US'],4.0,tt0222518,6.2,3808.0,7,1,action,US
132,ts22489,Goosebumps,SHOW,1995,TV-PG,22,"['scifi', 'fantasy', 'horror', 'thriller', 'family', 'music']","['CA', 'US']",4.0,tt0111987,7.6,13361.0,6,2,scifi,CA
133,ts25252,Yu-Gi-Oh!,SHOW,1998,TV-Y,22,"['scifi', 'action', 'family', 'fantasy', 'animation', 'comedy', 'drama']",['JP'],7.0,tt4834194,7.2,20888.0,7,1,scifi,JP
134,ts21034,InuYasha,SHOW,2000,TV-14,25,"['action', 'comedy', 'scifi', 'animation', 'drama', 'fantasy', 'romance']",['JP'],9.0,tt0290223,7.9,15823.0,7,1,action,JP
142,ts251477,My First Errand,SHOW,1991,TV-G,19,['reality'],['JP'],12.0,Unknown,6.5334469051675175,2279.0,1,1,reality,JP
153,ts8570,Barney & Friends,SHOW,1992,TV-G,28,['family'],['US'],14.0,tt0144701,3.8,9955.0,1,1,family,US
168,ts20939,Moesha,SHOW,1996,TV-PG,21,"['drama', 'comedy', 'family']",['US'],6.0,tt0115275,5.7,3713.0,3,1,drama,US
169,ts21693,"Sister, Sister",SHOW,1994,TV-PG,22,"['comedy', 'drama', 'family']",['US'],6.0,tt0108927,6.2,12535.0,3,1,comedy,US
170,ts22286,Cardcaptor Sakura,SHOW,1998,TV-Y7,25,"['scifi', 'comedy', 'drama', 'family', 'fantasy', 'romance', 'animation', 'action']",['JP'],4.0,tt0221735,8.0,4936.0,8,1,scifi,JP
173,ts21581,Girlfriends,SHOW,2000,TV-PG,21,"['comedy', 'drama']",['US'],8.0,tt0247102,7.2,4482.0,2,1,comedy,US
177,ts20918,The Parkers,SHOW,1999,TV-PG,19,['comedy'],['US'],5.0,tt0200353,6.8,2346.0,1,1,comedy,US
182,ts18465,Dale's Supermarket Sweep,SHOW,1993,TV-G,21,[],['GB'],8.0,tt0962853,7.1,39.0,0,1,Unknown,GB
187,ts22080,Oggy and the Cockroaches,SHOW,1999,TV-Y7,9,"['comedy', 'family', 'action', 'animation', 'european']",['FR'],7.0,tt0213363,7.4,4185.0,5,1,comedy,FR
188,ts22039,H,SHOW,1998,TV-MA,25,['comedy'],['FR'],4.0,tt0173554,7.4,1703.0,1,1,comedy,FR
191,ts21684,Heartbreak High,SHOW,1994,TV-MA,47,"['drama', 'romance', 'comedy']",['AU'],7.0,tt0108800,7.8,3106.0,3,1,drama,AU
193,ts224786,Escalona,SHOW,1991,TV-MA,44,['drama'],['CO'],1.0,Unknown,6.5334469051675175,2279.0,1,1,drama,CO
205,ts28516,Okupas,SHOW,2000,TV-MA,40,"['crime', 'drama']",['AR'],1.0,tt0289649,9.0,2326.0,2,1,crime,AR
243,ts4,Breaking Bad,SHOW,2008,TV-MA,48,"['drama', 'thriller', 'crime']",['US'],5.0,tt0903747,9.5,1727694.0,3,1,drama,US
244,ts9,The Walking Dead,SHOW,2010,TV-MA,46,"['action', 'drama', 'scifi', 'thriller', 'horror']",['US'],11.0,tt1520211,8.2,945125.0,5,1,action,US
245,ts26091,The Staircase,SHOW,2004,TV-MA,49,"['crime', 'documentation', 'drama']",['FR'],2.0,tt0388644,7.8,21531.0,3,1,crime,FR
246,ts11,Downton Abbey,SHOW,2010,TV-14,58,"['drama', 'romance', 'european']",['GB'],6.0,tt1606375,8.7,197744.0,3,1,drama,GB
247,ts21469,Grey's Anatomy,SHOW,2005,TV-14,49,"['drama', 'romance']",['US'],18.0,tt0413573,7.6,293618.0,2,1,drama,US
248,ts288536,The Great British Baking Show,SHOW,2010,TV-PG,57,"['reality', 'european']",['GB'],12.0,tt1877368,8.6,9564.0,2,1,reality,GB
249,ts6495,Criminal Minds,SHOW,2005,TV-14,44,"['thriller', 'crime', 'drama']",['US'],15.0,tt0452046,8.1,189191.0,3,1,thriller,US
250,ts22337,NCIS,SHOW,2003,TV-14,44,"['action', 'drama', 'crime', 'thriller', 'comedy']",['US'],19.0,tt0364845,7.8,141049.0,5,1,action,US
251,ts8308,Community,SHOW,2009,TV-PG,23,['comedy'],['US'],6.0,tt1439629,8.5,252564.0,1,1,comedy,US
252,ts22011,Heartland,SHOW,2007,TV-PG,44,"['drama', 'family']",['CA'],15.0,tt1094229,8.4,15743.0,2,1,drama,CA
253,ts21465,Supernatural,SHOW,2005,TV-14,45,"['scifi', 'thriller', 'drama', 'fantasy', 'horror']",['US'],15.0,tt0460681,8.5,428639.0,5,1,scifi,US
256,ts17156,Arrested Development,SHOW,2003,TV-MA,28,['comedy'],['US'],5.0,tt0367279,8.7,297552.0,1,1,comedy,US
257,ts20573,The IT Crowd,SHOW,2006,TV-14,25,"['comedy', 'european']",['GB'],5.0,tt0487831,8.5,147409.0,2,1,comedy,GB
258,ts12724,30 Rock,SHOW,2006,TV-14,25,"['comedy', 'sport']",['US'],7.0,tt0496424,8.3,121514.0,2,1,comedy,US
259,ts3371,Avatar: The Last Airbender,SHOW,2005,TV-Y7,24,"['scifi', 'family', 'fantasy', 'animation', 'action']",['US'],3.0,tt0417299,9.3,297336.0,5,1,scifi,US
263,ts20604,Friday Night Lights,SHOW,2006,TV-14,43,"['drama', 'sport']",['US'],5.0,tt0758745,8.7,64449.0,2,1,drama,US
266,ts21511,My Little Pony: Friendship Is Magic,SHOW,2010,TV-Y7,22,"['scifi', 'animation', 'drama', 'fantasy', 'music', 'comedy', 'family']","['CA', 'US']",9.0,tt1751105,7.6,20708.0,7,2,scifi,CA
267,ts19036,The Fairly OddParents,SHOW,2001,TV-Y7,24,"['scifi', 'family', 'fantasy', 'animation', 'comedy']","['US', 'CA']",10.0,tt0235918,7.2,38046.0,5,2,scifi,US
269,ts32186,Sonic X,SHOW,2003,TV-Y7,21,"['action', 'drama', 'thriller', 'animation', 'comedy', 'fantasy', 'family', 'scifi']",['JP'],3.0,tt0367413,6.1,4577.0,8,1,action,JP
270,ts11313,DEATH NOTE,SHOW,2006,TV-14,24,"['scifi', 'animation', 'crime', 'drama', 'fantasy', 'thriller']",['JP'],1.0,tt0877057,9.0,302147.0,6,1,scifi,JP
272,ts21247,The Vampire Diaries,SHOW,2009,TV-14,42,"['scifi', 'drama', 'thriller', 'fantasy', 'horror', 'romance']",['US'],8.0,tt1405406,7.7,310776.0,6,1,scifi,US
278,ts20305,Naruto,SHOW,2002,TV-PG,23,"['scifi', 'comedy', 'animation', 'action', 'fantasy', 'thriller']",['JP'],6.0,tt0409591,8.4,93980.0,6,1,scifi,JP
284,ts2230,America's Next Top Model,SHOW,2003,TV-14,44,['reality'],['US'],24.0,tt0391576,5.6,17843.0,1,1,reality,US
288,ts17942,Chappelle's Show,SHOW,2003,TV-14,21,"['comedy', 'music']",['US'],3.0,tt0353049,8.8,62140.0,2,1,comedy,US
294,ts22267,Trailer Park Boys,SHOW,2001,TV-MA,25,"['comedy', 'crime']",['CA'],12.0,tt0290988,8.6,41791.0,2,1,comedy,CA
300,ts6644,Borgen,SHOW,2010,TV-MA,58,"['drama', 'european']",['DK'],4.0,tt1526318,8.5,23523.0,2,1,drama,DK
302,ts22018,iCarly,SHOW,2007,TV-G,26,"['comedy', 'family', 'romance']",['US'],6.0,tt0972534,6.7,38281.0,3,1,comedy,US
303,ts30311,Victorious,SHOW,2010,TV-G,25,"['comedy', 'drama', 'family', 'music', 'romance', 'sport']",['US'],4.0,tt1604099,6.9,24224.0,6,1,comedy,US
306,ts21197,Merlin,SHOW,2008,TV-PG,44,"['action', 'scifi', 'drama', 'fantasy', 'european']",['GB'],5.0,tt1199099,7.9,80138.0,5,1,action,GB
316,ts30313,Offspring,SHOW,2010,Not Rated,44,"['drama', 'comedy']",['AU'],7.0,tt1530541,8.3,4764.0,2,1,drama,AU
326,ts35155,Gurren Lagann,SHOW,2007,TV-14,24,"['scifi', 'action', 'comedy', 'drama', 'animation']",['JP'],1.0,tt0948103,8.3,17024.0,5,1,scifi,JP
331,ts12787,Code Geass: Lelouch of the Rebellion,SHOW,2006,TV-14,24,"['scifi', 'animation', 'action', 'drama', 'thriller', 'war']",['JP'],3.0,tt0994314,8.7,62367.0,6,1,scifi,JP
353,ts21544,Transformers: Prime,SHOW,2010,TV-Y7,22,"['action', 'comedy', 'drama', 'family', 'scifi', 'animation']",['US'],4.0,tt1659175,7.9,6500.0,6,1,action,US
358,ts31263,The Mole,SHOW,2001,TV-14,52,['reality'],"['US', 'BE']",5.0,tt0294149,7.6,1104.0,1,2,reality,US
366,ts687,The 4400,SHOW,2004,TV-14,44,"['scifi', 'thriller', 'drama']",['US'],4.0,tt0389564,7.3,44971.0,3,1,scifi,US
367,ts24028,Still Game,SHOW,2002,TV-14,29,"['comedy', 'european']",['GB'],9.0,tt0281491,8.9,7539.0,2,1,comedy,GB
369,ts23752,Midnight Diner,SHOW,2009,TV-MA,27,"['drama', 'comedy']",['JP'],5.0,tt1882928,8.6,2110.0,2,1,drama,JP
370,ts21706,H2O: Just Add Water,SHOW,2006,TV-PG,25,"['drama', 'scifi', 'fantasy', 'family']",['AU'],3.0,tt0491603,7.2,14782.0,4,1,drama,AU
371,ts21740,Black Butler,SHOW,2008,TV-MA,25,"['scifi', 'fantasy', 'animation', 'comedy', 'drama', 'thriller', 'crime', 'horror', 'action']",['JP'],3.0,tt1316554,8.3,1856.0,9,1,scifi,JP
372,ts30356,Octonauts,SHOW,2010,TV-Y,15,"['action', 'animation', 'comedy', 'family']",['GB'],6.0,tt1710177,7.6,1049.0,4,1,action,GB
374,ts31514,Strawberry Shortcake,SHOW,2003,TV-Y,23,"['animation', 'family']",['US'],4.0,tt7996132,7.0,13.0,2,1,animation,US
375,ts22005,Total Drama Island,SHOW,2007,TV-PG,23,"['action', 'reality', 'animation', 'family', 'comedy', 'drama']",['CA'],6.0,tt1173427,7.4,10523.0,6,1,action,CA
380,ts21688,Boys Over Flowers,SHOW,2009,TV-14,64,"['comedy', 'drama', 'romance']",['KR'],1.0,tt1370334,7.9,11579.0,3,1,comedy,KR
381,ts22318,Winx Club,SHOW,2004,TV-G,23,"['action', 'comedy', 'family', 'fantasy', 'animation', 'thriller', 'european']",['IT'],8.0,tt3233214,6.2,6700.0,7,1,action,IT
383,ts12815,Big Time Rush,SHOW,2009,TV-G,25,"['comedy', 'family']",['US'],4.0,tt1131746,6.3,12046.0,2,1,comedy,US
388,ts15986,Dead Set,SHOW,2008,TV-MA,141,"['scifi', 'thriller', 'comedy', 'drama', 'horror', 'european']",['GB'],1.0,tt1285482,7.6,19684.0,6,1,scifi,GB
389,ts26322,Toradora!,SHOW,2008,TV-14,30,"['animation', 'romance', 'comedy', 'drama']",['JP'],2.0,tt1279024,8.0,14307.0,4,1,animation,JP
391,ts98340,Metallica: Some Kind of Monster,SHOW,2004,TV-MA,84,['western'],"['US', 'CA']",1.0,tt6954486,6.5334469051675175,2279.0,1,2,western,US
394,ts33559,Shaun the Sheep,SHOW,2007,TV-G,7,"['animation', 'comedy', 'family', 'european']",['GB'],6.0,tt0983983,8.0,25.0,4,1,animation,GB
399,ts56549,Scare Tactics,SHOW,2003,TV-14,22,"['comedy', 'horror', 'reality', 'scifi', 'thriller']",['US'],5.0,tt0339968,6.7,2512.0,5,1,comedy,US
402,ts20398,Kath & Kim,SHOW,2002,Not Rated,24,['comedy'],['AU'],4.0,tt0272397,8.3,4168.0,1,1,comedy,AU
404,ts21421,Pocoyo,SHOW,2005,TV-G,11,"['animation', 'family', 'comedy', 'european']","['ES', 'GB']",4.0,tt0487849,3.9,93.0,4,2,animation,ES
408,ts20526,The Game,SHOW,2006,TV-14,22,"['comedy', 'drama', 'sport', 'romance']",['US'],10.0,tt10020984,6.6,4417.0,4,1,comedy,US
410,ts30083,Angel Beats!,SHOW,2010,TV-14,26,"['scifi', 'action', 'comedy', 'drama', 'fantasy', 'animation']",['JP'],1.0,tt1639109,7.7,13848.0,6,1,scifi,JP
413,ts23835,Masha and the Bear,SHOW,2009,TV-Y,6,"['comedy', 'family', 'action', 'animation']",['RU'],5.0,tt1884856,7.6,3114.0,4,1,comedy,RU
415,ts23808,Monty Python: Almost the Truth (The Lawyer's Cut),SHOW,2009,TV-MA,55,"['comedy', 'documentation']",['US'],1.0,tt1422182,8.1,1740.0,2,1,comedy,US
416,ts27459,The Legend of Bruce Lee,SHOW,2008,Not Rated,45,"['action', 'drama']",['CN'],1.0,tt1059455,7.0,1422.0,2,1,action,CN
417,ts20544,Ouran High School Host Club,SHOW,2006,TV-14,23,"['comedy', 'drama', 'animation', 'romance']",['JP'],1.0,tt0816397,8.2,9763.0,4,1,comedy,JP
419,ts40702,The Ultimatum,SHOW,2009,TV-14,44,['drama'],['SG'],1.0,tt1682704,5.4,6.0,1,1,drama,SG
420,ts30288,Mobile Suit Gundam Unicorn,SHOW,2010,TV-14,35,"['action', 'drama', 'scifi', 'war', 'animation']",['JP'],2.0,tt1630623,7.8,1291.0,5,1,action,JP
422,ts21967,Johnny Test,SHOW,2005,TV-Y7,18,"['comedy', 'drama', 'family', 'scifi', 'animation', 'action']","['CA', 'US']",6.0,tt15061770,5.1,8172.0,6,2,comedy,CA
423,ts12701,Code Lyoko,SHOW,2003,TV-G,24,"['action', 'fantasy', 'thriller', 'comedy', 'family', 'scifi', 'romance', 'animation']",['FR'],5.0,tt0417311,7.3,5109.0,8,1,action,FR
425,ts21695,Iris,SHOW,2009,TV-14,61,"['action', 'comedy', 'reality', 'romance', 'thriller']",['KR'],2.0,tt1399791,7.8,1951.0,5,1,action,KR
426,ts121176,DreamWorks Shrek's Swamp Stories,SHOW,2010,TV-PG,24,"['horror', 'music', 'animation', 'comedy', 'family', 'fantasy', 'scifi']",['US'],1.0,tt6950338,6.5,330.0,7,1,horror,US
427,ts1893,Ben & Holly's Little Kingdom,SHOW,2009,TV-G,14,"['comedy', 'family', 'fantasy', 'animation', 'european']",['GB'],3.0,tt1436544,7.5,1222.0,5,1,comedy,GB
428,ts20535,The Garfield Show,SHOW,2009,TV-G,17,"['animation', 'comedy', 'family', 'european']",['US'],5.0,tt1470837,5.3,2499.0,4,1,animation,US
430,ts38159,Wakfu,SHOW,2008,TV-Y7,22,"['action', 'drama', 'scifi', 'fantasy', 'animation', 'family', 'european']",['FR'],3.0,tt1807824,8.1,1469.0,7,1,action,FR
437,ts17028,Dinosaur King,SHOW,2007,Not Rated,21,"['action', 'scifi', 'family', 'western', 'animation']",['JP'],2.0,tt1524993,5.6,720.0,5,1,action,JP
439,ts25765,Vampire Knight,SHOW,2008,TV-14,25,"['scifi', 'romance', 'animation', 'action', 'drama', 'fantasy', 'horror']",['JP'],2.0,tt1209393,7.3,5172.0,7,1,scifi,JP
440,ts3666,Den-noh Coil,SHOW,2007,TV-Y7,25,"['scifi', 'animation', 'comedy', 'drama']",['JP'],1.0,tt1033796,7.9,863.0,4,1,scifi,JP
441,ts42914,Zig and Sharko,SHOW,2010,Not Rated,9,"['comedy', 'fantasy', 'romance', 'action', 'animation', 'family', 'european']",['FR'],3.0,tt2046005,6.8,644.0,7,1,comedy,FR
452,ts21664,One on One,SHOW,2001,TV-14,20,['comedy'],['US'],5.0,tt0284770,7.0,2303.0,1,1,comedy,US
455,ts1464,The Cartel,SHOW,2008,TV-MA,44,"['action', 'crime', 'drama', 'thriller', 'comedy']",['CO'],2.0,tt1260520,8.1,755.0,5,1,action,CO
459,ts72322,The Mafia Dolls,SHOW,2009,TV-14,43,"['drama', 'action']",['CO'],2.0,tt1585368,6.6,284.0,2,1,drama,CO
460,ts52849,Horrid Henry,SHOW,2006,Not Rated,12,"['comedy', 'family', 'fantasy', 'music', 'animation', 'european']",['GB'],5.0,tt0985991,6.3,912.0,6,1,comedy,GB
464,ts14102,Bo on the Go!,SHOW,2007,Not Rated,22,['animation'],['CA'],4.0,tt1516172,4.1,118.0,1,1,animation,CA
468,ts74928,Einsatzgruppen: The Nazi Death Squads,SHOW,2009,TV-14,44,"['documentation', 'history', 'war', 'european']",['FR'],1.0,tt6953928,7.6,603.0,4,1,documentation,FR
472,ts74931,Kung Fu Panda Awesome Secrets,SHOW,2008,Not Rated,0,"['action', 'comedy', 'family', 'animation']",['US'],1.0,tt6963796,7.2,55.0,4,1,action,US
478,ts98252,Dreamworks Happy Holidays from Madagascar,SHOW,2005,TV-PG,0,"['animation', 'comedy', 'family']",['US'],1.0,tt6929194,6.5,96.0,3,1,animation,US
480,ts20358,Half & Half,SHOW,2002,TV-14,21,['comedy'],['US'],4.0,tt0320024,7.0,1827.0,1,1,comedy,US
481,ts44053,The Qin Empire,SHOW,2009,TV-MA,46,['war'],['CN'],3.0,Unknown,6.5334469051675175,2279.0,1,1,war,CN
482,ts23319,Timmy Time,SHOW,2009,TV-Y,14,"['comedy', 'fantasy', 'animation', 'family', 'european']",['GB'],3.0,tt1125758,6.9,1083.0,5,1,comedy,GB
489,ts63295,Vientos de agua,SHOW,2006,TV-MA,72,['drama'],"['ES', 'AR']",1.0,tt0459724,8.7,1034.0,1,2,drama,ES
508,ts44663,Oscar's Oasis,SHOW,2010,TV-Y,9,"['animation', 'comedy', 'european']",['FR'],1.0,tt2080922,7.4,572.0,3,1,animation,FR
517,ts37200,Trotro,SHOW,2004,TV-G,3,"['animation', 'family', 'european']",['FR'],2.0,tt1074443,6.2,120.0,3,1,animation,FR
535,ts56589,Tayo the Little Bus,SHOW,2010,TV-Y,11,"['animation', 'comedy', 'family']",['KR'],6.0,tt3270208,5.2,156.0,3,1,animation,KR
536,ts1413,Autumn's Concerto,SHOW,2009,TV-14,58,"['drama', 'romance']",['TW'],1.0,tt3530668,7.9,475.0,2,1,drama,TW
538,ts98353,DreamWorks Spooky Stories,SHOW,2009,TV-PG,26,['animation'],['US'],1.0,tt6958564,6.2,19.0,1,1,animation,US
547,ts137477,Behind Enemy Lines,SHOW,2001,TV-14,49,['drama'],['US'],1.0,tt5170230,7.2,42.0,1,1,drama,US
549,ts4866,Fated to Love You,SHOW,2008,TV-G,67,"['drama', 'comedy', 'romance']",['TW'],1.0,tt1483930,7.4,461.0,3,1,drama,TW
551,ts34414,Nuevo Rico Nuevo Pobre,SHOW,2007,TV-MA,44,['comedy'],['CO'],1.0,tt1233451,7.2,203.0,1,1,comedy,CO
556,ts204466,Pecados capitales,SHOW,2002,TV-MA,43,"['comedy', 'drama', 'romance']",['CO'],1.0,tt0355119,8.5,190.0,3,1,comedy,CO
559,ts18653,Chhota Bheem,SHOW,2008,Not Rated,22,"['action', 'animation', 'comedy']",['IN'],12.0,tt4570986,4.1,822.0,3,1,action,IN
561,ts67595,Pedro El Escamoso,SHOW,2001,TV-14,0,"['drama', 'comedy']",['CO'],1.0,tt0283770,7.5,303.0,2,1,drama,CO
570,ts29199,Monty Python's Personal Best,SHOW,2006,TV-PG,56,['comedy'],"['US', 'GB']",1.0,tt0795156,7.9,437.0,1,2,comedy,US
587,ts178360,El cartel 2 - La guerra total,SHOW,2010,TV-MA,44,"['action', 'crime', 'horror', 'thriller', 'war']",['CO'],1.0,tt1667724,6.8,228.0,5,1,action,CO
603,ts82592,The Truth,SHOW,2008,TV-14,44,"['drama', 'thriller']",['SG'],1.0,tt9233832,6.5334469051675175,2279.0,2,1,drama,SG
612,ts98316,Edge of the Universe,SHOW,2002,TV-G,49,['documentation'],['GB'],1.0,tt6951568,7.2,206.0,1,1,documentation,GB
621,ts124246,Mighty Raju,SHOW,2010,Not Rated,20,"['animation', 'action']",['IN'],4.0,tt6491030,4.2,57.0,2,1,animation,IN
623,ts12444,The Fierce Wife,SHOW,2010,TV-MA,59,['drama'],['TW'],1.0,tt4304720,6.8,90.0,1,1,drama,TW
630,ts95855,Wedding Planner,SHOW,2002,TV-14,39,['drama'],[],1.0,tt7885290,6.5334469051675175,2279.0,1,0,drama,Unknown
652,ts39604,The Hospital,SHOW,2006,TV-14,48,['drama'],['TW'],1.0,tt2823414,7.4,40.0,1,1,drama,TW
656,ts160526,Khawatir,SHOW,2005,TV-14,20,['reality'],[],11.0,tt3062514,9.6,3046.0,1,0,reality,Unknown
657,ts19384,A Lion in the House,SHOW,2006,TV-14,225,['documentation'],['US'],1.0,Unknown,6.5334469051675175,2279.0,1,1,documentation,US
659,ts23353,Together,SHOW,2009,TV-14,45,"['drama', 'comedy']",['SG'],1.0,Unknown,6.5334469051675175,2279.0,2,1,drama,SG
662,ts23797,Black & White,SHOW,2009,TV-14,37,"['action', 'comedy', 'sport', 'crime']",['TW'],3.0,tt1508870,7.6,302.0,4,1,action,TW
670,ts70843,The Prince Who Turns into a Frog,SHOW,2005,TV-14,44,"['drama', 'romance', 'comedy']",['TW'],1.0,tt1454440,6.8,128.0,3,1,drama,TW
672,ts25707,The Little Nyonya,SHOW,2008,TV-14,44,['drama'],['SG'],1.0,Unknown,6.5334469051675175,2279.0,1,1,drama,SG
674,ts13411,Cocaine,SHOW,2005,TV-14,44,"['documentation', 'european']",['US'],1.0,tt0907286,7.1,60.0,2,1,documentation,US
675,ts8614,Breakout,SHOW,2010,TV-14,44,"['drama', 'action']",['SG'],1.0,tt7131684,6.7,7.0,2,1,drama,SG
681,ts4924,At Dolphin Bay,SHOW,2003,TV-14,59,"['drama', 'comedy', 'romance']",['TW'],1.0,tt8612066,6.9,39.0,3,1,drama,TW
683,ts126804,My MVP Valentine,SHOW,2002,TV-PG,69,['drama'],[],1.0,tt6286390,6.5,27.0,1,0,drama,Unknown
685,ts188031,Pink Zone,SHOW,2007,Not Rated,15,"['drama', 'romance', 'comedy']",['US'],1.0,tt11194518,6.1,47.0,3,1,drama,US
688,ts29581,Unriddle,SHOW,2010,TV-14,44,"['thriller', 'action', 'drama']",['SG'],2.0,tt12229764,8.0,25.0,3,1,thriller,SG
693,ts82583,The Family Court,SHOW,2010,TV-MA,45,['drama'],['SG'],1.0,tt9184102,6.5334469051675175,2279.0,1,1,drama,SG
694,ts56595,Cocomong,SHOW,2008,TV-Y,13,['animation'],[],4.0,tt9892608,5.6,11.0,1,0,animation,Unknown
696,ts86241,Le Robe De Mariage Des Cieux,SHOW,2004,TV-MA,63,[],[],1.0,Unknown,6.5334469051675175,2279.0,0,0,Unknown,Unknown
700,ts8175,Call the Midwife,SHOW,2012,TV-PG,56,"['drama', 'history', 'european']",['GB'],11.0,tt1983079,8.5,25562.0,3,1,drama,GB
703,ts20564,New Girl,SHOW,2011,TV-14,21,"['comedy', 'romance']",['US'],7.0,tt1826940,7.7,216209.0,2,1,comedy,US
704,ts278,Black Mirror,SHOW,2011,TV-MA,59,"['scifi', 'thriller', 'drama', 'european']",['GB'],5.0,tt2085059,8.8,515577.0,4,1,scifi,GB
707,ts21580,Longmire,SHOW,2012,TV-14,53,"['western', 'action', 'crime', 'drama']",['US'],6.0,tt1836037,8.3,34362.0,4,1,western,US
709,ts20660,Shameless,SHOW,2011,TV-MA,54,"['drama', 'comedy']",['US'],11.0,tt1586680,8.6,230243.0,2,1,drama,US
710,ts21806,Happy Endings,SHOW,2011,TV-14,21,"['comedy', 'romance']",['US'],3.0,tt2311579,7.8,37778.0,2,1,comedy,US
712,ts27680,Last Tango in Halifax,SHOW,2012,TV-14,59,"['comedy', 'drama', 'romance', 'european']",['GB'],5.0,tt2216156,8.3,6844.0,4,1,comedy,GB
714,ts21599,Ink Master,SHOW,2012,TV-14,42,['reality'],['US'],13.0,tt1865740,7.4,3874.0,1,1,reality,US
715,ts33338,Top Boy,SHOW,2011,TV-MA,48,"['drama', 'thriller', 'crime', 'european']",['GB'],2.0,tt1830379,8.4,22420.0,4,1,drama,GB
717,ts32835,Hunter x Hunter,SHOW,2011,TV-14,23,"['drama', 'action', 'comedy', 'crime', 'animation', 'documentation', 'family', 'fantasy']",['JP'],3.0,tt2098220,9.0,87857.0,8,1,drama,JP
719,ts17598,Arrow,SHOW,2012,TV-14,42,"['action', 'crime', 'drama', 'scifi']",['US'],8.0,tt2193021,7.5,425716.0,4,1,action,US
728,ts20457,The Legend of Korra,SHOW,2012,TV-Y7,23,"['action', 'scifi', 'comedy', 'drama', 'family', 'fantasy', 'animation']",['US'],4.0,tt1695360,8.4,117464.0,7,1,action,US
729,ts20429,Sword Art Online,SHOW,2012,TV-MA,23,"['scifi', 'action', 'animation', 'drama', 'western', 'comedy', 'fantasy', 'romance', 'thriller']",['JP'],4.0,tt2250192,7.6,43727.0,9,1,scifi,JP
732,ts6506,The Borgias,SHOW,2011,TV-MA,51,"['drama', 'history', 'romance', 'crime']","['CA', 'HU', 'US']",3.0,tt1582457,7.9,50556.0,4,3,drama,CA
733,ts20458,Ninjago: Masters of Spinjitzu,SHOW,2012,TV-Y7,17,"['scifi', 'comedy', 'family', 'fantasy', 'animation', 'action', 'european']","['DK', 'US']",15.0,tt1871731,7.2,4519.0,7,2,scifi,DK
735,ts34087,Puella Magi Madoka Magica,SHOW,2011,TV-14,24,"['scifi', 'thriller', 'animation', 'drama', 'fantasy']",['JP'],1.0,tt1773185,8.3,9055.0,5,1,scifi,JP
739,ts27468,Transformers: Rescue Bots,SHOW,2012,TV-Y7,22,"['action', 'scifi', 'comedy', 'family', 'animation']",['US'],4.0,tt2139371,6.4,915.0,5,1,action,US
743,ts20556,Teen Mom 2,SHOW,2011,TV-14,41,"['reality', 'romance', 'documentation', 'comedy']",['US'],11.0,tt1821220,4.5,28.0,4,1,reality,US
745,ts9794,Comedians in Cars Getting Coffee,SHOW,2012,TV-14,20,"['comedy', 'family', 'animation']",['US'],11.0,tt2314952,8.0,12363.0,3,1,comedy,US
746,ts20500,Lilyhammer,SHOW,2012,TV-MA,45,"['crime', 'comedy', 'drama']",['NO'],3.0,tt1958961,7.9,29196.0,3,1,crime,NO
749,ts34151,TIGER & BUNNY,SHOW,2011,TV-14,26,"['scifi', 'action', 'animation', 'comedy', 'crime']",['JP'],2.0,tt2061527,7.3,998.0,5,1,scifi,JP
751,ts11151,Fate/Zero,SHOW,2011,TV-MA,25,"['scifi', 'action', 'animation', 'drama', 'fantasy', 'thriller']",['JP'],2.0,tt2051178,8.2,12568.0,6,1,scifi,JP
753,ts9246,Blue Exorcist,SHOW,2011,TV-14,24,"['scifi', 'horror', 'family', 'animation', 'action', 'drama', 'fantasy']",['JP'],2.0,tt1799631,7.5,12741.0,7,1,scifi,JP
754,ts20648,X-Men,SHOW,2011,TV-14,23,['scifi'],['JP'],1.0,Unknown,6.5334469051675175,2279.0,1,1,scifi,JP
755,ts19779,Barbie: Life in the Dreamhouse,SHOW,2012,TV-Y,6,"['animation', 'comedy', 'family']",['US'],7.0,tt2644032,7.3,1806.0,3,1,animation,US
758,ts7708,anohana: The Flower We Saw That Day,SHOW,2011,TV-PG,23,"['drama', 'fantasy', 'romance', 'animation']",['JP'],1.0,tt1913273,8.2,12682.0,4,1,drama,JP
759,ts27586,Magi,SHOW,2012,TV-14,24,"['scifi', 'action', 'comedy', 'animation', 'fantasy']",['JP'],3.0,tt2425098,7.8,3899.0,5,1,scifi,JP
760,ts18551,Cuckoo,SHOW,2012,TV-14,27,"['comedy', 'drama', 'european']",['GB'],5.0,tt2329333,5.9,20.0,3,1,comedy,GB
761,ts76614,Thermae Romae,SHOW,2012,Not Rated,27,['animation'],['JP'],6.0,tt2230761,6.1,108.0,1,1,animation,JP
763,ts34740,My Babysitter's a Vampire,SHOW,2011,TV-PG,22,"['scifi', 'fantasy', 'horror', 'action', 'comedy']","['US', 'CA']",2.0,tt1727434,6.9,4367.0,5,2,scifi,US
764,ts22249,Kuroko's Basketball,SHOW,2012,TV-14,24,"['animation', 'comedy', 'sport']",['JP'],3.0,tt2348803,8.3,8052.0,3,1,animation,JP
769,ts36647,Rita,SHOW,2012,TV-MA,40,"['comedy', 'drama', 'european']",['DK'],5.0,tt1973692,8.1,8718.0,3,1,comedy,DK
771,ts34921,Wolverine,SHOW,2011,TV-14,24,"['action', 'scifi', 'animation']",['JP'],1.0,tt1847521,6.2,1458.0,3,1,action,JP
773,ts35426,LEGO City,SHOW,2011,TV-G,4,"['animation', 'european']",['GB'],3.0,tt7530250,5.0,37.0,2,1,animation,GB
775,ts27835,MeatEater,SHOW,2012,TV-14,22,['documentation'],['US'],10.0,tt2169245,7.5,1462.0,1,1,documentation,US
778,ts45996,Outback Truckers,SHOW,2012,TV-14,44,"['reality', 'documentation']",['AU'],9.0,tt5632186,7.4,264.0,2,1,reality,AU
779,ts55532,LEGO Friends,SHOW,2012,TV-Y,16,"['animation', 'european']",['US'],5.0,tt9148446,7.6,16.0,2,1,animation,US
782,ts34737,La Reina del Sur,SHOW,2011,TV-MA,42,"['drama', 'action', 'crime', 'thriller']",['MX'],2.0,tt1704637,8.0,2445.0,4,1,drama,MX
783,ts21081,Pablo Escobar: The Drug Lord,SHOW,2012,TV-14,44,"['crime', 'drama', 'history', 'thriller']",['CO'],1.0,tt2187850,8.4,4923.0,4,1,crime,CO
799,ts81858,Larva,SHOW,2011,TV-G,2,"['comedy', 'family', 'animation', 'drama', 'horror', 'thriller']",['KR'],5.0,tt6966158,7.1,582.0,6,1,comedy,KR
801,ts158608,The Ultimate Braai Master,SHOW,2012,TV-PG,45,['reality'],['ZA'],4.0,tt3264864,8.2,31.0,1,1,reality,ZA
802,ts215037,Minecraft: Story Mode,SHOW,2011,TV-PG,62,[],['US'],1.0,tt10498322,5.5,300.0,0,1,Unknown,US
804,ts39093,EastSiders,SHOW,2012,TV-MA,22,"['drama', 'comedy']",['US'],4.0,tt2558816,6.8,2723.0,2,1,drama,US
805,ts26776,Smile PreCure!,SHOW,2012,TV-Y7,22,"['comedy', 'action', 'scifi', 'family', 'fantasy', 'animation']",['JP'],2.0,tt2230557,6.1,388.0,6,1,comedy,JP
808,ts33349,Robocar Poli,SHOW,2011,TV-Y,14,"['family', 'fantasy', 'animation', 'comedy']",['KR'],4.0,tt4763642,5.8,125.0,4,1,family,KR
814,ts191698,Little Baby Bum,SHOW,2011,TV-Y,5,"['animation', 'family', 'music']",['GB'],4.0,tt10051854,6.4,94.0,3,1,animation,GB
819,ts19165,The American Bible Challenge,SHOW,2012,TV-G,43,['family'],['US'],3.0,tt2246424,6.4,125.0,1,1,family,US
821,ts58528,Inside West Coast Customs,SHOW,2011,TV-PG,47,['reality'],['US'],8.0,tt8358972,7.4,42.0,1,1,reality,US
830,ts27875,Masha's tales,SHOW,2012,TV-Y,5,"['animation', 'family']",['RU'],2.0,tt3840498,6.4,89.0,2,1,animation,RU
831,ts6879,El Reemplazante,SHOW,2012,TV-MA,45,['drama'],['CL'],2.0,tt2488050,8.5,755.0,1,1,drama,CL
839,ts39112,Justin Time,SHOW,2011,TV-Y,15,"['action', 'animation', 'family', 'comedy']",['CA'],3.0,tt1759210,6.0,16.0,4,1,action,CA
840,ts60663,The In-Laws,SHOW,2011,TV-14,44,"['family', 'drama']",['SG'],1.0,tt12199688,6.5334469051675175,2279.0,2,1,family,SG
857,ts167724,Meet the Adebanjos,SHOW,2012,TV-PG,25,['comedy'],['GB'],3.0,tt2344781,7.6,76.0,1,1,comedy,GB
868,ts41114,The Oath,SHOW,2011,TV-14,44,['drama'],['SG'],1.0,tt7131686,7.9,9.0,1,1,drama,SG
880,ts32460,Inborn Pair,SHOW,2011,TV-14,43,"['drama', 'comedy']",['TW'],1.0,tt6357282,7.1,108.0,2,1,drama,TW
884,ts32561,Office Girls,SHOW,2011,TV-14,46,"['drama', 'comedy', 'romance']",['TW'],1.0,tt4381290,6.9,140.0,3,1,drama,TW
892,ts69208,"Love, Now",SHOW,2012,TV-Y,45,"['drama', 'comedy']",['TW'],1.0,tt6273116,7.6,116.0,2,1,drama,TW
896,ts99814,Masameer,SHOW,2011,TV-MA,0,"['comedy', 'animation']",['SA'],1.0,tt6298258,8.2,677.0,2,1,comedy,SA
900,ts44064,Drunken to Love You,SHOW,2011,TV-14,46,"['comedy', 'drama', 'romance']",['TW'],1.0,tt2661520,6.5,114.0,3,1,comedy,TW
902,ts128422,Takki,SHOW,2012,Not Rated,17,['drama'],['SA'],3.0,tt6052432,6.5,250.0,1,1,drama,SA
909,ts39465,Yours Fatefully,SHOW,2012,TV-14,44,"['drama', 'comedy', 'romance']",['SG'],1.0,tt7131690,6.8,14.0,3,1,drama,SG
913,ts37864,The Glamorous Imperial Concubine,SHOW,2011,TV-PG,47,"['drama', 'romance', 'history']",['CN'],1.0,tt2272555,7.0,142.0,3,1,drama,CN
915,ts20837,Outlander,SHOW,2014,TV-MA,60,"['scifi', 'drama', 'fantasy', 'romance']",['US'],6.0,tt3006802,8.4,152435.0,4,1,scifi,US
916,ts20110,Peaky Blinders,SHOW,2013,TV-MA,58,"['drama', 'crime', 'european']",['GB'],6.0,tt2442560,8.8,485506.0,3,1,drama,GB
917,ts20682,Attack on Titan,SHOW,2013,TV-MA,24,"['scifi', 'action', 'drama', 'fantasy', 'horror', 'animation']",['JP'],4.0,tt2560140,9.0,325381.0,6,1,scifi,JP
918,ts1639,The Blacklist,SHOW,2013,TV-14,43,"['drama', 'crime', 'thriller']",['US'],9.0,tt2741602,8.0,238138.0,3,1,drama,US
919,ts20351,Married at First Sight,SHOW,2014,TV-PG,64,"['reality', 'european']",['US'],14.0,tt3868860,6.1,1975.0,2,1,reality,US
921,ts11188,The Flash,SHOW,2014,TV-14,42,"['scifi', 'drama', 'action']",['US'],8.0,tt3107288,7.6,336888.0,3,1,scifi,US
923,ts20292,Gotham,SHOW,2014,TV-14,43,"['scifi', 'action', 'crime', 'drama', 'thriller']",['US'],5.0,tt3749900,7.8,226081.0,5,1,scifi,US
924,ts16045,Are You The One?,SHOW,2014,TV-14,41,['reality'],['US'],8.0,tt3484274,6.5,2450.0,1,1,reality,US
929,ts8146,The 100,SHOW,2014,TV-14,42,"['drama', 'action', 'scifi']",['US'],7.0,tt2661044,7.6,242221.0,3,1,drama,US
931,ts21374,How to Get Away with Murder,SHOW,2014,TV-14,43,"['drama', 'thriller', 'crime']",['US'],6.0,tt3205802,8.1,146712.0,3,1,drama,US
934,ts20248,Reign,SHOW,2013,TV-14,42,"['drama', 'fantasy']",['US'],4.0,tt2710394,7.5,47751.0,2,1,drama,US
939,ts14583,BoJack Horseman,SHOW,2014,TV-MA,26,"['drama', 'comedy', 'animation']",['US'],6.0,tt3398228,8.8,143584.0,3,1,drama,US
940,ts6,House of Cards,SHOW,2013,TV-MA,52,['drama'],['US'],6.0,tt1856010,8.7,494092.0,1,1,drama,US
941,ts20108,Henry Danger,SHOW,2014,TV-G,24,"['scifi', 'action', 'comedy', 'family']",['US'],5.0,tt3596174,5.6,5245.0,4,1,scifi,US
945,ts20823,Orange Is the New Black,SHOW,2013,TV-MA,59,"['drama', 'comedy', 'crime']",['US'],7.0,tt2372162,8.1,295591.0,3,1,drama,US
946,ts20824,The Originals,SHOW,2013,TV-14,43,"['scifi', 'drama', 'fantasy', 'horror']",['US'],5.0,tt2632424,8.3,131574.0,4,1,scifi,US
947,ts21367,Jane the Virgin,SHOW,2014,TV-14,42,"['drama', 'comedy']",['US'],5.0,tt3566726,7.8,46286.0,2,1,drama,US
950,ts20280,Marco Polo,SHOW,2014,TV-MA,55,"['action', 'drama', 'history', 'documentation']",['US'],2.0,tt2189461,8.0,71229.0,4,1,action,US
951,ts35682,Wentworth,SHOW,2013,TV-MA,46,"['drama', 'crime', 'thriller']",['AU'],9.0,tt2433738,8.6,21747.0,3,1,drama,AU
952,ts20261,Madam Secretary,SHOW,2014,TV-14,43,"['war', 'thriller', 'drama']",['US'],6.0,tt3501074,7.6,22563.0,3,1,war,US
955,ts34950,KILL la KILL,SHOW,2013,TV-MA,25,"['action', 'scifi', 'fantasy', 'animation', 'comedy', 'drama']",['JP'],1.0,tt3114390,7.9,13372.0,6,1,action,JP
957,ts20791,Z Nation,SHOW,2014,TV-14,43,"['action', 'drama', 'scifi', 'comedy', 'horror', 'romance']",['US'],5.0,tt3843168,6.6,36059.0,6,1,action,US
958,ts20288,From Dusk Till Dawn: The Series,SHOW,2014,TV-14,45,"['scifi', 'crime', 'fantasy', 'horror', 'action']",['US'],3.0,tt3337194,6.9,20132.0,5,1,scifi,US
960,ts2727,Derek,SHOW,2013,TV-MA,26,"['drama', 'comedy', 'european']",['GB'],3.0,tt2616280,8.1,31976.0,3,1,drama,GB
963,ts32218,The Thundermans,SHOW,2013,TV-G,24,"['action', 'scifi', 'family', 'comedy', 'drama']",['US'],4.0,tt2712516,5.6,5340.0,5,1,action,US
964,ts20097,Hemlock Grove,SHOW,2013,TV-MA,49,"['thriller', 'drama', 'fantasy', 'horror', 'scifi']",['US'],3.0,tt2309295,7.0,39590.0,5,1,thriller,US
966,ts314002,The Seven Deadly Sins,SHOW,2014,TV-14,24,"['action', 'scifi', 'comedy', 'fantasy', 'animation']",['JP'],5.0,tt3909224,7.9,30341.0,5,1,action,JP
967,ts20281,Sofia the First,SHOW,2013,TV-Y,24,"['family', 'fantasy', 'animation']",['US'],4.0,tt2136138,6.8,2915.0,3,1,family,US
968,ts20014,Sailor Moon Crystal,SHOW,2014,TV-14,24,"['scifi', 'animation', 'action', 'comedy', 'drama', 'fantasy', 'romance', 'family']",['JP'],4.0,tt3124992,7.8,2115.0,8,1,scifi,JP
970,ts35570,Lovesick,SHOW,2014,TV-MA,24,"['comedy', 'european']",['GB'],3.0,tt4051832,8.1,19259.0,2,1,comedy,GB
971,ts32271,Shtisel,SHOW,2013,TV-14,48,['drama'],['IL'],3.0,tt3069894,8.6,6958.0,1,1,drama,IL
972,ts4213,The Chase,SHOW,2013,TV-PG,44,['reality'],['US'],5.0,tt3077336,7.5,886.0,1,1,reality,US
977,ts20917,The Night Shift,SHOW,2014,TV-14,42,"['drama', 'romance', 'fantasy', 'horror', 'action', 'animation', 'comedy']",['US'],4.0,tt1483202,7.5,12069.0,7,1,drama,US
978,ts35282,The Next Step,SHOW,2013,TV-G,24,"['drama', 'romance', 'family']",['CA'],7.0,tt2374744,5.9,1928.0,3,1,drama,CA
983,ts20336,Velvet,SHOW,2014,TV-14,57,"['drama', 'romance', 'thriller', 'action', 'crime', 'european']",['ES'],4.0,tt2955402,8.1,6018.0,6,1,drama,ES
984,ts36836,Zach Stone Is Gonna Be Famous,SHOW,2013,TV-PG,20,['comedy'],['US'],1.0,tt1748277,8.3,3616.0,1,1,comedy,US
986,ts22426,The Irregular at Magic High School,SHOW,2014,TV-14,24,"['scifi', 'romance', 'animation', 'action', 'drama', 'fantasy']",['JP'],2.0,tt3874528,7.1,3273.0,6,1,scifi,JP
988,ts42168,Resurrection: Ertugrul,SHOW,2014,TV-14,57,"['war', 'action', 'drama', 'history']",['TR'],5.0,tt4320258,7.9,35515.0,4,1,war,TR
989,ts98110,Dreamworks How to Train Your Dragon Legends,SHOW,2013,Not Rated,17,['animation'],['US'],1.0,tt6963396,7.3,264.0,1,1,animation,US
992,ts22383,Rabbids Invasion,SHOW,2013,TV-Y7,10,"['comedy', 'animation', 'family', 'european']","['FR', 'US']",4.0,tt3105674,5.5,1802.0,4,2,comedy,FR
994,ts11794,The Cat in the Hat Knows a Lot About That!,SHOW,2013,TV-Y,19,"['animation', 'fantasy', 'scifi', 'comedy', 'family']","['US', 'GB', 'CA']",3.0,tt1699440,6.4,620.0,5,3,animation,US
996,ts20310,Girlfriends' Guide to Divorce,SHOW,2014,TV-14,42,"['comedy', 'drama']",['US'],5.0,tt2817246,6.9,4523.0,2,1,comedy,US
999,ts35244,Tiny House Nation,SHOW,2014,TV-PG,43,['reality'],['US'],5.0,tt3869500,7.1,1126.0,1,1,reality,US
1001,ts82979,Talking Tom and Friends,SHOW,2014,TV-G,11,"['comedy', 'drama', 'family', 'action', 'animation', 'fantasy', 'european']",['US'],5.0,tt4648640,6.1,411.0,7,1,comedy,US
1004,ts10206,Ever After High,SHOW,2013,TV-Y7,30,"['action', 'comedy', 'drama', 'family', 'fantasy', 'music', 'romance', 'animation']",['CA'],5.0,tt3312378,7.7,1130.0,8,1,action,CA
1005,ts20709,Yowamushi Pedal,SHOW,2013,TV-14,24,"['comedy', 'drama', 'sport', 'animation']",['JP'],4.0,tt2942228,7.7,808.0,4,1,comedy,JP
1006,ts32060,Sam & Cat,SHOW,2013,TV-G,24,"['drama', 'family', 'comedy']",['US'],1.0,tt2487090,5.6,9507.0,3,1,drama,US
1016,ts22445,The Heirs,SHOW,2013,Not Rated,59,"['drama', 'comedy', 'romance']",['KR'],1.0,tt3243098,7.5,10329.0,3,1,drama,KR
1018,ts20790,Young & Hungry,SHOW,2014,TV-14,21,"['comedy', 'drama', 'romance']",['US'],5.0,tt2084712,7.3,15627.0,3,1,comedy,US
1021,ts20883,"Nicky, Ricky, Dicky & Dawn",SHOW,2014,TV-G,23,"['comedy', 'family']",['US'],4.0,tt3596176,5.1,2551.0,2,1,comedy,US
1024,ts33590,The Haunted Hathaways,SHOW,2013,TV-G,24,"['comedy', 'family', 'fantasy']",['US'],2.0,tt2535732,5.0,2471.0,3,1,comedy,US
1026,ts21368,Black Money Love,SHOW,2014,TV-MA,90,"['action', 'drama', 'romance', 'crime']",['TR'],2.0,tt3565486,7.4,5975.0,4,1,action,TR
1027,ts2161,Angry Birds Toons,SHOW,2013,TV-Y,2,"['comedy', 'family', 'fantasy', 'animation', 'action', 'european']",['FI'],4.0,tt3012598,6.2,800.0,6,1,comedy,FI
1036,ts34066,Mako Mermaids: An H2O Adventure,SHOW,2013,TV-G,25,"['scifi', 'action', 'comedy', 'drama', 'family', 'fantasy', 'romance']",['AU'],4.0,tt2548214,6.7,3924.0,7,1,scifi,AU
1045,ts53641,Lalaloopsy,SHOW,2013,TV-Y,23,['animation'],['US'],3.0,tt2827502,6.4,104.0,1,1,animation,US
1046,ts37187,Senora Acero,SHOW,2014,TV-MA,43,"['crime', 'drama', 'romance']",['US'],5.0,tt3904068,6.8,375.0,3,1,crime,US
1048,ts58137,Pac-Man and the Ghostly Adventures,SHOW,2013,TV-Y7,22,"['action', 'animation', 'comedy', 'drama', 'family', 'fantasy', 'scifi']","['US', 'CA', 'JP']",3.0,tt2392179,4.8,635.0,7,3,action,US
1049,ts75104,Zbrodnia,SHOW,2014,TV-MA,45,"['crime', 'action']",['PL'],2.0,tt4173216,6.2,660.0,2,1,crime,PL
1051,ts521,Black Ink Crew New York,SHOW,2013,TV-14,41,['reality'],['US'],9.0,tt2738096,4.6,459.0,1,1,reality,US
1052,ts33840,Nagi-Asu: A Lull in the Sea,SHOW,2013,TV-14,23,"['scifi', 'animation', 'drama', 'fantasy', 'romance']",['JP'],2.0,tt3104236,7.3,1152.0,5,1,scifi,JP
1055,ts88394,Moving Art,SHOW,2014,Not Rated,28,"['documentation', 'family']",['US'],3.0,tt6953912,8.6,442.0,2,1,documentation,US
1056,ts58010,VeggieTales in the House,SHOW,2014,TV-G,18,"['comedy', 'family', 'music', 'animation']",['US'],4.0,tt3692064,4.3,300.0,4,1,comedy,US
1061,ts83239,Booba,SHOW,2014,Not Rated,4,"['comedy', 'family', 'animation']",['RU'],4.0,tt6581428,7.0,390.0,3,1,comedy,RU
1062,ts16117,20 Minutes,SHOW,2013,TV-MA,45,"['action', 'drama', 'romance']",['TR'],1.0,tt2544148,7.3,1681.0,3,1,action,TR
1066,ts154625,Dérapages,SHOW,2014,Not Rated,53,"['drama', 'thriller']",['FR'],2.0,tt12101170,7.9,14.0,2,1,drama,FR
1067,ts76743,Dokidoki! PreCure,SHOW,2013,TV-G,23,"['action', 'animation', 'comedy', 'drama', 'fantasy', 'family']",['JP'],2.0,tt4621212,6.3,188.0,6,1,action,JP
1070,ts57744,Miniforce,SHOW,2014,TV-Y7,13,['animation'],['KR'],8.0,Unknown,6.5334469051675175,2279.0,1,1,animation,KR
1075,ts75833,Masha's Spooky Stories,SHOW,2014,TV-Y,5,"['animation', 'family']",['RU'],1.0,tt4570676,6.1,65.0,2,1,animation,RU
1077,ts3799,All Hail King Julien,SHOW,2014,TV-Y7,23,"['action', 'comedy', 'family', 'fantasy', 'animation']",['US'],5.0,tt3807022,7.0,2008.0,5,1,action,US
1078,ts35628,Some Assembly Required,SHOW,2014,TV-G,25,"['comedy', 'documentation', 'reality']",['CA'],4.0,tt1160042,8.5,22.0,3,1,comedy,CA
1079,ts20781,Incomplete Life,SHOW,2014,TV-14,73,"['drama', 'comedy']",['KR'],1.0,tt4240730,8.6,1883.0,2,1,drama,KR
1099,ts121189,"Raja, Rasoi Aur Anya Kahaniyaan",SHOW,2014,Not Rated,29,"['history', 'documentation']",['IN'],3.0,tt6953924,9.0,327.0,2,1,history,IN
1101,ts34074,"That Winter, the Wind Blows",SHOW,2013,TV-MA,63,['drama'],['KR'],1.0,tt2806646,7.6,1803.0,1,1,drama,KR
1105,ts122290,Dharmakshetra,SHOW,2014,TV-14,44,['drama'],['IN'],1.0,tt6803712,8.2,247.0,1,1,drama,IN
1121,ts82860,Against the Tide,SHOW,2014,TV-14,44,['drama'],['SG'],1.0,tt7131682,7.6,11.0,1,1,drama,SG
1128,ts36127,Turbo FAST,SHOW,2013,TV-PG,19,"['animation', 'family', 'comedy', 'sport', 'scifi', 'action']",['US'],3.0,tt3010520,6.5,593.0,6,1,animation,US
1134,ts67797,Sammy & Co,SHOW,2014,TV-PG,14,"['animation', 'european']",['US'],2.0,tt2580128,5.6,30.0,2,1,animation,US
1182,ts20238,Boss & Me,SHOW,2014,TV-PG,45,"['comedy', 'romance']",['CN'],1.0,tt6186406,7.3,424.0,2,1,comedy,CN
1196,ts271005,幸福料理,SHOW,2014,TV-14,44,[],[],1.0,Unknown,6.5334469051675175,2279.0,0,0,Unknown,Unknown
1197,ts32752,Two Fathers,SHOW,2013,TV-14,44,"['comedy', 'drama']",['TW'],1.0,tt6707142,8.0,54.0,2,1,comedy,TW
1200,ts144527,World at Your Feet,SHOW,2014,TV-14,44,['drama'],['SG'],1.0,tt4544590,6.5334469051675175,2279.0,1,1,drama,SG
1204,ts107543,Mystic Whispers,SHOW,2014,TV-14,26,"['comedy', 'romance']",['SG'],1.0,tt8834748,6.9,17.0,2,1,comedy,SG
1213,ts261583,Ojo's in d' House,SHOW,2013,Not Rated,24,['comedy'],['NG'],1.0,tt12960266,6.1,11.0,1,1,comedy,NG
1217,ts8,Better Call Saul,SHOW,2015,TV-MA,49,"['comedy', 'drama', 'crime']",['US'],6.0,tt3032476,8.8,404920.0,3,1,comedy,US
1218,ts36577,The Last Kingdom,SHOW,2015,TV-MA,55,"['action', 'war', 'drama', 'history', 'european']",['GB'],5.0,tt4179452,8.5,126473.0,5,1,action,GB
1219,ts38796,Stranger Things,SHOW,2016,TV-14,52,"['scifi', 'drama', 'fantasy', 'horror', 'thriller']",['US'],5.0,tt4575572,8.7,989090.0,5,1,scifi,US
1220,ts21867,Schitt's Creek,SHOW,2015,TV-14,22,['comedy'],['CA'],6.0,tt3526078,8.5,112537.0,1,1,comedy,CA
1221,ts37143,Alone,SHOW,2015,TV-MA,48,"['reality', 'documentation']",['US'],8.0,tt4803766,8.4,4622.0,2,1,reality,US
1222,ts35251,Grace and Frankie,SHOW,2015,TV-MA,30,"['comedy', 'drama']",['US'],7.0,tt3609352,8.2,48435.0,2,1,comedy,US
1223,ts41766,The Good Place,SHOW,2016,TV-14,23,"['scifi', 'comedy', 'romance', 'drama', 'fantasy']",['US'],4.0,tt4955642,8.2,148562.0,5,1,scifi,US
1224,ts36885,Ash vs Evil Dead,SHOW,2015,TV-MA,30,"['action', 'scifi', 'comedy', 'horror', 'fantasy', 'thriller']",['US'],3.0,tt4189022,8.4,70087.0,6,1,action,US
1225,ts37539,One-Punch Man,SHOW,2015,TV-PG,24,"['action', 'fantasy', 'scifi', 'animation', 'comedy']",['JP'],2.0,tt4508902,8.7,148386.0,5,1,action,JP
1226,ts37490,Chicago Med,SHOW,2015,TV-14,41,['drama'],['US'],8.0,tt4655480,7.6,24142.0,1,1,drama,US
1227,ts41961,Queen of the South,SHOW,2016,TV-MA,42,"['drama', 'thriller', 'action', 'crime']",['US'],5.0,tt1064899,7.9,28537.0,4,1,drama,US
1228,ts42069,The Crown,SHOW,2016,TV-MA,56,"['drama', 'history', 'european']","['US', 'GB']",5.0,tt4786824,8.7,190878.0,3,2,drama,US
1229,ts37866,Call My Agent!,SHOW,2015,TV-MA,55,"['comedy', 'drama', 'european']",['FR'],4.0,tt4277922,8.3,13331.0,3,1,comedy,FR
1232,ts38304,Servant of the People,SHOW,2015,TV-MA,29,['comedy'],['UA'],3.0,tt6235122,7.3,2706.0,1,1,comedy,UA
1233,ts36952,Documentary Now!,SHOW,2015,TV-14,22,['comedy'],['US'],4.0,tt4677934,8.1,6445.0,1,1,comedy,US
1235,ts35793,Forged in Fire,SHOW,2015,TV-PG,42,['reality'],['US'],9.0,tt4680444,8.3,3538.0,1,1,reality,US
1236,ts39007,Van Helsing,SHOW,2016,TV-14,42,"['scifi', 'fantasy', 'horror', 'action', 'drama']",['US'],5.0,tt5197820,6.1,21852.0,5,1,scifi,US
1237,ts35201,Food Wars! Shokugeki no Soma,SHOW,2015,TV-MA,24,"['animation', 'comedy', 'drama', 'fantasy', 'thriller']",['JP'],5.0,tt0417325,8.2,9651.0,5,1,animation,JP
1238,ts36147,Lucifer,SHOW,2016,TV-14,47,"['scifi', 'crime', 'drama', 'fantasy']",['US'],6.0,tt4052886,8.1,308291.0,4,1,scifi,US
1239,ts36550,DC's Legends of Tomorrow,SHOW,2016,TV-14,42,"['scifi', 'action', 'drama']",['US'],7.0,tt4532368,6.8,101178.0,3,1,scifi,US
1243,ts38199,The Magicians,SHOW,2015,TV-14,44,"['drama', 'scifi', 'fantasy']",['US'],5.0,tt4254242,7.6,49557.0,3,1,drama,US
1246,ts53051,The OA,SHOW,2016,TV-MA,55,"['scifi', 'drama', 'fantasy']",['US'],2.0,tt4635282,7.9,100911.0,3,1,scifi,US
1247,ts47714,Kim's Convenience,SHOW,2016,TV-14,22,['comedy'],['CA'],5.0,tt5912064,8.3,16970.0,1,1,comedy,CA
1248,ts21869,Sense8,SHOW,2015,TV-MA,62,"['scifi', 'thriller', 'drama']",['US'],2.0,tt2431438,8.2,151518.0,3,1,scifi,US
1251,ts42170,Crashing,SHOW,2016,TV-MA,30,"['comedy', 'european']",['GB'],1.0,tt5295524,7.7,18546.0,2,1,comedy,GB
1252,ts70529,Norsemen,SHOW,2016,TV-MA,30,"['comedy', 'drama']",['NO'],3.0,tt5905354,7.7,18040.0,2,1,comedy,NO
1255,ts18010,Bloodline,SHOW,2015,TV-MA,57,"['drama', 'thriller']",['US'],3.0,tt0219432,7.9,50028.0,2,1,drama,US
1256,ts38718,Slasher,SHOW,2016,TV-MA,46,"['drama', 'horror', 'thriller', 'crime']",['CA'],4.0,tt13976072,6.7,14071.0,4,1,drama,CA
1258,ts42120,Travelers,SHOW,2016,TV-MA,45,"['scifi', 'drama', 'thriller', 'crime']",['CA'],3.0,tt5651844,8.0,54566.0,4,1,scifi,CA
1260,ts36631,Narcos,SHOW,2015,TV-MA,52,"['drama', 'thriller', 'crime']",['US'],3.0,tt2707408,8.8,404486.0,3,1,drama,US
1261,ts42062,Miraculous: Tales of Ladybug & Cat Noir,SHOW,2015,TV-Y7,22,"['family', 'fantasy', 'romance', 'animation', 'action']",['FR'],4.0,tt2580046,7.7,10102.0,5,1,family,FR
1262,ts41956,Designated Survivor,SHOW,2016,TV-PG,44,"['war', 'action', 'drama', 'thriller']",['US'],3.0,tt5296406,7.5,88019.0,4,1,war,US
1263,ts52922,Leah Remini: Scientology and the Aftermath,SHOW,2016,TV-14,46,"['documentation', 'history']",['US'],3.0,tt6244192,9.0,5761.0,2,1,documentation,US
1264,ts36015,Into the Badlands,SHOW,2015,TV-14,43,"['action', 'drama']",['US'],3.0,tt3865236,7.9,45628.0,2,1,action,US
1265,ts21981,iZombie,SHOW,2015,TV-14,42,"['scifi', 'comedy', 'crime', 'drama', 'horror']",['US'],5.0,tt3501584,7.8,66488.0,5,1,scifi,US
1266,ts38710,Wynonna Earp,SHOW,2016,TV-14,43,"['action', 'scifi', 'western', 'drama', 'fantasy', 'thriller']","['US', 'CA']",4.0,tt4878326,7.3,22256.0,6,2,action,US
1268,ts35253,Dark Matter,SHOW,2015,TV-14,43,"['scifi', 'drama', 'thriller', 'action']",['CA'],3.0,tt3116070,7.5,41867.0,4,1,scifi,CA
1269,ts35554,Scream: The TV Series,SHOW,2015,TV-14,43,"['crime', 'horror', 'thriller', 'comedy', 'drama']",['US'],3.0,tt3921180,7.1,40082.0,5,1,crime,US
1270,ts38090,Versailles,SHOW,2015,TV-MA,54,"['drama', 'history', 'romance', 'war', 'documentation', 'comedy', 'european']","['CA', 'FR']",3.0,tt3830558,7.9,16273.0,7,2,drama,CA
1272,ts42014,60 Days In,SHOW,2016,TV-14,46,['reality'],['US'],6.0,tt10112398,7.6,2616.0,1,1,reality,US
1274,ts35563,Supergirl,SHOW,2015,TV-14,42,"['scifi', 'drama', 'action']",['US'],6.0,tt4016454,6.2,121939.0,3,1,scifi,US
1275,ts36129,Crazy Ex-Girlfriend,SHOW,2015,TV-14,42,['comedy'],['US'],4.0,tt4094300,7.8,19738.0,1,1,comedy,US
1277,ts42077,Medici: Masters of Florence,SHOW,2016,TV-14,54,"['war', 'drama', 'history', 'romance', 'thriller', 'european']","['GB', 'IT']",3.0,tt5057130,7.9,18575.0,6,2,war,GB
1278,ts42687,PJ Masks,SHOW,2015,TV-G,15,"['animation', 'family', 'fantasy', 'scifi', 'action', 'european']",['GB'],5.0,tt4148744,5.4,1214.0,6,1,animation,GB
1279,ts38734,Marcella,SHOW,2016,TV-MA,45,"['crime', 'drama', 'european']",['GB'],3.0,tt5269594,7.4,30373.0,3,1,crime,GB
1282,ts53099,Bordertown,SHOW,2016,TV-MA,59,"['drama', 'crime', 'european']",['FI'],3.0,tt4937942,7.6,10371.0,3,1,drama,FI
1283,ts53664,Fauda,SHOW,2015,TV-MA,40,"['war', 'thriller', 'action', 'drama']",['IL'],3.0,tt4565380,8.3,25239.0,4,1,war,IL
1286,ts42022,El marginal,SHOW,2016,TV-MA,54,"['crime', 'drama', 'action', 'thriller']",['AR'],5.0,tt5820976,8.2,3799.0,4,1,crime,AR
1287,ts38415,Frontier,SHOW,2016,TV-MA,46,"['action', 'drama', 'history']",['CA'],3.0,tt4686698,7.1,20706.0,3,1,action,CA
1289,ts43209,The Cuba Libre Story,SHOW,2015,TV-14,45,"['documentation', 'history', 'european']",['DE'],2.0,tt5319838,7.6,1583.0,3,1,documentation,DE
1291,ts42169,ERASED,SHOW,2016,TV-14,22,"['drama', 'animation', 'fantasy', 'scifi', 'thriller']",['JP'],1.0,tt5249462,8.5,42699.0,5,1,drama,JP
1292,ts41289,Flowers,SHOW,2016,TV-14,25,"['drama', 'comedy', 'european']",['GB'],2.0,tt5619658,8.1,5468.0,3,1,drama,GB
1294,ts38511,Love,SHOW,2016,TV-MA,32,"['drama', 'comedy', 'romance']",['US'],3.0,tt4061080,7.7,41362.0,3,1,drama,US
1297,ts21986,Good Witch,SHOW,2015,TV-G,43,"['scifi', 'comedy', 'drama', 'fantasy']",['US'],7.0,tt3906732,7.2,10392.0,4,1,scifi,US
1298,ts41149,The Ranch,SHOW,2016,TV-MA,30,"['comedy', 'drama', 'western']",['US'],5.0,tt4998212,7.4,37890.0,3,1,comedy,US
1299,ts52829,Paranoid,SHOW,2016,Not Rated,44,"['crime', 'thriller', 'drama', 'european']",['GB'],1.0,tt5839454,6.7,8343.0,4,1,crime,GB
1301,ts35775,Wet Hot American Summer: First Day of Camp,SHOW,2015,TV-MA,30,['comedy'],['US'],2.0,tt4341672,7.4,23674.0,1,1,comedy,US
1302,ts41975,Shooter,SHOW,2016,TV-14,41,"['war', 'drama', 'action']",['US'],3.0,tt4181172,7.5,35547.0,3,1,war,US
1304,ts41490,Hap and Leonard,SHOW,2016,TV-MA,42,"['action', 'drama', 'crime', 'thriller']",['US'],3.0,tt3729898,7.6,7577.0,4,1,action,US
1305,ts36177,Glitch,SHOW,2015,TV-MA,52,"['scifi', 'drama', 'horror', 'thriller']",['AU'],3.0,tt4192782,7.3,17240.0,4,1,scifi,AU
1306,ts37464,Occupied,SHOW,2015,TV-MA,45,"['war', 'thriller', 'drama']",['NO'],3.0,tt4192998,7.7,8839.0,3,1,war,NO
1308,ts37971,Master of None,SHOW,2015,TV-MA,32,"['drama', 'comedy']",['US'],3.0,tt4635276,8.3,72341.0,2,1,drama,US
1309,ts21885,Unbreakable Kimmy Schmidt,SHOW,2015,TV-14,30,"['comedy', 'drama']",['US'],4.0,tt3339966,7.6,70242.0,2,1,comedy,US
1311,ts38783,Secret City,SHOW,2016,TV-MA,50,"['war', 'thriller']",['AU'],3.0,tt4976512,7.4,7831.0,2,1,war,AU
1313,ts36983,Fuller House,SHOW,2016,TV-Y7,27,"['comedy', 'family']",['US'],5.0,tt3986586,6.7,27148.0,2,1,comedy,US
1314,ts41963,Easy,SHOW,2016,TV-MA,30,"['drama', 'comedy']",['US'],3.0,tt5562056,6.9,13569.0,2,1,drama,US
1315,ts52838,3%,SHOW,2016,TV-MA,45,"['scifi', 'action', 'drama', 'thriller']",['BR'],4.0,tt4922804,7.3,25077.0,4,1,scifi,BR
1316,ts38204,Making a Murderer,SHOW,2015,TV-14,62,"['crime', 'documentation']",['US'],2.0,tt5189670,8.6,93456.0,2,1,crime,US
1320,ts36046,BUNK'D,SHOW,2015,TV-G,24,"['comedy', 'family', 'drama']",['US'],5.0,tt4591680,5.3,3174.0,3,1,comedy,US
1321,ts36545,Quantico,SHOW,2015,TV-14,43,"['drama', 'thriller', 'crime']",['US'],3.0,tt4428122,6.6,60305.0,3,1,drama,US
1323,ts36856,F is for Family,SHOW,2015,TV-MA,28,"['comedy', 'animation', 'drama']",['US'],5.0,tt4326894,8.0,36050.0,3,1,comedy,US
1326,ts35362,Locked Up,SHOW,2015,TV-MA,50,"['drama', 'thriller', 'action', 'comedy', 'european']",['ES'],4.0,tt4524056,8.2,21388.0,5,1,drama,ES
1332,ts35354,Zoo,SHOW,2015,TV-14,43,"['drama', 'thriller', 'scifi']",['US'],3.0,tt3250026,6.6,24479.0,3,1,drama,US
1335,ts38758,Ajin,SHOW,2016,TV-MA,24,"['action', 'animation', 'drama', 'fantasy', 'thriller', 'horror', 'scifi']",['JP'],2.0,tt5537534,7.6,6121.0,7,1,action,JP
1337,ts41913,Frequency,SHOW,2016,TV-14,18,"['scifi', 'fantasy', 'thriller', 'drama']",['US'],3.0,tt5531470,7.5,13625.0,4,1,scifi,US
1339,ts42655,Wanted,SHOW,2016,TV-14,45,"['drama', 'action', 'crime']",['AU'],3.0,tt5193358,7.6,5693.0,3,1,drama,AU
1340,ts3844,Aquarius,SHOW,2015,TV-14,43,"['drama', 'crime', 'thriller', 'european']",['US'],2.0,tt4744218,7.1,12112.0,4,1,drama,US
1341,ts53287,Roman Empire,SHOW,2016,TV-14,48,"['drama', 'history', 'war', 'documentation']",['US'],3.0,tt6233538,7.0,7539.0,4,1,drama,US
1344,ts42156,Degrassi: Next Class,SHOW,2016,TV-PG,24,"['drama', 'romance']",['CA'],6.0,tt10947610,6.8,3205.0,2,1,drama,CA
1346,ts41906,The Disastrous Life of Saiki K.,SHOW,2016,TV-14,10,"['scifi', 'comedy', 'animation', 'fantasy']",['JP'],3.0,tt6354518,8.4,6649.0,4,1,scifi,JP
1347,ts38116,Mobile Suit Gundam: Iron-Blooded Orphans,SHOW,2015,TV-MA,24,"['scifi', 'war', 'action', 'drama', 'animation']",['JP'],2.0,tt5344382,7.9,1623.0,5,1,scifi,JP
1350,ts35256,Chef's Table,SHOW,2015,TV-MA,50,['documentation'],['US'],7.0,tt4295140,8.5,15176.0,1,1,documentation,US
1351,ts53249,Trollhunters: Tales of Arcadia,SHOW,2016,TV-Y7,22,"['action', 'scifi', 'fantasy', 'animation', 'comedy', 'drama', 'family']",['US'],3.0,tt1734135,8.4,16509.0,7,1,action,US
1354,ts42043,March Comes in Like a Lion,SHOW,2016,TV-PG,25,"['drama', 'animation', 'comedy', 'romance']",['JP'],2.0,tt6074794,8.4,2586.0,4,1,drama,JP
1359,ts35577,God Eater,SHOW,2015,TV-14,23,"['scifi', 'animation', 'action']",['JP'],1.0,tt5240222,7.0,1911.0,3,1,scifi,JP
1362,ts52830,Gilmore Girls: A Year in the Life,SHOW,2016,TV-14,92,"['comedy', 'drama']",['US'],1.0,tt5435008,7.6,36359.0,2,1,comedy,US
1365,ts38731,Rebellion,SHOW,2016,TV-14,51,"['war', 'drama', 'history', 'european']","['GB', 'IE']",2.0,tt4699982,7.1,3658.0,4,2,war,GB
1366,ts42127,The Windsors,SHOW,2016,TV-MA,27,['comedy'],['GB'],3.0,tt5692740,7.1,2648.0,1,1,comedy,GB
1368,ts41948,Hip Hop Evolution,SHOW,2016,TV-MA,48,"['documentation', 'music']",['CA'],4.0,tt6319696,8.4,5772.0,2,1,documentation,CA
1369,ts38809,The Get Down,SHOW,2016,TV-MA,62,"['drama', 'music']",['US'],2.0,tt4592410,8.2,22304.0,2,1,drama,US
1373,ts79799,Dragons: Race to the Edge,SHOW,2015,TV-Y7,22,"['animation', 'action', 'scifi', 'family', 'comedy', 'drama', 'fantasy']",['US'],6.0,tt4816058,8.2,6161.0,7,1,animation,US
1379,ts38568,Flaked,SHOW,2016,TV-MA,32,"['drama', 'romance', 'comedy']",['US'],2.0,tt4973548,7.2,11264.0,3,1,drama,US
1380,ts37944,A Very Secret Service,SHOW,2015,TV-MA,27,"['comedy', 'european']",['FR'],2.0,tt4367560,7.7,3461.0,2,1,comedy,FR
1381,ts42137,Voltron: Legendary Defender,SHOW,2016,TV-Y7,24,"['action', 'scifi', 'animation', 'comedy', 'drama', 'family', 'fantasy']",['US'],8.0,tt5580664,8.1,8706.0,7,1,action,US
1382,ts35987,Transformers: Robots In Disguise,SHOW,2015,TV-Y7,21,"['scifi', 'animation', 'action', 'comedy']",['US'],5.0,tt3604232,6.0,1048.0,4,1,scifi,US
1384,ts53155,Crazyhead,SHOW,2016,Not Rated,43,"['comedy', 'horror', 'scifi', 'european']",['GB'],1.0,tt6038584,7.2,4985.0,4,1,comedy,GB
1385,ts38770,Lady Dynamite,SHOW,2016,TV-MA,30,"['comedy', 'drama']",['US'],2.0,tt4789300,7.3,3655.0,2,1,comedy,US
1386,ts42038,No Tomorrow,SHOW,2016,TV-14,47,"['comedy', 'drama', 'romance', 'thriller']",['US'],1.0,tt1527428,7.3,5101.0,4,1,comedy,US
1389,ts42119,Greenleaf,SHOW,2016,TV-MA,42,['drama'],['US'],5.0,tt4971144,7.3,5158.0,1,1,drama,US
1390,ts76079,Grizzy & the Lemmings,SHOW,2016,TV-Y7,7,"['comedy', 'animation', 'family', 'european']",['FR'],3.0,tt6717058,7.1,579.0,4,1,comedy,FR
1400,ts41995,Zumbo's Just Desserts,SHOW,2016,TV-14,52,['reality'],['AU'],2.0,tt7239256,6.9,2125.0,1,1,reality,AU
1401,ts76956,The Letdown,SHOW,2016,Not Rated,30,['comedy'],['AU'],2.0,tt7320300,7.5,3253.0,1,1,comedy,AU
1402,ts54028,Case,SHOW,2015,Not Rated,46,"['crime', 'drama', 'thriller']",['IS'],1.0,tt7875988,7.0,2688.0,3,1,crime,IS
1408,ts78325,Sinatra: All or Nothing at All,SHOW,2015,TV-14,122,"['documentation', 'music']",['US'],1.0,tt3838978,8.0,2354.0,2,1,documentation,US
1413,ts11670,The Adventures of Puss in Boots,SHOW,2015,TV-Y7,23,"['family', 'animation', 'comedy', 'fantasy', 'western', 'action']",['US'],6.0,tt3807034,6.6,1696.0,6,1,family,US
1414,ts42090,Last Chance U,SHOW,2016,TV-MA,55,"['documentation', 'sport']",['US'],5.0,tt5863126,8.4,6789.0,2,1,documentation,US
1415,ts86021,Molang,SHOW,2015,TV-G,3,"['animation', 'comedy', 'family', 'european']",['FR'],3.0,tt6046238,8.4,346.0,4,1,animation,FR
1416,ts42257,Signal,SHOW,2016,TV-MA,71,"['crime', 'scifi', 'thriller', 'drama', 'fantasy']",['KR'],2.0,tt5332206,8.6,6338.0,5,1,crime,KR
1417,ts35406,Between,SHOW,2015,TV-14,25,"['scifi', 'drama', 'thriller']",['CA'],2.0,tt4531748,6.0,9059.0,3,1,scifi,CA
1418,ts128895,Midnight Diner: Tokyo Stories,SHOW,2016,TV-14,28,['drama'],['JP'],2.0,tt6150576,8.4,4109.0,1,1,drama,JP
1422,ts37660,Reply 1988,SHOW,2015,TV-14,95,"['comedy', 'drama', 'family', 'romance']",['KR'],1.0,tt5182866,9.2,6557.0,4,1,comedy,KR
1423,ts119087,Sunny Bunnies,SHOW,2015,TV-Y,3,"['animation', 'family']",['BY'],4.0,tt7264084,6.6,95.0,2,1,animation,BY
1424,ts41258,Cinderella and Four Knights,SHOW,2016,TV-PG,61,"['comedy', 'drama', 'romance']",['KR'],1.0,tt5764414,7.5,3663.0,3,1,comedy,KR
1426,ts81483,Simon,SHOW,2016,TV-Y,5,"['animation', 'comedy', 'family']",['FR'],2.0,tt7699866,7.0,127.0,3,1,animation,FR
1428,ts37896,Conspiracy,SHOW,2015,TV-14,43,"['documentation', 'history', 'european']",['GB'],1.0,tt4761054,6.2,367.0,3,1,documentation,GB
1429,ts52943,The Sound of Your Heart,SHOW,2016,Not Rated,24,"['drama', 'comedy']",['KR'],2.0,tt4613520,8.2,1075.0,2,1,drama,KR
1430,ts21979,Spotless,SHOW,2015,TV-MA,58,"['drama', 'comedy', 'crime', 'european']",['FR'],1.0,tt10800582,7.7,3635.0,4,1,drama,FR
1433,ts36547,Club de Cuervos,SHOW,2015,TV-MA,44,"['comedy', 'drama']",['MX'],4.0,tt4680240,8.2,5514.0,2,1,comedy,MX
1434,ts84398,Little Things,SHOW,2016,TV-MA,25,"['comedy', 'drama', 'romance']",['IN'],4.0,tt6522580,8.2,6461.0,3,1,comedy,IN
1435,ts77654,Care Bears and Cousins,SHOW,2015,TV-Y,23,['animation'],['US'],2.0,tt4680360,6.8,82.0,1,1,animation,US
1439,ts39014,Kuromukuro,SHOW,2016,TV-14,24,"['comedy', 'drama', 'action', 'scifi', 'animation']",['JP'],2.0,tt5895314,7.2,1265.0,5,1,comedy,JP
1441,ts38764,Marseille,SHOW,2016,TV-MA,46,"['drama', 'european']",['FR'],2.0,tt4003966,6.9,5083.0,2,1,drama,FR
1442,ts54110,Puffin Rock,SHOW,2015,TV-Y,11,"['animation', 'family', 'comedy', 'european']",['IE'],2.0,tt3590338,8.7,891.0,4,1,animation,IE
1443,ts54156,Chef's Table: France,SHOW,2016,TV-14,60,['documentation'],['US'],1.0,tt6088326,8.2,1723.0,1,1,documentation,US
1446,ts38230,The Method,SHOW,2015,TV-MA,51,"['drama', 'thriller', 'crime']",['RU'],2.0,tt5135336,7.4,2784.0,3,1,drama,RU
1447,ts51368,Skylanders Academy,SHOW,2016,TV-Y7,23,"['action', 'animation', 'comedy', 'family', 'fantasy']",['US'],3.0,tt5916218,6.7,730.0,5,1,action,US
1462,ts66540,"Can't Cope, Won't Cope",SHOW,2016,TV-MA,23,"['drama', 'comedy', 'european']",['IE'],2.0,tt5674872,7.3,880.0,3,1,drama,IE
1465,ts75829,Lego Bionicle: The Journey to One,SHOW,2016,TV-Y7,17,"['animation', 'action', 'fantasy', 'scifi']",['US'],2.0,tt5075942,5.5,170.0,4,1,animation,US
1466,ts56674,The Mr. Peabody & Sherman Show,SHOW,2015,Not Rated,23,"['comedy', 'scifi', 'animation', 'family', 'history']",['US'],4.0,tt5021206,5.7,433.0,5,1,comedy,US
1468,ts35360,Inspector Gadget,SHOW,2015,TV-Y,21,"['action', 'comedy', 'family', 'scifi', 'animation']","['CA', 'US']",4.0,tt3910690,4.5,614.0,5,2,action,CA
1470,ts35359,Heidi,SHOW,2015,TV-Y,27,"['drama', 'family', 'animation', 'european']","['DE', 'AU', 'FR']",2.0,tt4346362,7.2,234.0,4,3,drama,DE
1472,ts37779,Danger Mouse,SHOW,2015,Not Rated,12,"['comedy', 'crime', 'family', 'fantasy', 'scifi', 'animation', 'action', 'european']",['GB'],2.0,tt4196822,7.2,579.0,8,1,comedy,GB
1475,ts42089,Haters Back Off,SHOW,2016,TV-14,30,"['comedy', 'drama', 'family', 'romance']",['US'],2.0,tt5467814,6.1,7183.0,4,1,comedy,US
1476,ts42075,Intersection,SHOW,2016,TV-MA,97,['drama'],['TR'],2.0,tt5303668,6.7,1152.0,1,1,drama,TR
1477,ts43272,Terrace House: Boys & Girls in the City,SHOW,2015,TV-14,29,"['reality', 'drama']",['JP'],1.0,tt4790546,8.1,1624.0,2,1,reality,JP
1479,ts41883,The K2,SHOW,2016,TV-14,65,"['war', 'drama', 'romance', 'thriller']",['KR'],1.0,tt8535796,7.9,5615.0,4,1,war,KR
1480,ts36630,Dinotrux,SHOW,2015,TV-Y7,23,"['action', 'comedy', 'family', 'animation']",['US'],5.0,tt1396212,6.8,458.0,4,1,action,US
1481,ts41260,"Hello, My Twenties!",SHOW,2016,TV-14,63,"['comedy', 'drama', 'romance']",['KR'],2.0,tt5858892,8.3,2127.0,3,1,comedy,KR
1482,ts39017,Dawn of the Croods,SHOW,2015,TV-Y7,23,"['comedy', 'family', 'animation']",['US'],4.0,tt5193172,5.8,712.0,3,1,comedy,US
1484,ts38757,Kong: King of the Apes,SHOW,2016,TV-Y7,21,"['animation', 'scifi', 'action', 'comedy', 'family']",['US'],2.0,tt5462936,5.9,325.0,5,1,animation,US
1487,ts35596,Bella and the Bulldogs,SHOW,2015,TV-G,23,"['comedy', 'family', 'sport']",['US'],2.0,tt3596178,5.0,2114.0,3,1,comedy,US
1488,ts144323,Unnatural Selection,SHOW,2015,TV-MA,35,"['reality', 'documentation', 'comedy']",['US'],1.0,tt11063952,8.1,12.0,3,1,reality,US
1490,ts42218,Sin senos sí hay paraíso,SHOW,2016,TV-MA,47,"['action', 'drama', 'romance', 'crime']",['CO'],4.0,tt5676412,6.5,546.0,4,1,action,CO
1491,ts38512,Cooked,SHOW,2016,TV-PG,53,['documentation'],['US'],1.0,tt5347906,7.6,43.0,1,1,documentation,US
1496,ts41294,Mossad 101,SHOW,2015,TV-MA,42,"['action', 'drama']",['IL'],2.0,tt4354042,6.8,632.0,2,1,action,IL
1498,ts43501,Secrets of Great British Castles,SHOW,2015,TV-PG,51,"['documentation', 'history', 'european']",['GB'],2.0,tt5181284,7.8,1031.0,3,1,documentation,GB
1499,ts42628,Netflix Presents: The Characters,SHOW,2016,TV-MA,31,['comedy'],['US'],1.0,tt5228026,5.3,835.0,1,1,comedy,US
1500,ts36740,Project Mc²,SHOW,2015,TV-G,24,['family'],['US'],6.0,tt4861760,6.1,985.0,1,1,family,US
1502,ts53076,El Chema,SHOW,2016,TV-MA,44,"['drama', 'action', 'crime']",['US'],1.0,tt5730624,6.9,303.0,3,1,drama,US
1503,ts53106,Tokyo Trial,SHOW,2016,TV-MA,49,"['drama', 'history']","['JP', 'US']",1.0,tt6422918,7.4,1544.0,2,2,drama,JP
1504,ts41253,Love O2O,SHOW,2016,TV-14,45,"['drama', 'romance']",['CN'],1.0,tt6092878,8.0,2322.0,2,1,drama,CN
1506,ts38717,Good Morning Call,SHOW,2016,TV-14,48,"['comedy', 'drama', 'romance']",['JP'],2.0,tt5520732,7.7,3088.0,3,1,comedy,JP
1509,ts58068,Inside the World's Toughest Prisons,SHOW,2016,TV-MA,48,"['crime', 'documentation']",['GB'],5.0,tt8594220,7.1,2747.0,2,1,crime,GB
1512,ts38805,Beat Bugs,SHOW,2016,TV-Y,15,"['animation', 'family', 'fantasy', 'comedy']",['AU'],3.0,tt4716268,7.6,522.0,4,1,animation,AU
1516,ts52988,Captive,SHOW,2016,Not Rated,63,"['documentation', 'drama', 'european']",['US'],1.0,tt6246500,6.8,724.0,3,1,documentation,US
1519,ts38761,Another Miss Oh,SHOW,2016,TV-MA,69,"['drama', 'fantasy', 'romance', 'comedy']",['KR'],1.0,tt5679572,7.9,1769.0,4,1,drama,KR
1522,ts56748,T@gged,SHOW,2016,TV-14,22,"['drama', 'thriller', 'reality']",['US'],3.0,tt5881326,7.3,2012.0,3,1,drama,US
1525,ts43230,The Deep,SHOW,2015,TV-Y7,22,"['action', 'animation', 'family', 'scifi']",['AU'],3.0,tt4991910,8.1,645.0,4,1,action,AU
1526,ts56032,La Niña,SHOW,2016,TV-MA,45,"['action', 'drama']",['CO'],1.0,tt5677942,8.3,642.0,2,1,action,CO
1528,ts55559,Ask the Storybots,SHOW,2016,TV-Y,26,"['animation', 'comedy', 'family']",['US'],3.0,tt5846856,8.4,870.0,3,1,animation,US
1531,ts75324,La esclava blanca,SHOW,2016,TV-MA,41,['history'],['CO'],1.0,tt5458128,8.1,575.0,1,1,history,CO
1535,ts54100,World of Winx,SHOW,2016,TV-Y7,23,"['action', 'animation', 'comedy', 'family', 'fantasy', 'european']","['US', 'IT']",2.0,tt5874596,6.6,715.0,6,2,action,US
1539,ts31593,Pororo the Little Penguin,SHOW,2016,Not Rated,8,"['scifi', 'family', 'animation']",['KR'],6.0,tt13527330,6.3,88.0,3,1,scifi,KR
1541,ts74917,72 Cutest Animals,SHOW,2016,Not Rated,27,['documentation'],['AU'],1.0,tt5815824,5.7,433.0,1,1,documentation,AU
1542,ts35463,Richie Rich,SHOW,2015,TV-PG,22,['comedy'],['US'],2.0,tt4162898,3.1,1041.0,1,1,comedy,US
1553,ts55966,LEGO Friends: The Power of Friendship,SHOW,2016,TV-Y,23,['animation'],['US'],2.0,tt6464612,6.5,49.0,1,1,animation,US
1558,ts86831,The Good Cop,SHOW,2015,TV-MA,30,"['comedy', 'drama']",['IL'],3.0,tt6070434,7.7,370.0,2,1,comedy,IL
1560,ts74753,Tales by Light,SHOW,2015,Not Rated,27,['documentation'],['AU'],3.0,tt5350276,8.3,1905.0,1,1,documentation,AU
1564,ts53065,One More Time,SHOW,2016,TV-14,31,"['scifi', 'drama', 'fantasy']",['KR'],1.0,tt6212990,6.9,564.0,3,1,scifi,KR
1565,ts54010,My Runway,SHOW,2016,TV-14,25,"['comedy', 'drama', 'fantasy', 'romance']",['KR'],1.0,tt6968336,6.3,261.0,4,1,comedy,KR
1568,ts38772,Dear My Friends,SHOW,2016,TV-MA,70,"['drama', 'comedy']",['KR'],1.0,tt5689030,8.2,355.0,2,1,drama,KR
1569,ts83224,Toon,SHOW,2016,TV-MA,27,['comedy'],['NL'],2.0,tt5698140,7.6,890.0,1,1,comedy,NL
1570,ts53149,White Nights,SHOW,2016,Not Rated,62,['drama'],['KR'],1.0,tt6168004,6.9,287.0,1,1,drama,KR
1572,ts57705,The Paper,SHOW,2016,TV-MA,48,"['drama', 'crime', 'action']",['HR'],3.0,tt0341957,7.4,64.0,3,1,drama,HR
1577,ts74929,H20: Mermaid Adventures,SHOW,2015,TV-Y,24,"['comedy', 'drama', 'family', 'fantasy', 'romance', 'animation', 'european']",['FR'],2.0,tt4610750,5.7,182.0,7,1,comedy,FR
1580,ts54022,Terrace House: Aloha State,SHOW,2016,Not Rated,36,"['reality', 'drama']",['JP'],4.0,tt6588218,7.5,979.0,2,1,reality,JP
1581,ts43258,Stories by Rabindranath Tagore,SHOW,2015,TV-PG,43,['drama'],['IN'],1.0,tt4853764,8.8,1295.0,1,1,drama,IN
1582,ts55365,The Haunted House,SHOW,2016,TV-PG,25,"['thriller', 'fantasy', 'horror', 'animation', 'comedy', 'drama', 'family']",['KR'],7.0,tt9518312,8.4,71.0,7,1,thriller,KR
1584,ts42011,Cheer Squad,SHOW,2016,TV-PG,42,['reality'],['CA'],1.0,tt5993744,7.2,166.0,1,1,reality,CA
1588,ts55223,72 Dangerous Places to Live,SHOW,2016,TV-PG,49,['documentation'],['AU'],1.0,tt5674272,6.2,344.0,1,1,documentation,AU
1589,ts41154,Paquita Salas,SHOW,2016,Not Rated,26,"['comedy', 'european']",['ES'],3.0,tt5866074,8.0,3087.0,2,1,comedy,ES
1591,ts41899,Nightmare Teacher,SHOW,2016,TV-MA,16,"['drama', 'horror', 'thriller']",['KR'],1.0,tt6209442,7.1,423.0,3,1,drama,KR
1592,ts82327,Три кота,SHOW,2015,TV-Y,5,"['scifi', 'comedy', 'family', 'animation']",['RU'],3.0,tt7038964,6.8,95.0,4,1,scifi,RU
1595,ts35505,Old Money,SHOW,2015,TV-MA,47,"['comedy', 'drama', 'european']",['AT'],1.0,tt3701442,7.3,493.0,3,1,comedy,AT
1600,ts56221,Rainbow Ruby,SHOW,2016,TV-Y,11,"['animation', 'comedy', 'family', 'fantasy']",['CN'],4.0,tt5828144,6.5,77.0,4,1,animation,CN
1602,ts38812,Fearless,SHOW,2016,Not Rated,43,"['documentation', 'reality']",['US'],2.0,tt9556710,7.1,299.0,2,1,documentation,US
1607,ts43341,Atelier,SHOW,2015,TV-14,69,"['drama', 'documentation', 'comedy']",['JP'],1.0,tt2303188,6.3,7.0,3,1,drama,JP
1608,ts82582,The Truth Seekers,SHOW,2016,TV-MA,44,"['drama', 'action']",['SG'],1.0,tt7131694,7.1,16.0,2,1,drama,SG
1611,ts38769,Chelsea,SHOW,2016,TV-MA,57,['comedy'],['US'],2.0,tt5672036,6.1,2051.0,1,1,comedy,US
1612,ts42155,Home: Adventures with Tip & Oh,SHOW,2016,TV-Y7,21,"['comedy', 'family', 'fantasy', 'scifi', 'animation']",['US'],4.0,tt5759196,5.9,603.0,5,1,comedy,US
1615,ts52981,White Rabbit Project,SHOW,2016,TV-PG,48,['reality'],['US'],1.0,tt6048644,6.9,1665.0,1,1,reality,US
1616,ts87465,Witch Hunt: A Century of Murder,SHOW,2015,TV-14,46,"['crime', 'history', 'fantasy', 'drama', 'european']",['GB'],1.0,tt6474054,7.2,319.0,5,1,crime,GB
1617,ts52825,The Princess Weiyoung,SHOW,2016,TV-14,45,"['drama', 'history', 'romance']",['CN'],1.0,tt6353308,7.9,767.0,3,1,drama,CN
1618,ts107658,Mind Game,SHOW,2015,TV-14,44,"['drama', 'action', 'crime']","['JP', 'US']",1.0,tt8879588,7.5,12.0,3,2,drama,JP
1619,ts42260,Chelsea Does,SHOW,2016,TV-MA,60,['documentation'],['US'],1.0,tt5275894,7.3,2471.0,1,1,documentation,US
1620,ts43119,Real Rob,SHOW,2015,TV-14,31,['comedy'],['US'],2.0,tt3741346,6.4,2801.0,1,1,comedy,US
1624,ts127430,StoryBots Super Songs,SHOW,2016,TV-Y,21,"['animation', 'family']",['US'],1.0,tt6163070,8.8,167.0,2,1,animation,US
1648,ts52950,Miss in Kiss,SHOW,2016,TV-14,36,"['comedy', 'drama']",['TW'],1.0,tt6954524,7.7,98.0,2,1,comedy,TW
1656,ts78442,Coach Snoop,SHOW,2016,TV-MA,29,['documentation'],['US'],2.0,tt5697642,6.8,583.0,1,1,documentation,US
1660,ts42347,Word Party,SHOW,2016,TV-Y,20,"['animation', 'family']",['US'],5.0,tt5235950,5.7,349.0,2,1,animation,US
1667,ts51367,Trailer Park Boys: Out of the Park: Europe,SHOW,2016,TV-MA,30,"['action', 'crime', 'drama', 'comedy']",['CA'],2.0,tt5937754,7.0,2285.0,4,1,action,CA
1673,ts21876,My Sunshine,SHOW,2015,TV-PG,45,"['drama', 'romance']",['CN'],1.0,tt6131630,6.6,185.0,2,1,drama,CN
1676,ts55556,A Touch of Green,SHOW,2015,TV-MA,46,"['family', 'drama', 'war']",['TW'],1.0,tt5231950,8.4,314.0,3,1,family,TW
1681,ts75897,Kulipari: An Army of Frogs,SHOW,2016,Not Rated,24,"['action', 'animation', 'fantasy']",['US'],2.0,tt6040768,6.9,254.0,3,1,action,US
1687,ts42432,28 Faces of the Moon,SHOW,2016,TV-14,18,['drama'],['KR'],1.0,tt10145322,6.4,25.0,1,1,drama,KR
1691,ts91990,The Creative Indians,SHOW,2016,TV-MA,28,['documentation'],['US'],4.0,tt9583184,8.3,45.0,1,1,documentation,US
1693,ts81898,Kazoops!,SHOW,2016,Not Rated,11,"['family', 'fantasy', 'animation', 'comedy']","['AU', 'GB']",3.0,tt6312916,7.5,122.0,4,2,family,AU
1694,ts38813,Bottersnikes & Gumbles,SHOW,2016,TV-Y7,13,"['action', 'animation', 'comedy', 'family']","['AU', 'US', 'GB']",4.0,tt6015820,5.1,47.0,4,3,action,AU
1696,ts42371,Fangbone!,SHOW,2016,TV-PG,22,"['animation', 'comedy', 'family', 'fantasy', 'action']",['CA'],1.0,tt4358188,6.2,312.0,5,1,animation,CA
1705,ts83454,"Have You Ever Fallen in Love, Miss Jiang?",SHOW,2016,TV-14,89,['drama'],['TW'],1.0,Unknown,6.5334469051675175,2279.0,1,1,drama,TW
1710,ts53346,Chasing Cameron,SHOW,2016,TV-PG,28,['reality'],['US'],1.0,tt6370626,3.8,501.0,1,1,reality,US
1714,ts224440,If I were an Animal,SHOW,2016,TV-G,10,['documentation'],['FR'],1.0,Unknown,6.5334469051675175,2279.0,1,1,documentation,FR
1718,ts81027,Spark,SHOW,2016,TV-14,13,['drama'],['KR'],5.0,tt6409112,7.0,57.0,1,1,drama,KR
1719,ts86089,Under the Black Moonlight,SHOW,2016,TV-14,10,"['drama', 'thriller', 'horror']",['KR'],1.0,tt7162436,5.0,56.0,3,1,drama,KR
1721,ts41151,Hibana: Spark,SHOW,2016,Not Rated,53,['drama'],['JP'],1.0,tt5301958,7.9,798.0,1,1,drama,JP
1727,ts83450,Close Your Eyes Before It's Dark,SHOW,2016,TV-14,84,"['drama', 'crime']",['TW'],1.0,tt6506806,7.0,218.0,2,1,drama,TW
1728,ts53017,Best Lover,SHOW,2016,TV-14,45,"['drama', 'romance']",['CN'],1.0,tt9874364,6.8,74.0,2,1,drama,CN
1729,ts54117,Luna Petunia,SHOW,2016,TV-Y,24,"['animation', 'family', 'fantasy']",['CA'],3.0,tt4588068,6.2,58.0,3,1,animation,CA
1735,ts53543,The Miracle,SHOW,2016,TV-14,18,"['drama', 'comedy', 'fantasy', 'music']",['KR'],1.0,tt6703344,6.3,210.0,4,1,drama,KR
1736,ts82475,The Dream Job,SHOW,2016,TV-14,44,"['drama', 'family']",['SG'],1.0,tt7131688,6.1,14.0,2,1,drama,SG
1739,ts41485,Vanished 46,SHOW,2016,TV-MA,61,"['scifi', 'action', 'crime', 'drama', 'thriller']",['TR'],1.0,tt5606154,8.4,4269.0,5,1,scifi,TR
1747,ts84542,Magic Cellphone,SHOW,2016,TV-PG,13,"['drama', 'comedy']",['KR'],1.0,tt7162434,4.1,21.0,2,1,drama,KR
1749,ts253685,Secret of Success,SHOW,2015,TV-14,41,['drama'],['MY'],1.0,Unknown,6.5334469051675175,2279.0,1,1,drama,MY
1750,ts36634,Diamond Lover,SHOW,2015,TV-PG,45,"['comedy', 'drama']",['CN'],1.0,tt6058496,6.4,138.0,2,1,comedy,CN
1758,ts285233,Unchained fate,SHOW,2016,TV-14,40,['scifi'],['MY'],1.0,Unknown,6.5334469051675175,2279.0,1,1,scifi,MY
1761,ts87884,Sons of the Caliphate,SHOW,2015,TV-14,39,['drama'],['NG'],1.0,tt10202268,7.4,32.0,1,1,drama,NG
1777,ts36741,Fartsa,SHOW,2015,TV-14,60,"['crime', 'drama']",['RU'],1.0,tt4567218,6.7,195.0,2,1,crime,RU
1779,ts35963,Singles Villa,SHOW,2015,TV-14,45,"['drama', 'romance']",['CN'],1.0,tt5053036,7.7,28.0,2,1,drama,CN
1796,ts249161,Tariqi: My Way,SHOW,2015,TV-14,42,"['drama', 'music']",['EG'],1.0,tt5528490,7.2,143.0,2,1,drama,EG
1798,ts248736,The Governor,SHOW,2016,TV-14,45,['drama'],['NG'],1.0,tt7128052,7.4,100.0,1,1,drama,NG
1806,ts53513,Back to 1989,SHOW,2016,TV-14,44,"['scifi', 'drama']",['TW'],1.0,tt6273088,8.0,106.0,2,1,scifi,TW
1811,ts83535,Popples,SHOW,2015,Not Rated,25,['animation'],"['FR', 'RU', 'US']",3.0,tt4210022,6.0,57.0,1,3,animation,FR
1815,ts38703,My Little Baby,SHOW,2016,TV-PG,37,"['comedy', 'drama']",['KR'],1.0,tt5546516,6.9,103.0,2,1,comedy,KR
1816,ts83449,Love Storm,SHOW,2016,TV-14,87,['family'],['TW'],1.0,tt6093070,5.5,325.0,1,1,family,TW
1817,ts56544,Bibik Bibikku,SHOW,2016,TV-PG,40,"['drama', 'comedy']",['MY'],1.0,Unknown,6.5334469051675175,2279.0,2,1,drama,MY
1824,ts53864,Ozark,SHOW,2017,TV-MA,60,"['crime', 'thriller', 'drama']",['US'],4.0,tt5071412,8.5,278223.0,3,1,crime,US
1825,ts77795,Derry Girls,SHOW,2018,TV-MA,25,['comedy'],['GB'],3.0,tt7120662,8.4,28718.0,1,1,comedy,GB
1826,ts56683,The Sinner,SHOW,2017,TV-MA,45,"['crime', 'thriller', 'drama']",['US'],4.0,tt6048596,7.9,117055.0,3,1,crime,US
1828,ts55668,Dark,SHOW,2017,TV-MA,56,"['scifi', 'crime', 'drama', 'thriller']",['DE'],3.0,tt5753856,8.7,354443.0,4,1,scifi,DE
1833,ts53023,Riverdale,SHOW,2017,TV-14,42,"['thriller', 'drama', 'romance', 'crime']",['US'],6.0,tt5420376,6.7,139154.0,4,1,thriller,US
1834,ts81064,Legacies,SHOW,2018,TV-14,42,"['scifi', 'drama', 'fantasy', 'horror']",['US'],4.0,tt8103070,7.3,28877.0,4,1,scifi,US
1835,ts42405,Mindhunter,SHOW,2017,TV-MA,53,"['crime', 'drama', 'thriller']",['US'],2.0,tt5290382,8.6,261429.0,3,1,crime,US
1837,ts83970,All American,SHOW,2018,TV-14,42,"['drama', 'sport']",['US'],4.0,tt7414406,7.6,9704.0,2,1,drama,US
1839,ts81294,Manifest,SHOW,2018,TV-14,42,"['scifi', 'drama', 'thriller']",['US'],3.0,tt8421350,7.1,50145.0,3,1,scifi,US
1840,ts78305,Elite,SHOW,2018,TV-MA,48,"['crime', 'drama', 'thriller']",['ES'],5.0,tt7134908,7.4,73062.0,3,1,crime,ES
1841,ts78801,Cobra Kai,SHOW,2018,TV-14,31,"['action', 'comedy', 'drama', 'sport']",['US'],5.0,tt7221388,8.6,163858.0,4,1,action,US
1842,ts79813,You,SHOW,2018,TV-MA,47,"['thriller', 'crime', 'drama', 'romance']",['US'],3.0,tt7335184,7.7,225949.0,4,1,thriller,US
1843,ts77398,Lost in Space,SHOW,2018,TV-PG,49,"['scifi', 'action', 'drama', 'thriller', 'family']",['US'],3.0,tt5232792,7.3,96868.0,5,1,scifi,US
1844,ts56768,Money Heist,SHOW,2017,TV-MA,50,"['crime', 'drama', 'thriller', 'action', 'european']",['ES'],5.0,tt6468322,8.3,450797.0,5,1,crime,ES
1846,ts57120,Good Girls,SHOW,2018,TV-14,42,"['comedy', 'drama', 'crime']",['US'],4.0,tt6474378,7.7,49867.0,3,1,comedy,US
1848,ts81884,Bodyguard,SHOW,2018,TV-MA,60,"['war', 'crime', 'drama', 'thriller', 'european']",['GB'],2.0,tt7493974,8.1,114446.0,5,1,war,GB
1849,ts75151,Godless,SHOW,2017,TV-MA,65,"['western', 'documentation', 'action', 'drama', 'crime']",['US'],1.0,tt5516154,7.6,27.0,5,1,western,US
1850,ts54102,Altered Carbon,SHOW,2018,TV-MA,52,"['scifi', 'thriller', 'action', 'drama']",['US'],2.0,tt2261227,7.9,162018.0,4,1,scifi,US
1851,ts75097,Maniac,SHOW,2018,TV-MA,39,"['drama', 'scifi', 'comedy']",['US'],1.0,tt5580146,7.7,74877.0,3,1,drama,US
1852,ts84785,Dirty John,SHOW,2018,TV-MA,44,"['crime', 'drama']",['US'],2.0,tt15438396,7.3,20817.0,2,1,crime,US
1854,ts42477,Babylon Berlin,SHOW,2017,TV-MA,49,"['crime', 'thriller', 'drama', 'european']",['DE'],4.0,tt4378376,8.4,23256.0,4,1,crime,DE
1855,ts81208,Charmed,SHOW,2018,TV-14,42,"['scifi', 'drama', 'fantasy']",['US'],4.0,tt6394324,4.5,16091.0,3,1,scifi,US
1856,ts58433,The Haunting of Hill House,SHOW,2018,TV-MA,58,"['drama', 'scifi', 'horror', 'thriller']",['US'],1.0,tt6763664,8.6,226817.0,4,1,drama,US
1857,ts57850,HAPPY!,SHOW,2017,TV-MA,43,"['scifi', 'comedy', 'thriller', 'action', 'crime', 'fantasy']",['US'],2.0,tt2452242,8.1,37747.0,6,1,scifi,US
1858,ts53663,Workin' Moms,SHOW,2017,TV-MA,22,"['comedy', 'drama']",['CA'],6.0,tt6143796,7.8,14892.0,2,1,comedy,CA
1860,ts79229,Wild Wild Country,SHOW,2018,TV-MA,67,"['crime', 'documentation']",['US'],1.0,tt7768848,8.1,29298.0,2,1,crime,US
1861,ts77955,Somebody Feed Phil,SHOW,2018,TV-14,52,['documentation'],['US'],5.0,tt7752034,8.2,4420.0,1,1,documentation,US
1862,ts75879,Big Mouth,SHOW,2017,TV-MA,27,"['animation', 'comedy', 'romance']",['US'],6.0,tt6524350,7.9,74660.0,3,1,animation,US
1864,ts57465,Dynasty,SHOW,2017,TV-14,42,['drama'],['US'],5.0,tt6128300,7.2,21136.0,1,1,drama,US
1866,ts54054,Imposters,SHOW,2017,TV-14,43,"['drama', 'comedy', 'crime']",['US'],2.0,tt5212822,7.8,13238.0,3,1,drama,US
1867,ts55982,Anne with an E,SHOW,2017,TV-G,46,"['drama', 'family']",['CA'],3.0,tt5421602,8.7,51001.0,2,1,drama,CA
1870,ts58133,Manhunt,SHOW,2017,TV-14,43,"['documentation', 'crime', 'thriller', 'drama']",['US'],2.0,tt5618256,8.1,57459.0,4,1,documentation,US
1873,ts53545,Santa Clarita Diet,SHOW,2017,TV-MA,29,"['comedy', 'horror']",['US'],3.0,tt5580540,7.9,64467.0,2,1,comedy,US
1875,ts84328,The Bureau of Magical Things,SHOW,2018,TV-G,23,"['scifi', 'family', 'fantasy']",['AU'],2.0,tt7153034,6.7,1914.0,3,1,scifi,AU
1876,ts53198,One Day at a Time,SHOW,2017,TV-PG,29,"['comedy', 'drama']",['US'],4.0,tt5339440,8.2,15669.0,2,1,comedy,US
1877,ts76243,The End of the F***ing World,SHOW,2017,TV-MA,21,"['crime', 'comedy', 'drama', 'romance', 'thriller']",['GB'],2.0,tt6257970,8.1,177868.0,5,1,crime,GB
1878,ts58367,Safe,SHOW,2018,TV-MA,45,"['drama', 'thriller', 'crime', 'european']",['GB'],1.0,tt7902072,7.2,41822.0,4,1,drama,GB
1879,ts55720,GLOW,SHOW,2017,TV-MA,34,"['drama', 'comedy', 'sport', 'reality']",['US'],4.0,tt0784878,8.0,44751.0,4,1,drama,US
1880,ts77852,Trolls: The Beat Goes On!,SHOW,2018,TV-G,21,"['comedy', 'romance', 'animation', 'family', 'fantasy']",['US'],8.0,tt7539608,5.8,798.0,5,1,comedy,US
1881,ts78430,Collateral,SHOW,2018,TV-MA,57,"['drama', 'thriller', 'crime']",['GB'],1.0,tt6729080,6.7,17304.0,3,1,drama,GB
1883,ts56261,Castlevania,SHOW,2017,TV-MA,26,"['scifi', 'drama', 'fantasy', 'horror', 'animation', 'action']",['US'],4.0,tt6517102,8.3,61114.0,6,1,scifi,US
1885,ts82849,The Kominsky Method,SHOW,2018,TV-MA,26,"['drama', 'comedy']",['US'],3.0,tt7255502,8.2,38232.0,2,1,drama,US
1886,ts74809,Knightfall,SHOW,2017,TV-14,44,"['action', 'drama', 'history']",['US'],2.0,tt4555364,6.7,19809.0,3,1,action,US
1887,ts56969,Atypical,SHOW,2017,TV-14,31,"['comedy', 'drama']",['US'],4.0,tt6315640,8.3,81643.0,2,1,comedy,US
1888,ts58155,Alias Grace,SHOW,2017,TV-MA,44,"['drama', 'thriller', 'crime']",['CA'],1.0,tt1034007,7.7,31577.0,3,1,drama,CA
1890,ts76458,Deadwind,SHOW,2018,TV-MA,46,"['drama', 'thriller', 'crime']",['FI'],3.0,tt6616260,7.3,8762.0,3,1,drama,FI
1892,ts39015,A Series of Unfortunate Events,SHOW,2017,TV-PG,47,"['action', 'family', 'comedy', 'drama']",['US'],3.0,tt4834206,7.8,59239.0,4,1,action,US
1894,ts74816,American Vandal,SHOW,2017,TV-MA,33,"['comedy', 'drama', 'crime']",['US'],2.0,tt6877772,8.1,29972.0,3,1,comedy,US
1895,ts52821,Watership Down,SHOW,2018,TV-PG,50,"['animation', 'action', 'drama', 'family', 'fantasy']",['GB'],1.0,tt5670764,7.2,6043.0,5,1,animation,GB
1896,ts77563,Mystery Science Theater 3000,SHOW,2017,TV-14,86,"['scifi', 'comedy', 'thriller', 'drama', 'horror']",['US'],2.0,tt6782014,8.2,3605.0,5,1,scifi,US
1897,ts80856,Chilling Adventures of Sabrina,SHOW,2018,TV-14,57,"['scifi', 'thriller', 'drama', 'horror', 'fantasy']",['US'],4.0,tt7569592,7.4,90327.0,5,1,scifi,US
1903,ts76869,Violet Evergarden,SHOW,2018,TV-14,25,"['drama', 'animation', 'scifi', 'fantasy', 'romance']",['JP'],1.0,tt7078180,8.4,19940.0,5,1,drama,JP
1904,ts82526,Narcos: Mexico,SHOW,2018,TV-MA,56,"['drama', 'crime']",['US'],3.0,tt8714904,8.4,80902.0,2,1,drama,US
1906,ts72247,Disenchantment,SHOW,2018,TV-14,29,"['scifi', 'comedy', 'fantasy', 'animation', 'action']",['US'],4.0,tt5363918,7.2,58639.0,5,1,scifi,US
1909,ts82189,BAKI,SHOW,2018,TV-MA,24,"['action', 'animation', 'drama', 'sport']",['JP'],3.0,tt6357658,6.7,5706.0,4,1,action,JP
1913,ts74823,Wet Hot American Summer: Ten Years Later,SHOW,2017,TV-MA,27,['comedy'],['US'],1.0,tt5669272,6.9,8502.0,1,1,comedy,US
1916,ts77197,Seven Seconds,SHOW,2018,TV-MA,62,"['crime', 'drama']",['US'],1.0,tt6297682,7.7,15323.0,2,1,crime,US
1919,ts76865,Devilman Crybaby,SHOW,2018,TV-MA,25,"['scifi', 'animation', 'action', 'drama', 'fantasy', 'horror']",['JP'],1.0,tt6660498,7.6,18575.0,6,1,scifi,JP
1921,ts312241,Oats Studios,SHOW,2017,TV-MA,6,"['scifi', 'horror']",['US'],1.0,tt16351432,6.4,870.0,2,1,scifi,US
1922,ts121489,Two Sentence Horror Stories,SHOW,2017,TV-14,22,"['drama', 'horror', 'thriller']",['US'],4.0,tt6873926,5.5,1841.0,3,1,drama,US
1924,ts55781,Black Spot,SHOW,2017,TV-MA,55,"['drama', 'thriller', 'crime', 'horror', 'european']","['BE', 'FR']",2.0,tt6519410,7.4,10705.0,5,2,drama,BE
1925,ts87369,Rust Valley Restorers,SHOW,2018,TV-14,45,['documentation'],['CA'],4.0,tt9498102,7.8,2732.0,1,1,documentation,CA
1927,ts78080,Everything Sucks!,SHOW,2018,TV-14,24,"['drama', 'comedy']",['US'],1.0,tt7078710,7.5,18023.0,2,1,drama,US
1929,ts58307,Bad Blood,SHOW,2017,TV-14,46,"['drama', 'crime']",['CA'],2.0,tt6423364,7.5,9593.0,2,1,drama,CA
1930,ts55645,Five Came Back,SHOW,2017,TV-MA,65,"['war', 'documentation', 'history']",['US'],1.0,tt6587094,8.3,4600.0,3,1,war,US
1932,ts78558,Queer Eye,SHOW,2018,TV-14,47,['reality'],['US'],6.0,tt7259746,8.5,18147.0,1,1,reality,US
1934,ts79926,James Acaster: Repertoire,SHOW,2018,TV-14,52,['comedy'],['GB'],1.0,tt7818686,8.4,3545.0,1,1,comedy,GB
1935,ts56648,The Keepers,SHOW,2017,TV-MA,56,"['crime', 'action', 'drama', 'documentation']",['US'],1.0,tt6792200,7.6,14.0,4,1,crime,US
1938,ts42294,13 Reasons Why,SHOW,2017,TV-MA,58,"['drama', 'thriller']",['US'],4.0,tt1837492,7.5,282373.0,2,1,drama,US
1939,ts84010,Pine Gap,SHOW,2018,TV-MA,56,"['drama', 'thriller']",['AU'],1.0,tt7371868,7.2,4772.0,2,1,drama,AU
1941,ts80035,Nightflyers,SHOW,2018,TV-MA,44,"['scifi', 'thriller', 'drama', 'horror']",['US'],1.0,tt6903284,5.8,13103.0,4,1,scifi,US
1943,ts57055,Black Lightning,SHOW,2018,TV-14,42,"['scifi', 'action', 'drama']",['US'],4.0,tt6045840,6.1,24646.0,3,1,scifi,US
1950,ts56480,Troy: Fall of a City,SHOW,2018,TV-MA,58,"['war', 'fantasy', 'romance', 'action']",['GB'],1.0,tt5103758,3.9,13677.0,4,1,war,GB
1952,ts82597,The Dragon Prince,SHOW,2018,TV-Y7,27,"['scifi', 'animation', 'action', 'drama', 'family', 'fantasy', 'thriller']",['US'],3.0,tt8688814,8.4,21635.0,7,1,scifi,US
1953,ts55962,Dear White People,SHOW,2017,TV-MA,29,"['comedy', 'drama']",['US'],4.0,tt5707802,6.1,24863.0,2,1,comedy,US
1955,ts75164,VeggieTales in the City,SHOW,2017,TV-Y,23,"['comedy', 'family', 'music', 'animation']",['US'],3.0,tt6562134,5.7,110.0,4,1,comedy,US
1956,ts78452,Requiem,SHOW,2018,TV-MA,58,"['drama', 'animation', 'fantasy', 'thriller']",['GB'],1.0,tt6712390,6.4,6421.0,4,1,drama,GB
1957,ts75263,Wormwood,SHOW,2017,TV-14,43,"['crime', 'drama', 'documentation', 'fantasy']",['US'],1.0,tt1149367,7.0,4181.0,4,1,crime,US
1958,ts85568,Perfume,SHOW,2018,TV-MA,29,"['crime', 'thriller', 'drama', 'documentation', 'comedy', 'romance']",['DE'],1.0,tt10163260,7.1,8536.0,6,1,crime,DE
1961,ts80705,Evil Genius,SHOW,2018,TV-MA,48,"['crime', 'documentation']",['US'],1.0,tt8342862,7.5,27516.0,2,1,crime,US
1965,ts81344,Explained,SHOW,2018,TV-MA,21,['documentation'],['US'],3.0,tt8005374,8.0,8831.0,1,1,documentation,US
1967,ts82228,Cells at Work!,SHOW,2018,TV-14,23,"['action', 'fantasy', 'animation', 'comedy']",['JP'],2.0,tt8673610,7.5,2206.0,4,1,action,JP
1968,ts81331,She-Ra and the Princesses of Power,SHOW,2018,TV-Y7,24,"['scifi', 'action', 'family', 'animation', 'fantasy', 'comedy', 'drama']",['US'],5.0,tt7745956,7.8,14935.0,7,1,scifi,US
1969,ts55798,Stranger,SHOW,2017,TV-MA,64,"['drama', 'thriller', 'crime', 'romance', 'scifi', 'comedy']",['KR'],2.0,tt5545948,8.5,7645.0,6,1,drama,KR
1970,ts78356,The Rain,SHOW,2018,TV-MA,43,"['drama', 'scifi', 'thriller']",['DK'],3.0,tt6656238,7.3,616.0,3,1,drama,DK
1971,ts86169,The Innocent Man,SHOW,2018,TV-MA,47,"['documentation', 'crime']",['US'],1.0,tt0914376,7.3,5883.0,2,1,documentation,US
1974,ts84280,Rascal Does Not Dream of Bunny Girl Senpai,SHOW,2018,TV-14,25,"['animation', 'comedy', 'thriller', 'fantasy', 'romance', 'drama']",['JP'],1.0,tt8993398,8.1,10400.0,6,1,animation,JP
1981,ts77957,Dirty Money,SHOW,2018,TV-14,63,"['crime', 'documentation']",['US'],2.0,tt7889220,8.1,9099.0,2,1,crime,US
1982,ts84904,Tidelands,SHOW,2018,TV-MA,42,"['scifi', 'fantasy', 'crime', 'drama']",['AU'],1.0,tt6898970,6.8,7727.0,4,1,scifi,AU
1983,ts83999,Hilda,SHOW,2018,TV-Y7,25,"['scifi', 'family', 'fantasy', 'animation', 'comedy', 'drama']",['GB'],2.0,tt6385540,8.5,10162.0,6,1,scifi,GB
1984,ts57303,Friends from College,SHOW,2017,TV-MA,30,"['comedy', 'drama']",['US'],2.0,tt5565334,6.9,20242.0,2,1,comedy,US
1987,ts58025,My Little Pony: Equestria Girls,SHOW,2017,TV-Y,24,"['animation', 'comedy', 'family', 'fantasy']",['US'],1.0,tt13160278,6.4,642.0,4,1,animation,US
1988,ts82302,Insatiable,SHOW,2018,TV-MA,46,"['drama', 'comedy', 'thriller']",['US'],2.0,tt6487482,6.5,27275.0,3,1,drama,US
1990,ts85895,Better Than Us,SHOW,2018,TV-MA,52,"['scifi', 'drama']",['RU'],2.0,tt8285216,7.3,8711.0,2,1,scifi,RU
1991,ts56511,Cable Girls,SHOW,2017,TV-MA,50,"['drama', 'european']",['ES'],5.0,tt5674718,7.6,13855.0,2,1,drama,ES
1992,ts57822,Sick Note,SHOW,2017,TV-MA,24,"['comedy', 'crime']",['GB'],2.0,tt5770788,6.8,7173.0,2,1,comedy,GB
1997,ts79546,MEGALOBOX,SHOW,2018,TV-MA,24,"['action', 'animation', 'drama', 'scifi', 'sport']",['JP'],2.0,tt7965802,7.8,3144.0,5,1,action,JP
2003,ts84533,Transformers: Cyberverse,SHOW,2018,TV-Y7,11,"['action', 'animation', 'scifi']",['US'],3.0,tt8891990,6.5,350.0,3,1,action,US
2005,ts83455,Wanderlust,SHOW,2018,TV-MA,57,['drama'],[],1.0,tt7608238,7.0,5225.0,1,0,drama,Unknown
2006,ts75772,Jack Whitehall: Travels with My Father,SHOW,2017,TV-MA,46,"['reality', 'comedy', 'documentation', 'european']",['GB'],5.0,tt7453996,7.6,5388.0,4,1,reality,GB
2008,ts77518,Teasing Master Takagi-san,SHOW,2018,TV-PG,24,"['comedy', 'animation', 'romance']",['JP'],3.0,tt7808344,7.7,2030.0,3,1,comedy,JP
2009,ts79234,The Boss Baby: Back in Business,SHOW,2018,TV-G,23,"['action', 'comedy', 'animation', 'family', 'fantasy']",['US'],4.0,tt7741824,6.4,3595.0,5,1,action,US
2011,ts77824,My Next Guest Needs No Introduction With David Letterman,SHOW,2018,TV-MA,55,[],['US'],4.0,tt7829834,7.9,5194.0,0,1,Unknown,US
2015,ts80720,Scissor Seven,SHOW,2018,TV-PG,15,"['action', 'animation', 'comedy', 'drama', 'fantasy', 'romance']",['CN'],3.0,tt11503082,8.5,297.0,6,1,action,CN
2016,ts57439,Damnation,SHOW,2017,TV-MA,43,"['western', 'drama', 'crime']",['US'],1.0,tt6106704,7.6,8111.0,3,1,western,US
2023,ts75157,The Magic School Bus Rides Again,SHOW,2017,TV-Y,25,"['animation', 'family', 'fantasy']",['US'],3.0,tt3869122,6.2,812.0,3,1,animation,US
2027,ts58152,Cathedral of the Sea,SHOW,2018,TV-MA,57,"['drama', 'history']",['ES'],1.0,tt4944694,7.4,4292.0,2,1,drama,ES
2028,ts84779,Haunted,SHOW,2018,TV-MA,25,"['documentation', 'horror', 'reality']",['US'],3.0,tt9077192,4.6,3150.0,3,1,documentation,US
2033,ts56038,Dave Chappelle,SHOW,2017,Not Rated,60,"['comedy', 'documentation']",['US'],1.0,tt6963504,8.7,2753.0,2,1,comedy,US
2035,ts84574,Salt Fat Acid Heat,SHOW,2018,Not Rated,40,['documentation'],['US'],1.0,tt8772088,7.7,2419.0,1,1,documentation,US
2036,ts56481,Great News,SHOW,2017,TV-PG,21,['comedy'],['US'],2.0,tt4955480,7.0,6810.0,1,1,comedy,US
2037,ts82560,Dark Tourist,SHOW,2018,TV-MA,41,"['action', 'documentation']",['NZ'],1.0,tt8725166,7.5,7158.0,2,1,action,NZ
2039,ts55231,Abstract: The Art of Design,SHOW,2017,TV-14,45,['documentation'],['US'],2.0,tt6333098,8.4,5306.0,1,1,documentation,US
2041,ts88783,Bakugan: Battle Planet,SHOW,2018,TV-Y7,20,"['scifi', 'animation', 'action', 'comedy', 'family', 'fantasy']",['JP'],4.0,tt9527662,5.1,220.0,6,1,scifi,JP
2043,ts57814,Kakegurui,SHOW,2017,TV-14,24,"['action', 'animation', 'drama', 'thriller']",['JP'],2.0,tt7131720,7.2,8547.0,4,1,action,JP
2044,ts113109,Numberblocks,SHOW,2017,TV-Y,5,['animation'],['GB'],5.0,tt7978538,8.6,198.0,1,1,animation,GB
2045,ts85138,Dogs,SHOW,2018,TV-PG,50,['documentation'],['US'],2.0,tt0262158,8.0,1269.0,1,1,documentation,US
2046,ts57424,The Forest,SHOW,2017,TV-MA,52,"['crime', 'thriller', 'drama', 'european']",['FR'],1.0,tt6560040,7.2,10137.0,4,1,crime,FR
2048,ts82281,Zoids Wild,SHOW,2018,TV-Y7,21,"['scifi', 'action', 'comedy', 'animation']",['JP'],1.0,tt12317724,6.0,25.0,4,1,scifi,JP
2050,ts77474,Mr. Sunshine,SHOW,2018,TV-MA,76,"['drama', 'action', 'history', 'romance', 'war']",['KR'],1.0,tt7094780,8.7,6855.0,5,1,drama,KR
2055,ts57964,Hotel Transylvania: The Series,SHOW,2017,TV-Y7,16,"['comedy', 'family', 'fantasy', 'horror', 'animation']",['US'],2.0,tt4858114,5.5,694.0,5,1,comedy,US
2057,ts78298,My Mister,SHOW,2018,TV-14,79,"['drama', 'family']",['KR'],1.0,tt7923710,9.2,5481.0,2,1,drama,KR
2058,ts83251,Magic for Humans,SHOW,2018,TV-14,24,"['comedy', 'reality']",['US'],3.0,tt8425308,7.1,3316.0,2,1,comedy,US
2059,ts55194,Bill Nye Saves the World,SHOW,2017,TV-14,30,['comedy'],['US'],3.0,tt6026278,3.5,7233.0,1,1,comedy,US
2060,ts84335,1983,SHOW,2018,TV-MA,57,"['drama', 'crime', 'thriller']",['PL'],1.0,tt7371666,6.8,4173.0,3,1,drama,PL
2066,ts57947,Unit 42,SHOW,2017,Not Rated,48,"['crime', 'thriller', 'drama', 'european']",['BE'],2.0,tt6136644,7.0,2311.0,4,1,crime,BE
2067,ts53936,Innocent,SHOW,2017,TV-14,51,"['drama', 'crime']",['TR'],1.0,tt6478854,8.4,17727.0,2,1,drama,TR
2068,ts83763,Black Earth Rising,SHOW,2018,TV-MA,59,"['crime', 'thriller']",['GB'],1.0,tt7660730,7.4,4790.0,2,1,crime,GB
2072,ts82892,I Am a Killer,SHOW,2018,TV-MA,46,"['crime', 'documentation']",['GB'],2.0,tt8300324,7.4,3937.0,2,1,crime,GB
2074,ts79422,Nailed It!,SHOW,2018,TV-PG,33,"['reality', 'comedy']",['US'],6.0,tt6987788,7.4,4682.0,2,1,reality,US
2075,ts80523,Aggretsuko,SHOW,2018,TV-14,16,"['animation', 'music', 'romance', 'comedy', 'drama']",['JP'],4.0,tt8019444,8.0,6005.0,5,1,animation,JP
2076,ts83561,Immortals,SHOW,2018,TV-MA,28,"['scifi', 'action', 'drama', 'fantasy', 'thriller', 'music']",['TR'],1.0,tt8063174,5.4,3087.0,6,1,scifi,TR
2080,ts78382,On My Block,SHOW,2018,TV-14,29,"['comedy', 'drama']",['US'],4.0,tt7879820,7.9,15642.0,2,1,comedy,US
2081,ts86296,Sunderland 'Til I Die,SHOW,2018,TV-MA,41,"['documentation', 'sport']",['GB'],2.0,tt8914684,8.1,7943.0,2,1,documentation,GB
2082,ts41527,Gypsy,SHOW,2017,TV-MA,59,"['drama', 'thriller']",['US'],1.0,tt5503718,6.8,16133.0,2,1,drama,US
2085,ts78507,Alexa & Katie,SHOW,2018,TV-Y7,25,"['comedy', 'drama']",['US'],4.0,tt6916746,7.4,4687.0,2,1,comedy,US
2091,ts89538,Bitter Daisies,SHOW,2018,Not Rated,71,"['drama', 'thriller']",['ES'],2.0,tt9412454,7.2,3274.0,2,1,drama,ES
2095,ts57464,Life Sentence,SHOW,2018,TV-14,42,"['drama', 'comedy']",['US'],1.0,tt6088922,6.4,3855.0,2,1,drama,US
2096,ts228255,Cry Babies Magic Tears,SHOW,2018,TV-Y,12,"['animation', 'family']",['FR'],2.0,tt11067738,4.8,36.0,2,1,animation,FR
2097,ts58175,She's Gotta Have It,SHOW,2017,TV-MA,32,['comedy'],['US'],2.0,tt0196291,6.8,4624.0,1,1,comedy,US
2098,ts77525,The Toys That Made Us,SHOW,2017,TV-14,45,"['documentation', 'comedy', 'history']",['US'],3.0,tt7053920,8.0,5545.0,3,1,documentation,US
2099,ts58225,The Standups,SHOW,2017,TV-MA,30,['comedy'],['US'],3.0,tt15250768,6.6,1225.0,1,1,comedy,US
2100,ts84243,Baby,SHOW,2018,TV-MA,45,['drama'],['IT'],3.0,tt7645192,6.8,10990.0,1,1,drama,IT
2101,ts78231,Unsolved: The Murders of Tupac and The Notorious B.I.G.,SHOW,2018,TV-MA,45,['crime'],['US'],1.0,tt6233618,7.8,7651.0,1,1,crime,US
2102,ts56594,Disjointed,SHOW,2017,TV-MA,27,['comedy'],['US'],2.0,tt5884792,6.8,9980.0,1,1,comedy,US
2104,ts57080,Spirit: Riding Free,SHOW,2017,TV-Y7,23,"['action', 'animation', 'comedy', 'drama', 'family', 'western', 'documentation']",['US'],11.0,tt11942070,6.6,993.0,7,1,action,US
2110,ts57082,White Gold,SHOW,2017,TV-MA,29,"['comedy', 'european']",['GB'],2.0,tt6010920,7.4,10981.0,2,1,comedy,GB
2111,ts53101,Voice,SHOW,2017,TV-14,63,"['crime', 'thriller', 'action']",['KR'],4.0,tt6212854,7.5,1949.0,3,1,crime,KR
2112,ts81885,The Good Cop,SHOW,2018,TV-PG,49,"['comedy', 'drama', 'crime', 'documentation']",['US'],1.0,tt7183074,6.9,5620.0,4,1,comedy,US
2115,ts77783,Record of Grancrest War,SHOW,2018,TV-14,24,"['scifi', 'action', 'fantasy', 'war', 'animation']",['JP'],1.0,tt7897050,7.1,893.0,5,1,scifi,JP
2116,ts79020,Hitler's Circle of Evil,SHOW,2018,TV-14,52,"['documentation', 'war', 'history']",['GB'],1.0,tt6600720,8.0,4241.0,3,1,documentation,GB
2118,ts77799,Rotten,SHOW,2018,TV-MA,56,['documentation'],['US'],2.0,tt7763662,7.2,3675.0,1,1,documentation,US
2120,ts75749,Because This Is My First Life,SHOW,2017,TV-14,56,"['comedy', 'drama', 'romance']",['KR'],1.0,tt7278588,8.2,4168.0,3,1,comedy,KR
2122,ts86945,Abby Hatcher,SHOW,2018,TV-Y,20,"['fantasy', 'animation', 'comedy', 'family']",['US'],3.0,tt9433014,6.1,163.0,4,1,fantasy,US
2123,ts84056,Unauthorized Living,SHOW,2018,TV-MA,76,['drama'],['ES'],2.0,tt6970700,7.4,4555.0,1,1,drama,ES
2124,ts89069,LEGO Friends: Girls on a Mission,SHOW,2018,TV-Y,11,['animation'],"['DK', 'US']",4.0,tt9327146,7.7,106.0,1,2,animation,DK
2125,ts76417,Tabula Rasa,SHOW,2017,TV-MA,52,"['drama', 'horror', 'thriller', 'european']",['BE'],1.0,tt5197860,8.0,10161.0,4,1,drama,BE
2126,ts86814,Murder Mountain,SHOW,2018,TV-MA,49,"['crime', 'documentation']",['US'],1.0,tt9078908,6.8,3045.0,2,1,crime,US
2127,ts85968,Nicky Jam: El Ganador,SHOW,2018,Not Rated,44,"['drama', 'music']",['PR'],1.0,tt7949200,7.7,1129.0,2,1,drama,PR
2128,ts85837,SKY Castle,SHOW,2018,TV-MA,68,['drama'],['KR'],1.0,tt9151274,8.6,2835.0,1,1,drama,KR
2129,ts76313,Sisters,SHOW,2017,TV-14,36,"['drama', 'comedy']",['AU'],1.0,tt8453436,7.5,1729.0,2,1,drama,AU
2130,ts75355,Suburra: Blood on Rome,SHOW,2017,TV-MA,48,"['crime', 'action', 'european']",['IT'],3.0,tt7197684,7.9,14346.0,3,1,crime,IT
2135,ts83745,Norm Macdonald Has a Show,SHOW,2018,Not Rated,35,['comedy'],['US'],1.0,tt8139862,8.6,3473.0,1,1,comedy,US
2137,ts76486,Just Between Lovers,SHOW,2017,TV-14,73,"['drama', 'romance']",['KR'],1.0,tt7521898,8.2,1872.0,2,1,drama,KR
2138,ts82372,The Epic Tales of Captain Underpants,SHOW,2018,TV-Y7,24,"['animation', 'comedy', 'family', 'action']",['US'],4.0,tt7741830,6.7,879.0,4,1,animation,US
2139,ts79045,Ugly Delicious,SHOW,2018,TV-MA,51,['documentation'],['US'],2.0,tt7907916,7.8,3505.0,1,1,documentation,US
2140,ts81757,The House of Flowers,SHOW,2018,TV-MA,31,"['drama', 'comedy']",['MX'],3.0,tt8387348,7.6,7722.0,2,1,drama,MX
2143,ts55491,Somewhere Between,SHOW,2017,TV-14,42,"['crime', 'drama', 'scifi', 'thriller']",['US'],1.0,tt6467294,6.2,5746.0,4,1,crime,US
2144,ts77600,Hot Date,SHOW,2017,TV-MA,19,['comedy'],['US'],2.0,tt7603386,7.1,616.0,1,1,comedy,US
2149,ts80411,Lawless Lawyer,SHOW,2018,TV-14,64,"['action', 'crime', 'drama', 'thriller']",['KR'],1.0,tt8160178,7.7,1572.0,4,1,action,KR
2153,ts78217,Welcome to the Family,SHOW,2018,TV-MA,48,['comedy'],['ES'],2.0,tt7490342,6.6,442.0,1,1,comedy,ES
2154,ts78299,Llama Llama,SHOW,2018,TV-Y,15,"['animation', 'family']",['US'],2.0,tt4781350,6.5,270.0,2,1,animation,US
2155,ts75002,Borderliner,SHOW,2017,TV-MA,49,"['drama', 'thriller', 'crime', 'history', 'war', 'documentation']",['NO'],1.0,tt0332902,6.8,3999.0,6,1,drama,NO
2158,ts76753,A Korean Odyssey,SHOW,2017,TV-MA,75,"['comedy', 'romance', 'fantasy', 'horror']",['KR'],1.0,tt7099334,8.0,4535.0,4,1,comedy,KR
2165,ts77755,Power Rangers Ninja Steel,SHOW,2017,TV-Y7,24,"['action', 'scifi', 'thriller', 'drama']",['US'],2.0,tt5335606,6.1,862.0,4,1,action,US
2168,ts56201,Cloudy with a Chance of Meatballs,SHOW,2017,TV-Y7,11,"['action', 'fantasy', 'scifi', 'animation', 'comedy', 'family']",['CA'],2.0,tt4123482,3.4,750.0,6,1,action,CA
2169,ts88234,Man Like Mobeen,SHOW,2017,TV-MA,22,['comedy'],['GB'],3.0,tt7639280,8.0,2664.0,1,1,comedy,GB
2172,ts53960,Granblue Fantasy: The Animation,SHOW,2017,TV-14,23,"['scifi', 'animation', 'fantasy']",['JP'],2.0,tt6138612,6.4,391.0,3,1,scifi,JP
2174,ts81414,Meteor Garden,SHOW,2018,TV-14,45,"['comedy', 'family', 'drama', 'romance']",['CN'],1.0,tt8690890,7.9,3921.0,4,1,comedy,CN
2175,ts77014,Wolf,SHOW,2018,TV-MA,80,"['war', 'drama', 'action', 'thriller']",['TR'],1.0,tt7146600,8.1,7426.0,4,1,war,TR
2176,ts56993,Fallet,SHOW,2017,TV-MA,28,"['drama', 'comedy', 'crime', 'european']",['SE'],1.0,tt6433844,6.8,1873.0,4,1,drama,SE
2178,ts81542,The Hollow,SHOW,2018,TV-Y7,24,"['comedy', 'scifi', 'animation', 'drama', 'family']",['CA'],2.0,tt6193336,7.1,4198.0,5,1,comedy,CA
2179,ts83232,The Mire,SHOW,2018,TV-MA,51,"['crime', 'drama', 'thriller']",['PL'],2.0,tt8855592,7.0,4312.0,3,1,crime,PL
2181,ts82268,GHOUL,SHOW,2018,TV-MA,46,"['scifi', 'drama', 'fantasy', 'horror']",['IN'],2.0,tt5909930,8.0,6.0,4,1,scifi,IN
2182,ts87043,Transformers: Rescue Bots Academy,SHOW,2018,TV-Y,12,"['scifi', 'animation', 'action', 'comedy', 'family']",[],2.0,tt9557874,6.0,100.0,5,0,scifi,Unknown
2184,ts86164,Hero Mask,SHOW,2018,TV-14,24,"['scifi', 'animation', 'action', 'crime']",['JP'],2.0,tt9316078,6.1,657.0,4,1,scifi,JP
2185,ts9075,The Fix,SHOW,2018,TV-MA,29,['comedy'],['US'],1.0,tt5960546,7.0,1895.0,1,1,comedy,US
2187,ts83790,The Beauty Inside,SHOW,2018,TV-14,68,"['drama', 'fantasy', 'romance']",['KR'],1.0,tt8801708,7.6,1889.0,3,1,drama,KR
2188,ts57811,Fate/Apocrypha,SHOW,2017,TV-14,24,"['action', 'scifi', 'animation', 'drama', 'fantasy']",['JP'],1.0,tt6424454,6.6,2259.0,5,1,action,JP
2191,ts85686,The Casketeers,SHOW,2018,TV-14,22,"['reality', 'documentation']",['NZ'],5.0,tt8365054,7.5,450.0,2,1,reality,NZ
2192,ts83360,The Guest,SHOW,2018,TV-MA,66,"['crime', 'thriller', 'drama', 'horror', 'comedy']",['KR'],1.0,tt8801670,8.1,1537.0,5,1,crime,KR
2194,ts95569,Rainbow Rangers,SHOW,2018,TV-Y,22,"['family', 'fantasy', 'animation']",['US'],2.0,tt7967882,5.8,187.0,3,1,family,US
2198,ts78590,The Mechanism,SHOW,2018,TV-MA,47,"['drama', 'thriller', 'crime']",['BR'],2.0,tt6873658,8.0,36077.0,3,1,drama,BR
2199,ts77520,Mob Psycho 100,SHOW,2018,Not Rated,24,"['action', 'scifi', 'thriller']",['JP'],1.0,tt7701694,5.2,509.0,3,1,action,JP
2203,ts85170,Memories of the Alhambra,SHOW,2018,TV-MA,68,"['action', 'scifi', 'thriller', 'drama', 'romance']",['KR'],1.0,tt8236556,7.8,5363.0,5,1,action,KR
2204,ts90594,Barbie: Dreamhouse Adventures,SHOW,2018,TV-Y,22,"['comedy', 'family', 'animation']",['US'],5.0,tt7661472,6.7,525.0,3,1,comedy,US
2206,ts83502,Ad Vitam,SHOW,2018,TV-MA,52,"['scifi', 'crime', 'drama']",['FR'],1.0,tt8548830,6.4,1625.0,3,1,scifi,FR
2208,ts85034,Patriot Act with Hasan Minhaj,SHOW,2018,TV-MA,25,['comedy'],['US'],6.0,tt8080054,8.2,7222.0,1,1,comedy,US
2210,ts83537,Signs,SHOW,2018,TV-MA,46,"['thriller', 'crime', 'european']",['PL'],2.0,tt8917248,6.4,1608.0,3,1,thriller,PL
2212,ts79157,B: The Beginning,SHOW,2018,TV-MA,25,"['scifi', 'action', 'drama', 'thriller', 'horror', 'animation', 'fantasy', 'crime']",['JP'],2.0,tt7944664,7.1,4803.0,8,1,scifi,JP
2213,ts81918,Sugar Rush,SHOW,2018,TV-PG,51,['reality'],['US'],3.0,tt8680560,7.0,1508.0,1,1,reality,US
2215,ts56718,El Chapo,SHOW,2017,TV-MA,44,"['drama', 'action', 'history', 'crime']",['US'],3.0,tt6692188,7.8,17992.0,4,1,drama,US
2216,ts80959,Sacred Games,SHOW,2018,TV-MA,50,"['action', 'thriller', 'crime', 'drama']",['IN'],2.0,tt10810630,8.6,85088.0,4,1,action,IN
2217,ts53693,The Worst Witch,SHOW,2017,TV-Y7,27,"['scifi', 'fantasy', 'family', 'european']",['GB'],4.0,tt5721172,7.2,2375.0,4,1,scifi,GB
2218,ts75477,The Confession Tapes,SHOW,2017,TV-MA,43,"['documentation', 'crime']",['US'],2.0,tt7349602,7.5,5340.0,2,1,documentation,US
2219,ts131579,Thieves of the Wood,SHOW,2018,TV-MA,47,"['drama', 'history', 'action', 'thriller', 'comedy', 'documentation']",['BE'],1.0,tt5766086,6.8,2533.0,6,1,drama,BE
2221,ts85175,Girl from Nowhere,SHOW,2018,TV-MA,44,"['drama', 'fantasy', 'horror', 'thriller', 'crime']",['TH'],2.0,tt8824648,7.6,3979.0,5,1,drama,TH
2222,ts83071,Afflicted,SHOW,2018,TV-MA,42,"['reality', 'documentation']",['BR'],1.0,tt8792570,5.1,1119.0,2,1,reality,BR
2223,ts77545,Dope,SHOW,2017,TV-MA,48,"['war', 'crime', 'documentation', 'thriller', 'comedy', 'drama']",['US'],3.0,tt7782022,7.3,1643.0,6,1,war,US
2224,ts83540,Paradise PD,SHOW,2018,TV-MA,27,"['comedy', 'crime', 'animation', 'action']",['US'],3.0,tt8235236,6.8,17779.0,4,1,comedy,US
2225,ts236347,Thus Spoke Kishibe Rohan,SHOW,2017,TV-MA,24,"['action', 'scifi', 'thriller', 'animation', 'drama', 'fantasy']",['JP'],1.0,tt13887556,7.6,1131.0,6,1,action,JP
2227,ts78206,Welcome to Waikiki,SHOW,2018,TV-MA,64,"['drama', 'comedy', 'reality']",['KR'],3.0,tt7890304,8.3,2038.0,3,1,drama,KR
2228,ts84135,The Inmate,SHOW,2018,TV-MA,53,"['crime', 'thriller', 'drama']",['MX'],1.0,tt8452308,6.9,2641.0,3,1,crime,MX
2229,ts79026,The Innocents,SHOW,2018,TV-MA,46,"['drama', 'scifi', 'horror', 'romance', 'thriller']",['GB'],2.0,tt8021824,6.2,5784.0,5,1,drama,GB
2231,ts56045,Charité,SHOW,2017,TV-MA,49,"['drama', 'history', 'european']",['DE'],3.0,tt5337806,7.8,3274.0,3,1,drama,DE
2233,ts87194,Instant Hotel,SHOW,2018,TV-MA,49,['reality'],['AU'],2.0,tt9316032,7.3,1482.0,1,1,reality,AU
2234,ts68146,Myths & Monsters,SHOW,2017,TV-PG,43,"['documentation', 'fantasy', 'european']",['GB'],1.0,tt11279458,7.8,811.0,3,1,documentation,GB
2235,ts76603,Erased,SHOW,2017,TV-14,28,"['drama', 'scifi', 'thriller', 'fantasy']",['JP'],1.0,tt7573686,7.8,3596.0,4,1,drama,JP
2236,ts84930,The Hook Up Plan,SHOW,2018,TV-14,28,"['comedy', 'romance']",['FR'],3.0,tt9170638,7.2,5212.0,2,1,comedy,FR
2237,ts78246,Kiss Me First,SHOW,2018,TV-MA,47,"['scifi', 'thriller', 'drama']",['GB'],1.0,tt5730690,6.2,3874.0,3,1,scifi,GB
2239,ts81526,November 13: Attack on Paris,SHOW,2018,TV-MA,54,['documentation'],['FR'],1.0,tt8194716,8.3,3105.0,1,1,documentation,FR
2240,ts81583,Life,SHOW,2018,Not Rated,64,"['drama', 'thriller']",['KR'],1.0,tt8243158,7.6,688.0,2,1,drama,KR
2245,ts55581,The Bride of Habaek,SHOW,2017,TV-14,67,"['drama', 'romance', 'comedy', 'fantasy']",['KR'],1.0,tt6385752,7.1,2501.0,4,1,drama,KR
2248,ts56933,The New Legends of Monkey,SHOW,2018,TV-PG,25,"['scifi', 'action', 'comedy', 'fantasy']",['NZ'],2.0,tt6807662,6.4,4308.0,4,1,scifi,NZ
2249,ts84645,Medal of Honor,SHOW,2018,TV-MA,55,"['documentation', 'war']",['US'],1.0,tt7440274,8.2,1687.0,2,1,documentation,US
2253,ts74962,True and the Rainbow Kingdom,SHOW,2017,TV-Y,21,"['comedy', 'family', 'fantasy', 'animation']",['CA'],4.0,tt5607658,7.1,439.0,4,1,comedy,CA
2255,ts79997,Something in the Rain,SHOW,2018,TV-MA,70,"['drama', 'romance']",['KR'],1.0,tt8078816,8.2,5654.0,2,1,drama,KR
2257,ts75676,The Velvet Collection,SHOW,2017,TV-14,57,"['drama', 'comedy', 'romance', 'european']",['ES'],3.0,tt6762348,7.3,1376.0,4,1,drama,ES
2261,ts58297,The Indian Detective,SHOW,2017,Not Rated,43,"['comedy', 'drama', 'crime']",['CA'],1.0,tt5797220,6.6,3078.0,3,1,comedy,CA
2262,ts55939,Bonus Family,SHOW,2017,Not Rated,44,"['drama', 'reality', 'family', 'comedy', 'documentation', 'music', 'european']",['SE'],4.0,tt0869654,2.3,15.0,7,1,drama,SE
2263,ts86994,Serial Killer with Piers Morgan,SHOW,2017,TV-14,47,"['crime', 'documentation']",['GB'],2.0,tt7667038,3.8,1394.0,2,1,crime,GB
2266,ts53264,My Shy Boss,SHOW,2017,TV-MA,71,"['comedy', 'drama', 'romance']",['KR'],1.0,tt6257622,7.3,1537.0,3,1,comedy,KR
2267,ts309731,Gormiti,SHOW,2018,TV-Y,11,"['comedy', 'action', 'animation', 'fantasy', 'thriller']","['ES', 'IT']",4.0,tt9077350,5.3,111.0,5,2,comedy,ES
2269,ts85822,Selection Day,SHOW,2018,TV-14,25,"['drama', 'comedy', 'sport']",['IN'],1.0,tt10656928,7.4,2176.0,3,1,drama,IN
2270,ts80617,The Protector,SHOW,2018,TV-MA,43,"['action', 'scifi', 'fantasy', 'drama']",['TR'],4.0,tt7668518,6.5,34396.0,4,1,action,TR
2274,ts81821,The Queen of Flow,SHOW,2018,TV-MA,45,"['drama', 'family', 'music']",['CO'],2.0,tt8560918,7.7,1202.0,3,1,drama,CO
2275,ts82705,Cupcake & Dino - General Services,SHOW,2018,TV-Y7,16,"['animation', 'action', 'comedy', 'family']","['BR', 'CA']",2.0,tt8697554,7.5,663.0,4,2,animation,BR
2279,ts321277,Daniel Sloss: Live Shows,SHOW,2018,TV-MA,60,['comedy'],['US'],1.0,tt8858472,8.5,3387.0,1,1,comedy,US
2280,ts84646,Warrior,SHOW,2018,TV-MA,42,"['action', 'drama', 'crime']",['DK'],1.0,tt9249090,6.7,1966.0,3,1,action,DK
2282,ts56033,Surviving Escobar - Alias JJ,SHOW,2017,TV-MA,42,"['crime', 'drama']",['CO'],1.0,tt6809396,7.7,985.0,2,1,crime,CO
2283,ts85515,Bangkok Love Stories 2: Innocence,SHOW,2018,Not Rated,47,"['drama', 'romance']",['TH'],1.0,tt10438662,6.7,199.0,2,1,drama,TH
2284,ts70631,Children of the Whales,SHOW,2017,TV-14,24,"['scifi', 'animation', 'drama', 'fantasy']",['JP'],1.0,tt7484994,7.1,1524.0,4,1,scifi,JP
2287,ts78291,Dogs of Berlin,SHOW,2018,TV-MA,60,"['drama', 'thriller', 'action', 'crime']",['DE'],1.0,tt6839788,7.5,12453.0,4,1,drama,DE
2288,ts57985,Free Rein,SHOW,2017,TV-G,28,"['comedy', 'drama', 'family', 'action', 'documentation']",['US'],3.0,tt6928052,7.0,2062.0,5,1,comedy,US
2292,ts80600,Luis Miguel: The Series,SHOW,2018,TV-14,56,"['drama', 'romance', 'history', 'music']",['MX'],3.0,tt8045690,8.0,4556.0,4,1,drama,MX
2293,ts55232,Cyborg 009: Call of Justice,SHOW,2017,TV-14,24,"['action', 'scifi', 'animation']",['JP'],1.0,tt6921524,5.7,217.0,3,1,action,JP
2294,ts79182,Cocaine Coast,SHOW,2018,TV-MA,67,"['drama', 'thriller', 'crime']",['ES'],1.0,tt6970710,7.9,3696.0,3,1,drama,ES
2296,ts85967,Bumping Mics with Jeff Ross & Dave Attell,SHOW,2018,TV-MA,34,['comedy'],['US'],1.0,tt9203078,7.7,1145.0,1,1,comedy,US
2299,ts78031,Ultraviolet,SHOW,2017,TV-MA,46,"['drama', 'crime', 'european']",['PL'],2.0,tt7514746,7.0,1573.0,3,1,drama,PL
2300,ts56670,Hot Girls Wanted: Turned On,SHOW,2017,TV-MA,47,['documentation'],['US'],1.0,tt6333104,6.6,2168.0,1,1,documentation,US
2301,ts86682,7 Days Out,SHOW,2018,TV-PG,50,['documentation'],['US'],1.0,tt9315990,6.8,531.0,1,1,documentation,US
2302,ts75286,Greenhouse Academy,SHOW,2017,TV-PG,23,['drama'],['US'],4.0,tt6076336,6.6,5967.0,1,1,drama,US
2303,ts82218,Hi Score Girl,SHOW,2018,TV-PG,27,"['action', 'animation', 'comedy', 'romance']",['JP'],2.0,tt8963328,8.0,1952.0,4,1,action,JP
2309,ts55978,Samurai Gourmet,SHOW,2017,Not Rated,22,['comedy'],['JP'],1.0,tt6304676,8.1,2053.0,1,1,comedy,JP
2310,ts82770,Camarón Revolution,SHOW,2018,TV-14,52,['reality'],['ES'],1.0,Unknown,6.5334469051675175,2279.0,1,1,reality,ES
2311,ts75341,Final Fantasy XIV: Dad of Light,SHOW,2017,TV-PG,30,['drama'],['JP'],1.0,tt6497076,7.2,592.0,1,1,drama,JP
2312,ts83906,Car Masters: Rust to Riches,SHOW,2018,TV-PG,39,['reality'],['US'],3.0,tt8893550,8.4,10024.0,1,1,reality,US
2315,ts82565,Sparta,SHOW,2018,TV-MA,53,"['drama', 'thriller']",['RU'],1.0,tt6840106,6.6,443.0,2,1,drama,RU
2317,ts78789,Re: Mind,SHOW,2017,TV-MA,23,"['drama', 'thriller']",['JP'],1.0,tt7332652,4.9,1531.0,2,1,drama,JP
2318,ts92825,Lego Jurassic World: The Secret Exhibit,SHOW,2018,TV-Y,22,"['scifi', 'animation', 'action', 'comedy', 'family']",['US'],1.0,tt9322614,6.2,244.0,5,1,scifi,US
2320,ts56125,Ingobernable,SHOW,2017,TV-MA,40,"['war', 'crime', 'drama', 'thriller']",['MX'],3.0,tt6495756,7.2,3052.0,4,1,war,MX
2321,ts89130,If I Hadn't Met You,SHOW,2018,TV-MA,52,"['scifi', 'romance', 'drama', 'fantasy']",['ES'],1.0,tt8517780,7.7,2283.0,4,1,scifi,ES
2322,ts79660,Creeped Out,SHOW,2017,TV-PG,25,"['scifi', 'family', 'fantasy', 'horror', 'thriller', 'drama']","['CA', 'GB']",2.0,tt7573024,6.5,1826.0,6,2,scifi,CA
2324,ts39016,Girlboss,SHOW,2017,TV-MA,27,['comedy'],['US'],1.0,tt5706996,7.0,17525.0,1,1,comedy,US
2325,ts80519,Spy Kids: Mission Critical,SHOW,2018,TV-Y7,25,"['action', 'romance', 'thriller', 'scifi', 'family', 'comedy', 'drama', 'animation']",['US'],3.0,tt6714408,5.2,372.0,8,1,action,US
2327,ts75981,The Royal House of Windsor,SHOW,2017,TV-14,49,"['documentation', 'history', 'european']",['GB'],1.0,tt6596634,7.3,1541.0,3,1,documentation,GB
2329,ts81318,When Heroes Fly,SHOW,2018,Not Rated,48,"['action', 'war', 'drama']",['IL'],1.0,tt8220344,7.1,3123.0,3,1,action,IL
2331,ts79219,Flint Town,SHOW,2018,TV-MA,45,"['crime', 'action', 'documentation']",['US'],1.0,tt8004578,7.9,3633.0,3,1,crime,US
2337,ts79409,A.I.C.O. -Incarnation-,SHOW,2018,TV-14,24,"['scifi', 'animation', 'action']",['JP'],1.0,tt8116380,6.3,1189.0,3,1,scifi,JP
2338,ts53399,Eternal Love,SHOW,2017,TV-14,45,"['scifi', 'drama', 'fantasy', 'romance', 'family']",['CN'],1.0,tt6488862,8.4,2214.0,5,1,scifi,CN
2340,ts90596,Polly Pocket,SHOW,2018,Not Rated,13,"['animation', 'comedy', 'family', 'fantasy']","['CA', 'US', 'IE']",3.0,tt8673042,5.9,119.0,4,3,animation,CA
2342,ts77787,Pop Team Epic,SHOW,2018,TV-MA,23,"['comedy', 'animation']",['JP'],2.0,tt7808370,6.9,815.0,2,1,comedy,JP
2347,ts82127,Sirius the Jaeger,SHOW,2018,TV-MA,23,"['scifi', 'action', 'history', 'horror', 'animation']",['JP'],1.0,tt8565136,6.7,1883.0,5,1,scifi,JP
2348,ts78353,Misty,SHOW,2018,TV-MA,71,"['crime', 'romance', 'thriller', 'drama']",['KR'],1.0,tt7890244,8.1,596.0,4,1,crime,KR
2349,ts103638,Standup and Away! with Brian Regan,SHOW,2018,TV-PG,25,['comedy'],['US'],1.0,tt9384194,5.7,390.0,1,1,comedy,US
2350,ts77034,A Love So Beautiful,SHOW,2017,TV-14,41,"['drama', 'comedy', 'romance']",['CN'],1.0,tt8434720,8.0,1386.0,3,1,drama,CN
2351,ts86949,The A List,SHOW,2018,TV-PG,27,"['drama', 'crime', 'thriller']",['GB'],2.0,tt9185110,5.5,2787.0,3,1,drama,GB
2357,ts76511,The Big Family Cooking Showdown,SHOW,2017,TV-PG,59,"['reality', 'european']",['GB'],2.0,tt7518558,7.0,665.0,2,1,reality,GB
2359,ts55348,QB1: Beyond the Lights,SHOW,2017,TV-14,32,"['reality', 'documentation', 'sport']",['US'],3.0,tt5771332,7.7,895.0,3,1,reality,US
2360,ts80208,Fugitiva,SHOW,2018,TV-MA,90,"['drama', 'crime', 'thriller', 'action']",['ES'],1.0,tt7158972,5.6,658.0,4,1,drama,ES
2366,ts82559,Amazing Interiors,SHOW,2018,TV-PG,26,['documentation'],"['US', 'GB']",1.0,tt8747342,6.6,797.0,1,2,documentation,US
2368,ts80466,Secret Agent Selection: WW2,SHOW,2018,Not Rated,59,"['war', 'documentation', 'history', 'european']",['GB'],1.0,tt8268994,7.8,551.0,4,1,war,GB
2370,ts80090,The Piano Forest,SHOW,2018,TV-PG,26,"['drama', 'comedy', 'animation']",['JP'],2.0,tt8043492,7.1,883.0,3,1,drama,JP
2371,ts80313,Bobby Kennedy for President,SHOW,2018,TV-MA,61,"['documentation', 'drama']",['US'],1.0,tt8200004,8.1,1759.0,2,1,documentation,US
2372,ts90994,Chip and Potato,SHOW,2018,TV-Y,15,['animation'],['US'],3.0,tt9897038,6.4,155.0,1,1,animation,US
2377,ts84346,Falsa identidad,SHOW,2018,TV-14,43,"['action', 'thriller', 'crime', 'drama']","['US', 'MX']",2.0,tt8598690,7.0,351.0,4,2,action,US
2380,ts84833,Diablero,SHOW,2018,TV-MA,38,"['scifi', 'drama', 'fantasy', 'horror', 'thriller', 'family']",['MX'],2.0,tt7414954,6.8,2521.0,6,1,scifi,MX
2382,ts84932,Super Drags,SHOW,2018,TV-MA,25,"['comedy', 'fantasy', 'animation']",['BR'],1.0,tt8912244,5.4,1685.0,3,1,comedy,BR
2385,ts81734,Chosen,SHOW,2018,TV-14,70,['action'],['CN'],2.0,tt7317178,5.2,127.0,1,1,action,CN
2389,ts77405,Bad Guys: Vile City,SHOW,2017,Not Rated,64,"['action', 'animation', 'comedy', 'crime', 'drama']",['KR'],1.0,tt12404980,6.0,29.0,5,1,action,KR
2390,ts79679,The Yard,SHOW,2018,TV-MA,108,"['drama', 'crime']",['TR'],3.0,tt7923832,7.2,1605.0,2,1,drama,TR
2395,ts78053,Kakegurui,SHOW,2018,TV-MA,30,"['drama', 'thriller']",['JP'],2.0,tt7691766,6.8,966.0,2,1,drama,JP
2396,ts80057,Last Hope,SHOW,2018,TV-14,24,"['scifi', 'animation', 'action']",['JP'],1.0,tt8893554,5.8,427.0,3,1,scifi,JP
2397,ts111582,The Platform,SHOW,2018,TV-14,45,['music'],['ES'],2.0,tt8254954,6.2,7.0,1,1,music,ES
2403,ts80413,Busted!,SHOW,2018,TV-14,75,"['comedy', 'reality']",['KR'],3.0,tt8328460,7.6,898.0,2,1,comedy,KR
2406,ts85659,3Below: Tales of Arcadia,SHOW,2018,TV-Y7,22,"['comedy', 'scifi', 'action', 'animation', 'family', 'fantasy']",['US'],2.0,tt7736544,7.7,5927.0,6,1,comedy,US
2409,ts82298,Familiar Wife,SHOW,2018,TV-MA,61,"['scifi', 'drama', 'fantasy', 'romance']",['KR'],1.0,tt15062636,7.6,937.0,4,1,scifi,KR
2410,ts54050,Ultimate Beastmaster,SHOW,2017,TV-PG,59,"['reality', 'action']",['US'],3.0,tt5706758,7.3,2359.0,2,1,reality,US
2413,ts57196,The World's Most Extraordinary Homes,SHOW,2017,TV-G,54,"['documentation', 'european']",['GB'],2.0,tt7804132,7.6,3380.0,2,1,documentation,GB
2418,ts77770,Fate/Extra Last Encore,SHOW,2018,Not Rated,25,"['action', 'fantasy', 'animation']",['JP'],2.0,tt7940468,5.4,772.0,3,1,action,JP
2424,ts78913,Live,SHOW,2018,Not Rated,46,"['drama', 'comedy', 'crime']",['KR'],1.0,tt12094726,8.3,1208.0,3,1,drama,KR
2425,ts55936,My Secret Romance,SHOW,2017,TV-14,52,"['comedy', 'romance']",['KR'],1.0,tt6300100,7.2,3108.0,2,1,comedy,KR
2427,ts81944,The Comedy Lineup,SHOW,2018,TV-MA,18,"['comedy', 'action']",[],2.0,tt8687584,5.9,457.0,2,0,comedy,Unknown
2430,ts84597,FIGHTWORLD,SHOW,2018,TV-MA,42,['documentation'],['US'],1.0,tt9047526,7.6,806.0,1,1,documentation,US
2432,ts76478,Prison Playbook,SHOW,2017,Not Rated,91,"['comedy', 'drama']",['KR'],1.0,tt7622902,8.5,3060.0,2,1,comedy,KR
2433,ts78767,First Team: Juventus,SHOW,2018,TV-G,36,"['scifi', 'sport', 'documentation', 'reality']",['IT'],2.0,tt7924812,7.3,2061.0,4,1,scifi,IT
2436,ts85732,The Final Table,SHOW,2018,TV-PG,43,['reality'],['US'],1.0,tt5545584,7.6,3989.0,1,1,reality,US
2440,ts82875,Switched,SHOW,2018,TV-MA,39,"['drama', 'scifi']",['JP'],1.0,tt8747882,7.1,1402.0,2,1,drama,JP
2447,ts80059,Trump: An American Dream,SHOW,2017,TV-14,55,"['documentation', 'european']",['GB'],1.0,tt7596008,7.2,4003.0,2,1,documentation,GB
2448,ts83814,Undercover Law,SHOW,2018,Not Rated,57,"['drama', 'action']",['CO'],1.0,tt8888710,7.2,214.0,2,1,drama,CO
2450,ts36650,Apaches,SHOW,2018,TV-MA,67,"['drama', 'crime', 'thriller', 'action', 'european']",['ES'],1.0,tt6818948,7.0,293.0,5,1,drama,ES
2451,ts57300,Marlon,SHOW,2017,TV-PG,21,['comedy'],['US'],2.0,tt5722376,7.0,4056.0,1,1,comedy,US
2452,ts56636,My Sassy Girl,SHOW,2017,TV-14,41,"['comedy', 'romance']",['KR'],1.0,tt6175760,6.9,561.0,2,1,comedy,KR
2453,ts84780,Wild District,SHOW,2018,TV-MA,45,"['drama', 'thriller', 'action', 'crime']",['CO'],2.0,tt8105958,8.2,1898.0,4,1,drama,CO
2455,ts75012,Million Yen Women,SHOW,2017,Not Rated,30,"['drama', 'comedy']",['JP'],1.0,tt6686450,7.6,1794.0,2,1,drama,JP
2456,ts82296,My ID is Gangnam Beauty,SHOW,2018,TV-MA,63,"['drama', 'comedy', 'romance']",['KR'],1.0,tt8585954,7.4,3774.0,3,1,drama,KR
2457,ts57148,Champions,SHOW,2018,TV-PG,21,['comedy'],['US'],1.0,tt6470396,6.1,3736.0,1,1,comedy,US
2459,ts83359,100 Days My Prince,SHOW,2018,TV-14,75,"['drama', 'thriller', 'comedy', 'history', 'romance', 'action']",['KR'],1.0,tt8199972,7.8,1938.0,6,1,drama,KR
2463,ts79330,Girls Incarcerated,SHOW,2018,TV-MA,45,"['reality', 'documentation']",['GB'],2.0,tt8092942,7.3,1073.0,2,1,reality,GB
2465,ts85202,Brainchild,SHOW,2018,TV-Y7,25,"['documentation', 'family']",['US'],1.0,tt9203042,8.1,415.0,2,1,documentation,US
2467,ts81036,The Who Was? Show,SHOW,2018,Not Rated,25,"['comedy', 'family']",[],1.0,tt7488702,6.8,604.0,2,0,comedy,Unknown
2471,ts83457,Cleo & Cuquin,SHOW,2018,TV-Y,7,"['animation', 'family']","['ES', 'US']",2.0,tt7956374,8.0,98.0,2,2,animation,ES
2473,ts82181,Back Street Girls: Goku Dolls,SHOW,2018,TV-MA,24,"['comedy', 'animation']",['JP'],1.0,tt8693818,6.6,815.0,2,1,comedy,JP
2475,ts53516,Edgar Rice Burroughs' Tarzan and Jane,SHOW,2017,TV-Y7,21,"['action', 'scifi', 'animation', 'comedy', 'drama', 'family']",['US'],2.0,tt6216718,4.8,270.0,6,1,action,US
2477,ts112279,Empire Games,SHOW,2018,Not Rated,49,"['history', 'documentation']",[],1.0,tt8171234,5.8,306.0,2,0,history,Unknown
2480,ts82375,Beyblade Burst Turbo,SHOW,2018,TV-Y7,24,"['action', 'scifi']",['JP'],1.0,Unknown,6.5334469051675175,2279.0,2,1,action,JP
2481,ts95274,Age of Tanks,SHOW,2017,TV-PG,54,"['documentation', 'history']",['FR'],1.0,tt8107992,7.3,852.0,2,1,documentation,FR
2485,ts118696,Robot Trains,SHOW,2017,TV-Y7,12,"['fantasy', 'scifi', 'animation', 'action', 'comedy']",['KR'],3.0,tt7216288,6.0,87.0,5,1,fantasy,KR
2486,ts82398,My Dead Ex,SHOW,2018,Not Rated,25,"['drama', 'scifi', 'comedy']",['US'],1.0,tt7428106,7.4,478.0,3,1,drama,US
2488,ts116101,Crazy Delicious,SHOW,2017,Not Rated,51,['reality'],['GB'],1.0,tt7626160,8.9,15.0,1,1,reality,GB
2489,ts82867,Becoming Champions,SHOW,2018,TV-G,45,"['documentation', 'sport']",['US'],1.0,tt8796068,6.7,389.0,2,1,documentation,US
2490,ts83554,Inside the Criminal Mind,SHOW,2018,TV-MA,48,"['crime', 'documentation']",['US'],1.0,tt6775794,5.4,986.0,2,1,crime,US
2491,ts58442,Live Up To Your Name,SHOW,2017,TV-MA,69,"['drama', 'fantasy', 'romance']",['KR'],1.0,tt7094874,8.0,1224.0,3,1,drama,KR
2497,ts80030,Fastest Car,SHOW,2018,TV-MA,45,"['reality', 'documentation']",['US'],2.0,tt8295694,7.1,1324.0,2,1,reality,US
2500,ts84977,Terrorism Close Calls,SHOW,2018,Not Rated,51,['documentation'],['US'],1.0,tt6775816,5.1,688.0,1,1,documentation,US
2503,ts82424,13 Reasons Why: Beyond the Reasons,SHOW,2017,TV-MA,42,['documentation'],['US'],3.0,tt8615966,6.2,322.0,1,1,documentation,US
2507,ts83247,Stay Here,SHOW,2018,TV-PG,32,['reality'],['US'],1.0,tt8773338,7.4,1095.0,1,1,reality,US
2508,ts80410,Kantaro: The Sweet Tooth Salaryman,SHOW,2017,Not Rated,30,"['comedy', 'drama']",['JP'],1.0,tt6983520,7.6,791.0,2,1,comedy,JP
2509,ts79856,SWORDGAI The Animation,SHOW,2018,TV-MA,22,"['scifi', 'animation', 'action', 'fantasy', 'horror']",['JP'],2.0,tt7415066,5.8,907.0,5,1,scifi,JP
2510,ts76509,Beyond Stranger Things,SHOW,2017,TV-14,21,['documentation'],['US'],1.0,tt7570990,7.4,1883.0,1,1,documentation,US
2511,ts90880,44 Cats,SHOW,2018,TV-Y7,15,"['action', 'comedy', 'family', 'music', 'animation']",['IT'],5.0,tt9699148,6.1,283.0,5,1,action,IT
2519,ts80084,Dragon Pilot: Hisone and Masotan,SHOW,2018,TV-14,24,"['scifi', 'drama', 'animation', 'fantasy']",['JP'],1.0,tt8528256,6.9,494.0,4,1,scifi,JP
2520,ts86279,Nailed It! Holiday!,SHOW,2018,TV-PG,36,['reality'],['US'],2.0,tt8760264,7.7,1086.0,1,1,reality,US
2522,ts77467,Terrace House: Opening New Doors,SHOW,2017,Not Rated,40,"['reality', 'drama']",['JP'],6.0,tt7776244,7.8,952.0,2,1,reality,JP
2527,ts80042,ReBoot: The Guardian Code,SHOW,2018,TV-G,23,"['action', 'scifi', 'comedy', 'drama']",['CA'],2.0,tt6849940,3.8,1189.0,4,1,action,CA
2529,ts75718,Neo Yokio,SHOW,2017,TV-MA,23,"['scifi', 'action', 'animation', 'comedy', 'fantasy']",['US'],2.0,tt7343832,5.9,3359.0,5,1,scifi,US
2530,ts75620,Black,SHOW,2017,TV-MA,78,"['scifi', 'drama', 'action', 'thriller', 'horror', 'romance', 'crime', 'fantasy']",['KR'],2.0,tt6380900,8.0,3665.0,8,1,scifi,KR
2551,ts76159,Super Monsters,SHOW,2017,TV-Y,12,"['animation', 'comedy', 'family', 'horror']",['CA'],3.0,tt6214876,6.3,411.0,4,1,animation,CA
2556,ts76793,Shot in the Dark,SHOW,2017,TV-MA,35,"['reality', 'documentation', 'thriller']",['US'],1.0,tt10478382,8.0,1770.0,3,1,reality,US
2557,ts85236,Castle and Castle,SHOW,2018,TV-MA,58,['drama'],['NG'],2.0,Unknown,6.5334469051675175,2279.0,1,1,drama,NG
2564,ts55627,Time: The Kalief Browder Story,SHOW,2017,TV-MA,22,['documentation'],['US'],1.0,tt6133034,8.5,2641.0,1,1,documentation,US
2566,ts89067,Love and Fortune,SHOW,2018,TV-MA,69,"['drama', 'romance']",['JP'],1.0,tt8649316,7.3,547.0,2,1,drama,JP
2567,ts78145,Drug Lords,SHOW,2018,TV-MA,45,['documentation'],['US'],2.0,tt7935522,6.8,1305.0,1,1,documentation,US
2568,ts83407,Follow This,SHOW,2018,TV-MA,18,['documentation'],['US'],3.0,tt8560884,4.9,710.0,1,1,documentation,US
2569,ts85953,Paprika,SHOW,2018,TV-Y,13,"['animation', 'family']",['US'],1.0,tt12740488,7.5,26.0,2,1,animation,US
2570,ts84799,Victim Number 8,SHOW,2018,Not Rated,30,"['drama', 'crime', 'fantasy', 'action', 'thriller']",['ES'],1.0,tt8500086,7.0,1994.0,5,1,drama,ES
2571,ts83213,The Rise of Phoenixes,SHOW,2018,TV-14,45,"['drama', 'history', 'romance']",['CN'],1.0,tt7052634,8.4,1477.0,3,1,drama,CN
2574,ts57291,Unrequited Love,SHOW,2017,Not Rated,39,['drama'],['JP'],1.0,tt6917420,6.7,10.0,1,1,drama,JP
2590,ts85810,Al Hayba,SHOW,2017,TV-PG,45,"['action', 'thriller', 'crime', 'romance', 'drama']",['AE'],5.0,tt8585236,7.5,1201.0,5,1,action,AE
2591,ts85276,Hymn of Death,SHOW,2018,Not Rated,45,"['drama', 'history', 'music', 'romance']",['KR'],1.0,tt8160064,7.6,1104.0,4,1,drama,KR
2595,ts85126,The Degenerates,SHOW,2018,Not Rated,28,['comedy'],['US'],2.0,tt9077196,6.2,666.0,1,1,comedy,US
2596,ts85217,Motown Magic,SHOW,2018,TV-Y,17,"['animation', 'comedy', 'family', 'fantasy', 'music']",['US'],2.0,tt8959860,7.9,292.0,5,1,animation,US
2599,ts89372,Titipo Titipo,SHOW,2018,TV-Y,18,['animation'],['KR'],2.0,tt12987396,6.6,19.0,1,1,animation,KR
2600,ts83489,Blood Pact,SHOW,2018,Not Rated,60,"['drama', 'crime']",['BR'],1.0,tt6742610,6.7,140.0,2,1,drama,BR
2602,ts79988,Lost Song,SHOW,2018,TV-14,24,"['scifi', 'action', 'animation', 'drama', 'fantasy', 'music', 'romance']",['JP'],1.0,tt7211600,7.0,375.0,7,1,scifi,JP
2603,ts78692,Rapture,SHOW,2018,TV-MA,60,"['documentation', 'scifi', 'thriller', 'horror', 'music']",['US'],1.0,tt7981052,5.4,11.0,5,1,documentation,US
2606,ts84782,Larva Island,SHOW,2018,TV-Y7,8,"['comedy', 'animation']","['KR', 'US']",2.0,tt9077194,6.6,416.0,2,2,comedy,KR
2608,ts82419,Zac & Mia,SHOW,2017,TV-14,20,['drama'],['US'],2.0,tt7487358,7.8,622.0,1,1,drama,US
2609,ts95011,Move,SHOW,2018,TV-MA,25,['documentation'],['US'],1.0,tt9165300,7.5,112.0,1,1,documentation,US
2612,ts80342,AMO,SHOW,2018,TV-MA,24,['crime'],['PH'],1.0,tt7218736,6.6,410.0,1,1,crime,PH
2616,ts80479,Clean with Passion for Now,SHOW,2018,TV-MA,69,"['comedy', 'drama', 'romance']",['KR'],1.0,tt7981562,7.0,1246.0,3,1,comedy,KR
2618,ts74765,Daughters of Destiny,SHOW,2017,Not Rated,0,['documentation'],['IN'],1.0,tt1877895,8.6,900.0,1,1,documentation,IN
2619,ts90869,Love Daily,SHOW,2018,Not Rated,18,"['drama', 'romance']",['US'],1.0,tt7975182,6.2,153.0,2,1,drama,US
2622,ts58480,Ari Shaffir: Double Negative,SHOW,2017,Not Rated,45,['comedy'],['US'],1.0,Unknown,6.5334469051675175,2279.0,1,1,comedy,US
2627,ts94470,Relatable,SHOW,2018,Not Rated,0,['comedy'],[],2.0,tt13281898,6.5334469051675175,2279.0,1,0,comedy,Unknown
2628,ts92726,They've Gotta Have Us,SHOW,2018,TV-14,59,['documentation'],['GB'],1.0,tt9268756,7.7,292.0,1,1,documentation,GB
2630,ts224746,Millennials,SHOW,2018,TV-MA,35,['drama'],['AR'],3.0,Unknown,6.5334469051675175,2279.0,1,1,drama,AR
2638,ts83070,72 Dangerous Animals: Asia,SHOW,2018,TV-14,47,['documentation'],['US'],1.0,tt8728268,6.6,517.0,1,1,documentation,US
2639,ts85618,Prince of Peoria,SHOW,2018,TV-Y7,26,"['comedy', 'family']",['US'],2.0,tt8001718,5.7,471.0,2,1,comedy,US
2646,ts81596,Black Crows,SHOW,2017,TV-MA,39,"['war', 'drama', 'thriller']","['AE', 'SA', 'SY']",1.0,tt7356518,5.4,295.0,3,3,war,AE
2654,ts74959,Yummy Mummies,SHOW,2017,Not Rated,41,"['reality', 'comedy']",['AU'],2.0,tt7172230,4.0,673.0,2,1,reality,AU
2661,ts81485,Ponysitters Club,SHOW,2018,TV-Y,23,['family'],['US'],2.0,tt7692572,6.0,116.0,1,1,family,US
2662,ts82445,Ashes of Love,SHOW,2018,TV-14,43,"['drama', 'comedy', 'thriller', 'fantasy', 'romance']",['CN'],1.0,tt8976346,8.5,1875.0,5,1,drama,CN
2664,ts78099,72 Dangerous Animals: Latin America,SHOW,2017,Not Rated,43,['documentation'],"['AU', 'US']",1.0,tt7909708,6.5,559.0,1,2,documentation,AU
2668,ts85183,Vai Anitta,SHOW,2018,TV-MA,40,"['documentation', 'reality']",['BR'],2.0,tt8961530,5.6,448.0,2,1,documentation,BR
2669,ts84484,Dancing Queen,SHOW,2018,Not Rated,41,"['reality', 'music']",['US'],1.0,tt8882486,6.9,1590.0,2,1,reality,US
2674,ts83045,Accidentally In Love,SHOW,2018,TV-14,29,"['comedy', 'drama', 'music', 'romance']",['CN'],1.0,tt9077184,7.6,1100.0,4,1,comedy,CN
2677,ts78707,The Joel McHale Show with Joel McHale,SHOW,2018,TV-MA,29,['comedy'],['US'],2.0,tt7895706,7.1,2378.0,1,1,comedy,US
2678,ts76245,The Day I Met El Chapo: The Kate del Castillo Story,SHOW,2017,TV-MA,55,['documentation'],['MX'],1.0,tt7334894,6.8,1073.0,1,1,documentation,MX
2690,ts79086,Mariposa de barrio,SHOW,2017,TV-MA,46,['drama'],['US'],1.0,tt6834120,7.6,238.0,1,1,drama,US
2696,ts84200,Best.Worst.Weekend.Ever.,SHOW,2018,TV-PG,25,"['comedy', 'family']",['US'],1.0,tt7768010,6.4,297.0,2,1,comedy,US
2697,ts82500,Treehouse Detectives,SHOW,2018,TV-Y7,24,['animation'],[],3.0,tt8591984,7.6,93.0,1,0,animation,Unknown
2701,ts82192,Samantha!,SHOW,2018,TV-MA,28,['comedy'],['BR'],2.0,tt6626676,6.6,513.0,1,1,comedy,BR
2707,ts82323,On Children,SHOW,2018,Not Rated,100,"['drama', 'family', 'scifi']",['TW'],1.0,tt8507402,7.2,380.0,3,1,drama,TW
2711,ts55533,Legend Quest,SHOW,2017,TV-Y7,26,"['animation', 'comedy', 'fantasy']",['MX'],1.0,tt5038900,7.3,446.0,3,1,animation,MX
2712,ts76949,Trailer Park Boys: Out of the Park: USA,SHOW,2017,TV-MA,29,['comedy'],['CA'],1.0,Unknown,6.5334469051675175,2279.0,1,1,comedy,CA
2715,ts82843,The Curious Creations of Christine McConnell,SHOW,2018,TV-PG,27,"['reality', 'comedy', 'horror']",['US'],1.0,tt8773080,7.7,2391.0,3,1,reality,US
2718,ts75887,Paul Hollywood's Big Continental Road Trip,SHOW,2017,TV-14,58,"['documentation', 'european']",['GB'],1.0,tt7936386,7.4,206.0,2,1,documentation,GB
2727,ts90941,"Heidi, bienvenida a casa",SHOW,2017,TV-Y,46,"['comedy', 'family']",['AR'],1.0,tt7183310,6.2,20.0,2,1,comedy,AR
2763,ts84644,Westside,SHOW,2018,TV-MA,47,['reality'],['US'],1.0,tt8693758,6.0,168.0,1,1,reality,US
2764,ts83925,Boca Juniors Confidential,SHOW,2018,Not Rated,43,"['documentation', 'sport']",['AR'],1.0,tt8893546,6.3,350.0,2,1,documentation,AR
2766,ts83820,The Judgement,SHOW,2018,Not Rated,48,"['drama', 'crime']",['TH'],1.0,tt8866904,7.1,95.0,2,1,drama,TH
2768,ts55484,My Only Love Song,SHOW,2017,TV-MA,36,"['drama', 'comedy', 'fantasy', 'romance']",['KR'],1.0,tt6125832,7.0,647.0,4,1,drama,KR
2769,ts81856,Borges,SHOW,2018,TV-MA,24,['comedy'],['BR'],2.0,tt7895652,6.2,168.0,1,1,comedy,BR
2770,ts76771,Stretch Armstrong & the Flex Fighters,SHOW,2017,TV-G,23,"['action', 'comedy', 'scifi', 'animation']",['US'],2.0,tt1379164,6.2,307.0,4,1,action,US
2772,ts84179,Made in Mexico,SHOW,2018,Not Rated,50,['reality'],['US'],1.0,tt8871764,3.9,760.0,1,1,reality,US
2773,ts79585,Dinotrux: Supercharged,SHOW,2017,TV-Y7,23,"['family', 'animation', 'action', 'comedy']",['US'],3.0,tt7620702,7.5,94.0,4,1,family,US
2776,ts222363,Monkart,SHOW,2017,TV-Y7,12,[],['KR'],1.0,Unknown,6.5334469051675175,2279.0,0,1,Unknown,KR
2777,ts75750,Revolutionary Love,SHOW,2017,TV-MA,68,"['comedy', 'romance']",['KR'],1.0,tt7340800,6.9,666.0,2,1,comedy,KR
2778,ts76540,Dennis & Gnasher Unleashed!,SHOW,2017,TV-Y7,13,"['animation', 'comedy']",['GB'],2.0,tt7081512,7.3,82.0,2,1,animation,GB
2786,ts84555,The Unknown Hitman: The Story of El Cholo Adrián,SHOW,2017,TV-MA,49,"['action', 'crime']",['MX'],2.0,tt6524440,6.7,144.0,2,1,action,MX
2791,ts86067,Death by Magic,SHOW,2018,TV-14,33,['reality'],['US'],1.0,tt8887956,6.1,629.0,1,1,reality,US
2798,ts82085,Ainori Love Wagon: Asian Journey,SHOW,2017,Not Rated,27,['reality'],['JP'],2.0,tt11542960,6.8,271.0,1,1,reality,JP
2802,ts229123,Little Singham,SHOW,2018,Not Rated,12,['action'],['IN'],2.0,tt11151836,3.5,91.0,1,1,action,IN
2803,ts83204,Million Pound Menu,SHOW,2018,Not Rated,59,['reality'],['GB'],2.0,tt8488494,6.5,563.0,1,1,reality,GB
2805,ts83429,Take My Brother Away,SHOW,2018,Not Rated,46,"['comedy', 'drama', 'family']",[],1.0,tt8894324,6.7,161.0,3,0,comedy,Unknown
2806,ts83663,A Taiwanese Tale of Two Cities,SHOW,2018,Not Rated,68,['drama'],['TW'],2.0,tt8893498,6.1,159.0,1,1,drama,TW
2807,ts75491,Fire Chasers,SHOW,2017,Not Rated,58,['documentation'],['US'],1.0,tt7293754,6.6,368.0,1,1,documentation,US
2808,ts82564,Jimmy: The True Story of a True Idiot,SHOW,2018,TV-MA,42,"['drama', 'comedy']",['JP'],1.0,tt6866914,6.8,77.0,2,1,drama,JP
2811,ts83430,Smoking,SHOW,2018,TV-MA,24,"['drama', 'crime', 'comedy']",['JP'],2.0,tt8758778,7.4,456.0,3,1,drama,JP
2817,ts80859,Here to Heart,SHOW,2018,TV-14,45,"['drama', 'romance']",['CN'],1.0,tt8791742,7.5,219.0,2,1,drama,CN
2822,ts75357,LEGO Elves: Secrets of Elvendale,SHOW,2017,TV-Y7,24,"['scifi', 'animation', 'fantasy']",['US'],1.0,tt7322926,6.9,163.0,3,1,scifi,US
2828,ts84330,Oh My Ghost,SHOW,2018,Not Rated,51,"['drama', 'comedy']",['TH'],1.0,Unknown,6.5334469051675175,2279.0,2,1,drama,TH
2829,ts79707,Edha,SHOW,2018,TV-MA,40,['drama'],['AR'],1.0,tt7956274,4.9,632.0,1,1,drama,AR
2832,ts93947,Wrong Kind of Black,SHOW,2018,TV-MA,16,"['comedy', 'drama']",['AU'],1.0,tt8660874,7.7,148.0,2,1,comedy,AU
2836,ts82631,Monkey Twins,SHOW,2018,Not Rated,53,"['crime', 'action']",['TH'],1.0,tt8507498,7.9,92.0,2,1,crime,TH
2840,ts81827,True: Magical Friends,SHOW,2018,TV-Y,24,['animation'],['US'],1.0,Unknown,6.5334469051675175,2279.0,1,1,animation,US
2846,ts83025,Baby Ballroom,SHOW,2017,Not Rated,45,['documentation'],[],2.0,tt8159960,7.8,198.0,1,0,documentation,Unknown
2849,ts84167,Age of Rebellion,SHOW,2018,TV-MA,83,"['drama', 'romance', 'crime']",['TW'],1.0,tt8931836,8.6,49.0,3,1,drama,TW
2859,ts81886,All About the Washingtons,SHOW,2018,TV-G,23,"['comedy', 'music']",['US'],1.0,tt7661368,4.8,708.0,2,1,comedy,US
2865,ts77219,Part-Time Idol,SHOW,2017,TV-14,40,"['drama', 'family', 'music', 'comedy']",['KR'],1.0,tt8835780,6.7,108.0,4,1,drama,KR
2868,ts82550,The Single Wives,SHOW,2018,TV-MA,50,['reality'],[],1.0,tt8694342,6.5,73.0,1,0,reality,Unknown
2870,ts80445,The Honeymoon Stand Up Special,SHOW,2018,Not Rated,31,['comedy'],[],1.0,tt7698408,6.8,515.0,1,0,comedy,Unknown
2878,ts75320,A Boy Named Flora A,SHOW,2017,TV-MA,89,"['drama', 'comedy']",['TW'],2.0,tt6284014,7.9,314.0,2,1,drama,TW
2884,ts57913,Strongest Deliveryman,SHOW,2017,TV-MA,55,"['drama', 'romance']",['KR'],1.0,tt7022748,7.4,626.0,2,1,drama,KR
2892,ts82887,The Could've-Gone-All-the-Way Committee,SHOW,2018,TV-14,24,"['comedy', 'drama']",['JP'],1.0,tt8499662,6.8,102.0,2,1,comedy,JP
2905,ts77011,The Many Faces of Ito,SHOW,2017,Not Rated,30,"['drama', 'comedy', 'romance']",['JP'],1.0,tt7134506,6.7,244.0,3,1,drama,JP
2924,ts81632,A House of Blocks,SHOW,2017,TV-MA,84,"['horror', 'drama']",['TW'],1.0,tt7053684,2.3,137.0,2,1,horror,TW
2925,ts83710,First and Last,SHOW,2018,TV-MA,44,['documentation'],['US'],1.0,tt8893502,6.7,421.0,1,1,documentation,US
2927,ts265844,#ABtalks,SHOW,2018,TV-PG,68,[],[],1.0,tt12635254,9.6,7.0,0,0,Unknown,Unknown
2928,ts78757,Dave Chappelle: Equanimity & The Bird Revelation,SHOW,2017,TV-MA,57,['comedy'],['US'],1.0,Unknown,6.5334469051675175,2279.0,1,1,comedy,US
2938,ts272185,Running Man,SHOW,2017,Not Rated,11,"['animation', 'comedy']",['KR'],1.0,tt11256118,8.4,32.0,2,1,animation,KR
2939,ts53166,Julie's Greenroom,SHOW,2017,Not Rated,26,"['comedy', 'family']",['US'],1.0,tt5779222,8.2,328.0,2,1,comedy,US
2944,ts57281,All Hail King Julien: Exiled,SHOW,2017,TV-Y7,23,"['animation', 'comedy', 'family', 'fantasy']",['US'],1.0,tt6865906,7.5,559.0,4,1,animation,US
2952,ts317239,Falling in Love Like a Romantic Drama,SHOW,2018,TV-14,39,['reality'],['JP'],1.0,Unknown,6.5334469051675175,2279.0,1,1,reality,JP
2953,ts87591,Justice: Qalb Al Adala,SHOW,2017,TV-14,37,"['drama', 'crime']",['US'],1.0,tt5338544,5.6,155.0,2,1,drama,US
2956,ts80692,REA(L)OVE,SHOW,2018,TV-MA,45,['reality'],['JP'],1.0,tt8477194,6.6,210.0,1,1,reality,JP
2957,ts113031,Droppin' Cash: Los Angeles,SHOW,2018,TV-MA,23,['reality'],[],2.0,tt7983796,3.4,116.0,1,0,reality,Unknown
2958,ts75138,Argon,SHOW,2017,Not Rated,63,['drama'],['KR'],1.0,tt7094798,7.3,261.0,1,1,drama,KR
2962,ts55576,Buddy Thunderstruck,SHOW,2017,TV-Y7,22,"['comedy', 'sport', 'animation', 'action', 'family']",['US'],2.0,tt6591468,7.8,489.0,5,1,comedy,US
2966,ts76646,Blazing Transfer Students,SHOW,2017,TV-MA,26,"['action', 'comedy']",['JP'],1.0,tt7931520,7.0,116.0,2,1,action,JP
2967,ts81857,Club de Cuervos Presents: The Ballad of Hugo Sánchez,SHOW,2018,TV-MA,32,"['comedy', 'drama']",['MX'],1.0,tt8498114,6.4,816.0,2,1,comedy,MX
2970,ts101883,Regiment Diaries,SHOW,2018,TV-PG,42,['documentation'],[],2.0,tt9642576,8.6,80.0,1,0,documentation,Unknown
2975,ts84985,Robozuna,SHOW,2018,Not Rated,22,['animation'],['GB'],3.0,tt8454808,6.6,92.0,1,1,animation,GB
2985,ts86302,Check The Store Next Door,SHOW,2018,TV-14,30,"['comedy', 'drama']",['ID'],2.0,tt9545904,7.8,129.0,2,1,comedy,ID
2989,ts84038,Battlefish,SHOW,2018,Not Rated,45,['reality'],['US'],1.0,tt8893566,7.0,426.0,1,1,reality,US
2991,ts74805,A Little Help with Carol Burnett,SHOW,2018,TV-G,34,[],['US'],1.0,tt7204366,6.3,233.0,0,1,Unknown,US
2993,ts255677,Pucca: Love Recipe,SHOW,2018,TV-Y7,24,['comedy'],[],1.0,Unknown,6.5334469051675175,2279.0,1,0,comedy,Unknown
2998,ts82591,Spiritual House,SHOW,2017,TV-PG,41,[],['JP'],1.0,Unknown,6.5334469051675175,2279.0,0,1,Unknown,JP
3011,ts119220,The Hollywood Masters,SHOW,2017,TV-MA,34,['documentation'],['US'],3.0,tt7178034,7.2,86.0,1,1,documentation,US
3013,ts85250,Kulipari: Dream Walker,SHOW,2018,TV-Y7,19,"['fantasy', 'animation', 'action']",['US'],1.0,tt9203064,7.7,91.0,3,1,fantasy,US
3016,ts56251,ID-0,SHOW,2017,TV-14,24,"['scifi', 'animation', 'action', 'drama']",['JP'],1.0,tt7161218,6.2,320.0,4,1,scifi,JP
3019,ts106612,Chicken Soup for the Soul's Being Dad,SHOW,2018,TV-PG,40,['reality'],[],1.0,tt8908110,6.5334469051675175,2279.0,1,0,reality,Unknown
3041,ts55735,The Perfect Match,SHOW,2017,TV-14,44,"['comedy', 'drama']",['TW'],1.0,Unknown,6.5334469051675175,2279.0,2,1,comedy,TW
3042,ts82160,Harvey Street Kids,SHOW,2018,TV-Y7,24,"['action', 'family', 'animation', 'comedy']",['US'],4.0,tt7758552,6.8,249.0,4,1,action,US
3059,ts54112,Life Plan A and B,SHOW,2017,TV-PG,80,['drama'],['TW'],1.0,tt7034962,7.8,106.0,1,1,drama,TW
3078,ts97584,Highland: Thailand's Marijuana Awakening,SHOW,2017,TV-MA,20,['documentation'],['US'],1.0,tt7201224,6.2,24.0,1,1,documentation,US
3106,ts80751,The Break with Michelle Wolf,SHOW,2018,TV-MA,30,['comedy'],['US'],1.0,tt8010342,5.1,1862.0,1,1,comedy,US
3110,ts57116,Ask the Doctor,SHOW,2017,Not Rated,28,['documentation'],['AU'],3.0,tt7188736,6.5,289.0,1,1,documentation,AU
3115,ts80993,Kibaoh Klashers,SHOW,2017,TV-Y7,24,['scifi'],['CN'],2.0,tt7492122,6.3,17.0,1,1,scifi,CN
3119,ts81828,True: Wonderful Wishes,SHOW,2018,TV-Y,23,['animation'],['US'],1.0,Unknown,6.5334469051675175,2279.0,1,1,animation,US
3126,ts236619,Loo Loo Kids Johny & Friends Musical Adventure,SHOW,2018,TV-Y,3,[],['US'],1.0,Unknown,6.5334469051675175,2279.0,0,1,Unknown,US
3127,ts85660,The Sound of Your Heart: Reboot,SHOW,2018,Not Rated,34,['comedy'],['KR'],2.0,tt7885558,5.9,134.0,1,1,comedy,KR
3128,ts119730,Luo Bao Bei,SHOW,2018,TV-Y,11,['animation'],[],1.0,tt7192414,8.0,38.0,1,0,animation,Unknown
3129,ts268283,RIDE ON TIME,SHOW,2018,TV-PG,24,[],['JP'],3.0,Unknown,6.5334469051675175,2279.0,0,1,Unknown,JP
3130,ts104093,Dance & Sing With True,SHOW,2018,Not Rated,0,"['animation', 'family']",[],1.0,tt9315892,6.5334469051675175,2279.0,2,0,animation,Unknown
3131,ts86360,Pretty Man,SHOW,2018,TV-14,35,['family'],['CN'],2.0,Unknown,6.5334469051675175,2279.0,1,1,family,CN
3133,ts58061,Memories of Love,SHOW,2018,TV-PG,44,"['drama', 'romance']",['CN'],1.0,tt8246636,5.9,16.0,2,1,drama,CN
3136,ts80671,We Speak Dance,SHOW,2018,TV-MA,22,['documentation'],['US'],1.0,tt7737500,7.5,148.0,1,1,documentation,US
3147,ts84372,YG Future Strategy Office,SHOW,2018,TV-MA,27,['comedy'],['KR'],1.0,tt8129694,6.9,204.0,1,1,comedy,KR
3162,ts84341,What She Put on the Table,SHOW,2017,TV-14,85,['drama'],['TW'],1.0,tt7073222,7.3,30.0,1,1,drama,TW
3165,ts250172,Afronta!,SHOW,2017,TV-PG,0,['documentation'],['BR'],1.0,tt12467250,7.4,8.0,1,1,documentation,BR
3166,ts231159,Learning Songs by Little Baby Bum: Nursery Rhyme Friends,SHOW,2017,TV-Y,30,"['music', 'animation', 'family']",[],1.0,tt11456582,4.2,9.0,3,0,music,Unknown
3174,ts78444,Luna Petunia Return to Amazia,SHOW,2018,TV-Y,24,['animation'],['US'],2.0,tt7924854,4.8,48.0,1,1,animation,US
3178,ts86497,Russian Doll,SHOW,2019,TV-MA,28,"['drama', 'comedy']",['US'],2.0,tt7520794,7.8,88945.0,2,1,drama,US
3180,ts216679,Bridgerton,SHOW,2020,TV-MA,62,"['drama', 'romance']",['US'],4.0,tt8740790,7.3,122036.0,2,1,drama,US
3181,ts87466,Demon Slayer: Kimetsu no Yaiba,SHOW,2019,TV-MA,25,"['animation', 'scifi', 'action', 'fantasy', 'thriller', 'horror']",['JP'],3.0,tt9335498,8.7,88265.0,6,1,animation,JP
3182,ts82915,Sex Education,SHOW,2019,TV-MA,52,"['drama', 'comedy']",['GB'],4.0,tt7767422,8.3,251168.0,2,1,drama,GB
3183,ts81007,After Life,SHOW,2019,TV-MA,28,"['comedy', 'drama']",['GB'],3.0,tt8398600,8.5,124972.0,2,1,comedy,GB
3184,ts88361,"Love, Death & Robots",SHOW,2019,TV-MA,13,"['scifi', 'thriller', 'fantasy', 'horror', 'animation', 'action', 'drama', 'comedy']",['US'],3.0,tt9561862,8.4,131937.0,8,1,scifi,US
3185,ts76645,The Umbrella Academy,SHOW,2019,TV-14,52,"['comedy', 'drama', 'fantasy', 'scifi', 'action']",['US'],3.0,tt1312171,8.0,202522.0,5,1,comedy,US
3186,ts57327,The Witcher,SHOW,2019,TV-MA,58,"['scifi', 'action', 'drama', 'fantasy', 'horror']",['US'],2.0,tt5180504,8.2,465949.0,5,1,scifi,US
3189,ts87453,Space Force,SHOW,2020,TV-MA,30,['comedy'],['US'],2.0,tt9612516,6.7,61739.0,1,1,comedy,US
3190,ts88613,Formula 1: Drive to Survive,SHOW,2019,TV-MA,38,"['documentation', 'sport']",['GB'],6.0,tt8289930,8.6,36661.0,2,1,documentation,GB
3192,ts89259,The Queen's Gambit,SHOW,2020,TV-MA,56,"['drama', 'sport']",['US'],1.0,tt10048342,8.6,406350.0,2,1,drama,US
3193,ts89339,Selling Sunset,SHOW,2019,TV-MA,35,['reality'],['US'],5.0,tt9817298,6.5,5482.0,1,1,reality,US
3194,ts82914,Dead to Me,SHOW,2019,TV-MA,31,"['drama', 'crime', 'comedy']",['US'],2.0,tt9889712,8.0,73110.0,3,1,drama,US
3195,ts90234,I Think You Should Leave with Tim Robinson,SHOW,2019,TV-MA,16,['comedy'],['US'],3.0,tt10050772,7.9,11411.0,1,1,comedy,US
3196,ts81120,The Last Dance,SHOW,2020,TV-MA,50,"['documentation', 'history', 'sport']",['US'],1.0,tt8420184,9.1,108321.0,3,1,documentation,US
3197,ts224901,The Stranger,SHOW,2020,TV-MA,45,"['crime', 'thriller', 'drama']",['GB'],1.0,tt9698480,7.3,46564.0,3,1,crime,GB
3198,ts84146,Emily in Paris,SHOW,2020,TV-MA,29,"['drama', 'comedy', 'romance']",['US'],2.0,tt8962124,6.9,84302.0,3,1,drama,US
3199,ts221904,Unbelievable,SHOW,2019,TV-MA,48,"['drama', 'crime']",['US'],1.0,tt7909970,8.4,95658.0,2,1,drama,US
3200,ts82361,ULTRAMAN,SHOW,2019,TV-14,24,"['scifi', 'action', 'drama', 'fantasy', 'animation']",['JP'],3.0,tt8699270,6.8,2025.0,5,1,scifi,JP
3201,ts254656,Jurassic World: Camp Cretaceous,SHOW,2020,TV-PG,24,"['action', 'family', 'scifi', 'animation']",['US'],4.0,tt10436228,7.5,7423.0,4,1,action,US
3202,ts89840,Virgin River,SHOW,2019,TV-14,44,"['drama', 'romance']",['US'],3.0,tt9077530,7.4,34797.0,2,1,drama,US
3203,ts235655,Outer Banks,SHOW,2020,TV-MA,49,"['action', 'drama', 'romance', 'thriller', 'crime']",['US'],2.0,tt10293938,7.5,43404.0,5,1,action,US
3204,ts87953,Locke & Key,SHOW,2020,TV-14,48,"['scifi', 'thriller', 'drama', 'fantasy', 'horror']",['US'],3.0,tt3007572,7.4,72031.0,5,1,scifi,US
3206,ts223986,The Circle,SHOW,2020,TV-MA,52,['reality'],['US'],5.0,tt9581768,7.3,6380.0,1,1,reality,US
3209,ts252505,Are You Afraid of the Dark?,SHOW,2019,TV-PG,44,"['thriller', 'horror', 'family', 'drama', 'fantasy']",['US'],2.0,tt10473306,7.1,2151.0,5,1,thriller,US
3211,ts87248,In the Dark,SHOW,2019,TV-14,41,"['comedy', 'drama', 'crime', 'horror', 'action']",['US'],4.0,tt7772602,7.7,10927.0,5,1,comedy,US
3212,ts103702,Young Wallander,SHOW,2020,TV-MA,45,"['crime', 'drama', 'thriller']",['GB'],2.0,tt9359220,6.8,11039.0,3,1,crime,GB
3214,ts80962,Tuca & Bertie,SHOW,2019,TV-MA,24,"['comedy', 'animation']",['US'],2.0,tt8036272,7.3,6724.0,2,1,comedy,US
3219,ts225651,Feel Good,SHOW,2020,TV-MA,25,"['drama', 'comedy', 'romance']",['GB'],2.0,tt10098620,7.5,10317.0,3,1,drama,GB
3220,ts221016,Top Boy,SHOW,2019,TV-MA,44,['drama'],['GB'],3.0,Unknown,6.5334469051675175,2279.0,1,1,drama,GB
3222,ts304505,Love Is Blind,SHOW,2020,TV-MA,54,"['reality', 'romance']",['US'],5.0,tt11704040,6.1,7655.0,2,1,reality,US
3225,ts287836,Into the Night,SHOW,2020,TV-MA,36,"['scifi', 'drama', 'thriller']",['BE'],2.0,tt10919486,7.1,30746.0,3,1,scifi,BE
3226,ts284800,Criminal: UK,SHOW,2019,TV-MA,44,"['drama', 'thriller', 'crime']",['GB'],2.0,tt9348692,7.6,17992.0,3,1,drama,GB
3227,ts235758,Never Have I Ever,SHOW,2020,TV-14,28,"['drama', 'comedy']",['US'],4.0,tt10062292,7.8,45346.0,2,1,drama,US
3228,ts224303,The Daily Life of the Immortal King,SHOW,2020,TV-14,19,"['scifi', 'comedy', 'fantasy', 'animation', 'action']",['CN'],2.0,tt11755260,7.2,1211.0,5,1,scifi,CN
3231,ts242210,The Cursed,SHOW,2020,TV-MA,62,"['scifi', 'drama', 'fantasy', 'thriller']",['KR'],1.0,tt11841276,7.1,395.0,4,1,scifi,KR
3232,ts252758,Get Organized with The Home Edit,SHOW,2020,TV-PG,42,['reality'],['US'],2.0,tt10834478,5.3,1454.0,1,1,reality,US
3234,ts237107,Sweet Magnolias,SHOW,2020,TV-14,50,"['drama', 'romance']",['US'],2.0,tt9077540,7.3,17435.0,2,1,drama,US
3236,ts219660,Alice in Borderland,SHOW,2020,TV-MA,47,"['action', 'drama', 'scifi', 'thriller', 'fantasy']",['JP'],2.0,tt10795658,7.6,47651.0,5,1,action,JP
3237,ts95997,Raising Dion,SHOW,2019,TV-G,43,"['scifi', 'drama']",['US'],2.0,tt7826108,7.1,14464.0,2,1,scifi,US
3239,ts55762,Kingdom,SHOW,2019,TV-MA,48,"['action', 'thriller', 'drama', 'scifi', 'horror', 'history']",['KR'],2.0,tt6611916,8.3,43760.0,6,1,action,KR
3241,ts89564,Black Summer,SHOW,2019,TV-MA,39,"['scifi', 'action', 'drama', 'horror', 'thriller']",['US'],2.0,tt8923854,6.5,28657.0,5,1,scifi,US
3243,ts84633,The Promised Neverland,SHOW,2019,TV-MA,23,"['scifi', 'action', 'thriller', 'drama', 'fantasy', 'horror', 'animation']",['JP'],2.0,tt8788458,8.4,34730.0,7,1,scifi,JP
3244,ts88379,Dracula,SHOW,2020,TV-MA,88,"['action', 'drama', 'fantasy', 'horror', 'thriller']",['GB'],1.0,tt9165388,6.8,45971.0,5,1,action,GB
3249,ts57213,The Dark Crystal: Age of Resistance,SHOW,2019,TV-PG,51,"['scifi', 'drama', 'animation', 'fantasy', 'family', 'horror', 'action']","['GB', 'US']",1.0,tt6905542,8.4,24164.0,7,2,scifi,GB
3250,ts82913,When They See Us,SHOW,2019,TV-MA,74,"['drama', 'history', 'crime']",['US'],1.0,tt7137906,8.9,114127.0,3,1,drama,US
3251,ts241248,Cocomelon,SHOW,2019,TV-PG,8,"['animation', 'comedy', 'family']","['US', 'GB']",4.0,tt12427840,4.9,522.0,3,2,animation,US
3252,ts80709,Another Life,SHOW,2019,TV-MA,42,"['scifi', 'thriller', 'drama']",['US'],2.0,tt8369840,5.2,35108.0,3,1,scifi,US
3253,ts222439,Crash Landing on You,SHOW,2019,Not Rated,86,['drama'],['KR'],1.0,Unknown,6.5334469051675175,2279.0,1,1,drama,KR
3254,ts83082,Living with Yourself,SHOW,2019,TV-MA,26,"['drama', 'comedy', 'scifi']",['US'],2.0,tt8880894,7.2,30134.0,3,1,drama,US
3256,ts218569,The Movies That Made Us,SHOW,2019,TV-PG,47,"['history', 'documentation', 'family']",['US'],3.0,tt10681222,7.6,6147.0,3,1,history,US
3257,ts113842,Giri/Haji,SHOW,2019,TV-MA,58,"['thriller', 'crime', 'drama']",['GB'],1.0,tt8001106,7.8,13570.0,3,1,thriller,GB
3258,ts223210,Don't F**k with Cats: Hunting an Internet Killer,SHOW,2019,TV-MA,62,"['crime', 'documentation']","['US', 'GB']",1.0,tt11318602,8.0,50250.0,2,2,crime,US
3263,ts105825,The Valhalla Murders,SHOW,2019,TV-MA,46,"['thriller', 'crime', 'drama', 'scifi']",['IS'],1.0,tt9100822,7.1,13038.0,4,1,thriller,IS
3268,ts90448,The Hateful Eight: Extended Version,SHOW,2019,TV-MA,199,"['western', 'crime', 'thriller', 'drama']",['US'],1.0,Unknown,6.5334469051675175,2279.0,4,1,western,US
3269,ts246072,Barbarians,SHOW,2020,TV-MA,47,"['action', 'drama', 'history']",['DE'],1.0,tt9184986,7.2,23180.0,3,1,action,DE
3271,ts219101,Marianne,SHOW,2019,TV-MA,49,"['thriller', 'drama', 'horror']",['FR'],1.0,tt10875696,7.4,14518.0,3,1,thriller,FR
3272,ts221200,The Haunting of Bly Manor,SHOW,2020,TV-MA,55,"['drama', 'scifi', 'thriller', 'horror']",['US'],1.0,tt10970552,7.3,96015.0,4,1,drama,US
3273,ts83555,"Roswell, New Mexico",SHOW,2019,TV-14,42,"['scifi', 'drama', 'romance']",['US'],3.0,tt7588054,6.2,11928.0,3,1,scifi,US
3275,ts88577,Hollywood,SHOW,2020,TV-MA,50,"['drama', 'history']",['US'],1.0,tt9827854,7.5,35067.0,2,1,drama,US
3276,ts223548,The Midnight Gospel,SHOW,2020,TV-MA,25,['scifi'],['US'],1.0,Unknown,6.5334469051675175,2279.0,1,1,scifi,US
3278,ts84661,Cursed,SHOW,2020,TV-MA,55,"['scifi', 'action', 'drama', 'fantasy']",['US'],1.0,tt8210856,5.8,29446.0,4,1,scifi,US
3280,ts105047,To the Lake,SHOW,2019,TV-MA,43,"['scifi', 'thriller', 'drama']",['RU'],2.0,tt9151230,7.2,12456.0,3,1,scifi,RU
3281,ts241486,Pokémon Journeys: The Series,SHOW,2020,TV-Y7,22,"['animation', 'action', 'scifi', 'comedy', 'family', 'fantasy']",['JP'],1.0,tt14033496,6.9,472.0,6,1,animation,JP
3282,ts107724,The Defeated,SHOW,2020,TV-MA,54,"['drama', 'thriller']",['DE'],1.0,tt8879894,7.0,5597.0,2,1,drama,DE
3284,ts87364,Conversations with a Killer: The Ted Bundy Tapes,SHOW,2019,TV-MA,59,"['crime', 'history', 'documentation']",['US'],1.0,tt9425132,7.8,27439.0,3,1,crime,US
3286,ts103133,I Am Not Okay with This,SHOW,2020,TV-MA,21,"['comedy', 'drama', 'fantasy', 'scifi']",['US'],1.0,tt9446688,7.5,56459.0,4,1,comedy,US
3287,ts227305,Tiger King,SHOW,2020,TV-MA,44,"['crime', 'documentation']",['US'],2.0,tt11823076,7.5,76961.0,2,1,crime,US
3289,ts225522,Unorthodox,SHOW,2020,TV-MA,54,['drama'],['DE'],1.0,tt7607544,8.0,74118.0,1,1,drama,DE
3294,ts89210,Warrior Nun,SHOW,2020,TV-MA,43,"['scifi', 'action', 'drama', 'fantasy']",['US'],1.0,tt9059350,6.8,29164.0,4,1,scifi,US
3295,ts104401,Ragnarok,SHOW,2020,TV-MA,47,"['action', 'drama', 'fantasy', 'thriller', 'scifi']",['NO'],2.0,tt9251798,7.5,36185.0,5,1,action,NO
3296,ts83657,The Order,SHOW,2019,TV-MA,48,"['scifi', 'horror', 'drama', 'fantasy', 'crime', 'thriller']",['US'],2.0,tt8295472,6.7,27286.0,6,1,scifi,US
3300,ts222988,Love on the Spectrum,SHOW,2019,TV-14,42,"['reality', 'documentation', 'romance']",['AU'],2.0,tt11904786,8.6,5210.0,3,1,reality,AU
3304,ts90729,Away,SHOW,2020,TV-14,50,"['scifi', 'drama', 'romance']",['US'],1.0,tt8787802,6.6,23706.0,3,1,scifi,US
3306,ts224859,The Pharmacist,SHOW,2020,TV-MA,54,"['crime', 'documentation']",['US'],1.0,tt11600174,7.7,6989.0,2,1,crime,US
3308,ts223530,Sweet Home,SHOW,2020,TV-MA,52,['scifi'],['KR'],1.0,Unknown,6.5334469051675175,2279.0,1,1,scifi,KR
3309,ts103329,Ghost in the Shell: SAC_2045,SHOW,2020,TV-14,25,"['scifi', 'animation', 'action', 'thriller', 'crime', 'drama']",['JP'],2.0,tt9466298,6.2,2020.0,6,1,scifi,JP
3313,ts84663,The Politician,SHOW,2019,TV-14,43,"['comedy', 'drama']",['US'],2.0,tt7971476,7.5,21887.0,2,1,comedy,US
3314,ts86165,The Society,SHOW,2019,TV-MA,56,"['scifi', 'thriller', 'drama']",['US'],1.0,tt8778064,7.0,27693.0,3,1,scifi,US
3315,ts215683,The Untamed,SHOW,2019,TV-14,44,"['action', 'comedy', 'romance', 'drama', 'fantasy', 'horror']",['CN'],1.0,tt10554898,8.8,5963.0,6,1,action,CN
3320,ts85398,Our Planet,SHOW,2019,TV-G,50,['documentation'],['GB'],1.0,tt9253866,9.3,41386.0,1,1,documentation,GB
3321,ts218802,The Family,SHOW,2019,TV-14,26,"['documentation', 'sport', 'reality']",['US'],1.0,tt10780886,6.4,3491.0,3,1,documentation,US
3322,ts129445,The Spy,SHOW,2019,TV-MA,53,"['drama', 'history']",['FR'],1.0,tt5952634,7.9,40535.0,2,1,drama,FR
3323,ts236685,Lies and Deceit,SHOW,2020,Not Rated,49,['thriller'],['ES'],1.0,Unknown,6.5334469051675175,2279.0,1,1,thriller,ES
3324,ts84993,Daybreak,SHOW,2019,TV-MA,44,"['scifi', 'drama', 'fantasy', 'horror', 'thriller', 'comedy', 'action']",['US'],1.0,tt12374132,6.7,19398.0,7,1,scifi,US
3329,ts237499,The Woods,SHOW,2020,TV-MA,43,['drama'],['PL'],1.0,Unknown,6.5334469051675175,2279.0,1,1,drama,PL
3331,ts249891,The Comey Rule,SHOW,2020,TV-MA,82,"['war', 'drama']",['US'],1.0,tt9174536,7.4,8598.0,2,1,war,US
3332,ts286390,Merli: Dare to Know,SHOW,2019,TV-MA,48,"['drama', 'comedy']",['ES'],2.0,tt9415632,7.6,1711.0,2,1,drama,ES
3334,ts236531,Too Hot to Handle,SHOW,2020,TV-MA,42,"['reality', 'romance']",['US'],3.0,tt12004280,4.6,12001.0,2,1,reality,US
3337,ts82912,Ratched,SHOW,2020,TV-MA,54,"['crime', 'drama', 'thriller']",['US'],2.0,tt7423538,7.2,52731.0,3,1,crime,US
3339,ts89014,DC Super Hero Girls,SHOW,2019,TV-PG,10,"['scifi', 'comedy', 'family', 'fantasy', 'drama', 'animation', 'action']",['US'],2.0,tt6927444,7.2,1193.0,7,1,scifi,US
3342,ts250801,Dark Desire,SHOW,2020,TV-MA,34,"['drama', 'thriller']",['MX'],2.0,tt12540080,6.5,7135.0,2,1,drama,MX
3343,ts281928,Unsolved Mysteries,SHOW,2020,TV-MA,49,"['documentation', 'drama', 'thriller', 'crime']",['US'],2.0,tt9642938,7.3,9391.0,4,1,documentation,US
3345,ts225867,The English Game,SHOW,2020,TV-14,48,['drama'],['GB'],1.0,Unknown,6.5334469051675175,2279.0,1,1,drama,GB
3350,ts83491,WHAT / IF,SHOW,2019,TV-MA,59,"['drama', 'thriller']",['US'],1.0,tt8860450,6.3,15135.0,2,1,drama,US
3355,ts223404,It's Okay to Not Be Okay,SHOW,2020,TV-MA,76,"['drama', 'comedy', 'romance']",['KR'],1.0,tt12451520,8.6,21104.0,3,1,drama,KR
3356,ts93054,Trinkets,SHOW,2019,TV-MA,26,"['comedy', 'crime', 'drama']",['US'],2.0,tt9134194,7.0,10263.0,3,1,comedy,US
3359,ts82851,Messiah,SHOW,2020,TV-MA,45,"['drama', 'thriller']",['US'],1.0,tt7671598,7.6,42018.0,2,1,drama,US
3360,ts216522,BEASTARS,SHOW,2019,TV-MA,23,"['drama', 'romance', 'thriller', 'animation', 'crime', 'fantasy']",['JP'],2.0,tt11043632,7.7,9440.0,6,1,drama,JP
3361,ts221749,Dorohedoro,SHOW,2020,TV-MA,24,"['scifi', 'horror', 'animation', 'action', 'comedy', 'fantasy']",['JP'],1.0,tt11147852,8.1,7813.0,6,1,scifi,JP
3362,ts88469,Undercover,SHOW,2019,TV-MA,49,"['drama', 'crime', 'thriller']",['BE'],3.0,tt7263154,7.8,16773.0,3,1,drama,BE
3366,ts90019,Bonding,SHOW,2019,TV-MA,17,"['comedy', 'drama']",['US'],2.0,tt7718088,7.1,15871.0,2,1,comedy,US
3367,ts223981,Cheer,SHOW,2020,TV-MA,56,"['documentation', 'sport', 'reality']",['US'],2.0,tt11426660,8.1,6145.0,3,1,documentation,US
3370,ts88283,Wu Assassins,SHOW,2019,TV-MA,44,"['scifi', 'action', 'crime', 'drama', 'fantasy']",['US'],1.0,tt8652642,6.4,12799.0,5,1,scifi,US
3371,ts105441,Greatest Events of WWII in Colour,SHOW,2019,Not Rated,50,"['documentation', 'history', 'war']",['GB'],1.0,tt9103932,8.7,8508.0,3,1,documentation,GB
3373,ts220751,Lego Jurassic World: Legend of Isla Nublar,SHOW,2019,TV-PG,22,"['scifi', 'animation', 'comedy', 'family']",['CA'],1.0,tt10872880,6.7,272.0,4,1,scifi,CA
3375,ts88485,Green Eggs and Ham,SHOW,2019,TV-Y7,28,"['action', 'family', 'fantasy', 'drama', 'animation', 'comedy', 'romance']",['US'],2.0,tt4651448,8.1,2556.0,7,1,action,US
3378,ts90937,Stateless,SHOW,2020,TV-14,53,['drama'],['AU'],1.0,tt4878488,7.5,9218.0,1,1,drama,AU
3380,ts219080,Caliphate,SHOW,2020,TV-MA,48,"['war', 'crime', 'drama', 'thriller']",['SE'],1.0,tt11398870,8.2,17735.0,4,1,war,SE
3381,ts250997,Down to Earth with Zac Efron,SHOW,2020,TV-PG,39,"['documentation', 'history', 'reality']",['US'],1.0,tt12585152,8.0,6446.0,3,1,documentation,US
3385,ts237560,Jeffrey Epstein: Filthy Rich,SHOW,2020,TV-MA,57,"['crime', 'documentation']",['US'],1.0,tt12312250,7.1,23216.0,2,1,crime,US
3388,ts226468,Summertime,SHOW,2020,TV-MA,43,"['drama', 'romance']",['IT'],3.0,tt11269886,6.0,2573.0,2,1,drama,IT
3389,ts86908,L.A.'s Finest,SHOW,2019,TV-14,47,"['drama', 'crime', 'thriller', 'action', 'comedy']",['US'],2.0,tt7555294,6.1,7000.0,5,1,drama,US
3390,ts222835,Holiday Secrets,SHOW,2019,Not Rated,38,['drama'],['DE'],1.0,tt11243536,6.5,1134.0,1,1,drama,DE
3391,ts237111,Almost Happy,SHOW,2020,TV-MA,27,['comedy'],['AR'],2.0,tt12146940,6.8,870.0,1,1,comedy,AR
3392,ts110703,Interior Design Masters,SHOW,2019,Not Rated,57,['reality'],['GB'],3.0,tt8367694,6.4,1356.0,1,1,reality,GB
3394,ts255427,Blood of Zeus,SHOW,2020,TV-MA,32,"['action', 'scifi']",['US'],1.0,Unknown,6.5334469051675175,2279.0,2,1,action,US
3395,ts255926,Dash & Lily,SHOW,2020,TV-14,25,"['comedy', 'drama', 'romance']",['US'],1.0,tt11127506,7.5,16978.0,3,1,comedy,US
3396,ts161737,Dare Me,SHOW,2019,TV-MA,43,"['thriller', 'crime', 'reality']",['US'],1.0,tt2983222,6.6,5098.0,3,1,thriller,US
3399,ts223344,The Gift,SHOW,2019,TV-MA,45,"['scifi', 'drama', 'fantasy']",['TR'],3.0,tt10075318,7.0,21582.0,3,1,scifi,TR
3404,ts93611,October Faction,SHOW,2020,TV-MA,41,"['drama', 'fantasy', 'horror', 'scifi']",['US'],1.0,tt8826128,6.1,10854.0,4,1,drama,US
3405,ts255104,Deaf U,SHOW,2020,TV-MA,20,"['reality', 'drama']",['US'],1.0,tt13070478,6.4,462.0,2,1,reality,US
3406,ts100116,Blown Away,SHOW,2019,TV-PG,25,"['reality', 'documentation', 'comedy', 'history']",['CA'],2.0,tt9908860,7.1,2876.0,4,1,reality,CA
3408,ts100359,Medical Police,SHOW,2020,TV-MA,24,['comedy'],['US'],1.0,tt9850952,5.9,4136.0,1,1,comedy,US
3411,ts243036,Selena: The Series,SHOW,2020,TV-PG,38,"['drama', 'music']",['US'],2.0,tt9421868,6.9,4435.0,2,1,drama,US
3412,ts106536,White Lines,SHOW,2020,TV-MA,55,"['thriller', 'crime', 'drama']",['GB'],1.0,tt9073958,6.6,16506.0,3,1,thriller,GB
3417,ts222455,The Devil Next Door,SHOW,2019,TV-MA,46,"['documentation', 'crime', 'history']","['US', 'IL']",1.0,tt11165002,7.6,13084.0,3,2,documentation,US
3418,ts225101,Start-Up,SHOW,2020,TV-14,80,"['drama', 'comedy', 'romance']",['KR'],1.0,tt12867810,8.1,9021.0,3,1,drama,KR
3421,ts89282,Toy Boy,SHOW,2019,TV-MA,61,"['crime', 'action', 'drama', 'thriller']",['ES'],2.0,tt8693266,6.5,7371.0,4,1,crime,ES
3426,ts236747,Middleditch & Schwartz,SHOW,2020,TV-MA,51,['comedy'],['US'],1.0,tt12027034,8.6,5147.0,1,1,comedy,US
3428,ts116814,The Twelve,SHOW,2019,TV-MA,47,"['thriller', 'drama']",['BE'],1.0,tt7605396,7.5,5005.0,2,1,thriller,BE
3429,ts251654,Paranormal,SHOW,2020,TV-14,56,['scifi'],['EG'],1.0,Unknown,6.5334469051675175,2279.0,1,1,scifi,EG
3432,ts268608,The Ripper,SHOW,2020,TV-MA,49,"['crime', 'documentation']",['GB'],1.0,tt13492374,7.1,9228.0,2,1,crime,GB
3433,ts268799,Equinox,SHOW,2020,Not Rated,46,['scifi'],['DK'],1.0,Unknown,6.5334469051675175,2279.0,1,1,scifi,DK
3434,ts215691,Teenage Bounty Hunters,SHOW,2020,TV-MA,49,"['action', 'drama', 'crime', 'comedy']",['US'],1.0,tt10584608,7.6,10821.0,4,1,action,US
3436,ts306090,GREAT PRETENDER,SHOW,2020,TV-MA,24,"['action', 'comedy', 'crime', 'drama', 'animation']",['JP'],1.0,tt11680468,7.9,4635.0,5,1,action,JP
3439,ts88699,Northern Rescue,SHOW,2019,TV-14,43,"['drama', 'family']",['CA'],1.0,tt8462412,7.1,4105.0,2,1,drama,CA
3441,ts251782,High Score,SHOW,2020,TV-14,42,"['documentation', 'history']",['US'],1.0,tt12759400,7.4,7733.0,2,1,documentation,US
3443,ts215012,Kipo and the Age of Wonderbeasts,SHOW,2020,TV-Y7,24,"['animation', 'action', 'comedy', 'family', 'fantasy', 'scifi']",['US'],3.0,tt10482560,8.3,5293.0,6,1,animation,US
3448,ts225787,Unabomber: In His Own Words,SHOW,2020,TV-MA,43,"['crime', 'documentation']",['US'],1.0,tt11833494,7.2,3338.0,2,1,crime,US
3449,ts192440,Garth Brooks: The Road I'm On,SHOW,2019,TV-PG,86,"['reality', 'documentation']",['US'],1.0,tt10095402,7.4,285.0,2,1,reality,US
3450,ts88296,Ares,SHOW,2020,TV-MA,29,"['thriller', 'drama', 'horror']",['NL'],1.0,tt8404520,5.7,4298.0,3,1,thriller,NL
3453,ts223126,The Confession Killer,SHOW,2019,TV-14,48,"['crime', 'documentation']",['US'],1.0,tt11307176,7.4,8733.0,2,1,crime,US
3456,ts88262,Traitors,SHOW,2019,TV-MA,50,"['war', 'thriller']",['GB'],1.0,tt7371896,6.6,3020.0,2,1,war,GB
3457,ts236501,Valeria,SHOW,2020,TV-MA,41,"['drama', 'comedy', 'romance']",['ES'],2.0,tt9731288,6.5,5510.0,3,1,drama,ES
3458,ts86726,Tidying Up with Marie Kondo,SHOW,2019,TV-PG,34,['reality'],['US'],1.0,tt8115560,6.6,3529.0,1,1,reality,US
3461,ts256309,Aunty Donna's Big Ol House of Fun,SHOW,2020,TV-MA,20,['comedy'],['AU'],1.0,tt13316746,8.0,6140.0,1,1,comedy,AU
3462,ts89251,Tales of the City,SHOW,2019,TV-MA,56,['drama'],['US'],1.0,tt7087260,7.4,7715.0,1,1,drama,US
3465,ts105645,Historical Roasts,SHOW,2019,TV-MA,29,['comedy'],['US'],1.0,tt9169602,5.3,1675.0,1,1,comedy,US
3468,ts225718,La Révolution,SHOW,2020,TV-MA,46,"['drama', 'fantasy', 'thriller', 'action']",['FR'],1.0,tt13044528,6.6,5512.0,4,1,drama,FR
3471,ts252856,Challenger: The Final Flight,SHOW,2020,TV-14,45,"['documentation', 'history']",['US'],1.0,tt12930534,7.8,6778.0,2,1,documentation,US
3476,ts215178,Grand Army,SHOW,2020,TV-MA,52,['drama'],['US'],1.0,tt10473150,7.5,6279.0,1,1,drama,US
3479,ts93066,The I-Land,SHOW,2019,TV-MA,40,"['drama', 'scifi', 'reality']",['US'],1.0,tt9070436,4.6,16918.0,3,1,drama,US
3480,ts223759,Killer Inside: The Mind of Aaron Hernandez,SHOW,2020,TV-MA,67,"['crime', 'documentation', 'sport']",['US'],1.0,tt11475228,7.4,16649.0,3,1,crime,US
3481,ts104840,Skylines,SHOW,2019,TV-MA,60,"['drama', 'music', 'crime', 'documentation', 'reality']",['DE'],1.0,tt9184970,7.5,2627.0,5,1,drama,DE
3483,ts219162,Inside Bill's Brain: Decoding Bill Gates,SHOW,2019,TV-14,50,['documentation'],['US'],1.0,tt10837476,7.9,10776.0,1,1,documentation,US
3486,ts254592,Song Exploder,SHOW,2020,TV-MA,27,"['documentation', 'music']",['US'],2.0,tt13110256,7.4,758.0,2,1,documentation,US
3487,ts81646,Chambers,SHOW,2019,TV-MA,44,"['drama', 'thriller', 'fantasy', 'horror']",['US'],1.0,tt7949204,6.4,8380.0,4,1,drama,US
3488,ts219561,"The Mind, Explained",SHOW,2019,TV-14,21,['documentation'],['US'],2.0,tt10810430,8.0,5230.0,1,1,documentation,US
3489,ts272134,Transformers: War for Cybertron: Earthrise,SHOW,2020,TV-Y7,24,"['action', 'scifi']",['US'],1.0,Unknown,6.5334469051675175,2279.0,2,1,action,US
3490,ts91039,The Chef Show,SHOW,2019,TV-MA,26,['documentation'],['US'],2.0,tt10359446,8.2,5025.0,1,1,documentation,US
3492,ts92547,Rise of Empires: Ottoman,SHOW,2020,Not Rated,45,"['documentation', 'drama', 'history', 'war', 'action']",['TR'],2.0,tt9244578,7.9,22045.0,5,1,documentation,TR
3493,ts113506,The Last Czars,SHOW,2019,TV-MA,45,"['documentation', 'drama', 'history', 'romance', 'war']",['GB'],1.0,tt7949606,7.3,8096.0,5,1,documentation,GB
3496,ts87471,Darwin's Game,SHOW,2020,TV-14,23,"['scifi', 'action', 'drama', 'animation']",['JP'],1.0,tt11405390,7.3,2284.0,4,1,scifi,JP
3497,ts89744,How to Sell Drugs Online (Fast),SHOW,2019,TV-MA,32,"['drama', 'comedy', 'crime', 'romance']",['DE'],3.0,tt9184994,7.9,30734.0,4,1,drama,DE
3500,ts225912,Biohackers,SHOW,2020,TV-MA,42,"['scifi', 'thriller', 'drama']",['DE'],2.0,tt9849210,6.8,9346.0,3,1,scifi,DE
3501,ts215341,The Gentlemen's League,SHOW,2019,TV-G,96,['reality'],['KR'],2.0,Unknown,6.5334469051675175,2279.0,1,1,reality,KR
3505,ts250912,Fear City: New York vs The Mafia,SHOW,2020,TV-MA,52,"['crime', 'documentation']",['US'],1.0,tt12588372,7.1,7215.0,2,1,crime,US
3506,ts190462,Gentefied,SHOW,2020,TV-MA,30,"['comedy', 'drama']",['US'],2.0,tt10037034,7.3,2641.0,2,1,comedy,US
3507,ts187541,Hotel Del Luna,SHOW,2019,TV-14,80,"['action', 'comedy', 'drama', 'fantasy', 'horror', 'romance', 'scifi']",['KR'],1.0,tt10220588,8.2,7832.0,7,1,action,KR
3508,ts105542,The Baker and the Beauty,SHOW,2020,TV-14,44,"['romance', 'comedy', 'drama']",['US'],1.0,tt9164986,7.5,4160.0,3,1,romance,US
3509,ts89075,Her Private Life,SHOW,2019,TV-14,74,"['drama', 'comedy', 'romance']",['KR'],2.0,tt9899340,7.7,3665.0,3,1,drama,KR
3511,ts237109,Control Z,SHOW,2020,TV-MA,36,"['drama', 'thriller']",['MX'],2.0,tt11937662,6.9,8235.0,2,1,drama,MX
3512,ts86978,Power Rangers Beast Morphers,SHOW,2019,TV-Y7,23,"['animation', 'scifi', 'action', 'comedy', 'drama', 'fantasy', 'thriller']",['ES'],2.0,tt8022978,6.5,585.0,7,1,animation,ES
3514,ts215046,Capitani,SHOW,2019,TV-MA,28,"['thriller', 'crime', 'drama']",['LU'],2.0,tt10483610,6.6,4355.0,3,1,thriller,LU
3517,ts189422,Home for Christmas,SHOW,2019,TV-MA,29,"['comedy', 'drama', 'romance']",['NO'],2.0,tt10069398,7.7,13670.0,3,1,comedy,NO
3518,ts88151,Quicksand,SHOW,2019,TV-MA,46,"['drama', 'crime', 'thriller']",['SE'],1.0,tt8686106,7.5,21077.0,3,1,drama,SE
3519,ts223589,"Sex, Explained",SHOW,2020,TV-MA,22,['documentation'],['US'],1.0,tt11390530,6.9,3177.0,1,1,documentation,US
3521,ts275111,Rainbow High,SHOW,2020,TV-Y,6,"['comedy', 'family', 'animation']",['US'],3.0,tt13488080,6.4,116.0,3,1,comedy,US
3523,ts237513,Ju-On: Origins,SHOW,2020,TV-MA,29,"['thriller', 'drama', 'horror']",['JP'],1.0,tt12313914,6.1,4467.0,3,1,thriller,JP
3529,ts88721,Special,SHOW,2019,TV-MA,26,"['comedy', 'drama']",['US'],2.0,tt9381622,7.6,9202.0,2,1,comedy,US
3530,ts103209,Exhibit A,SHOW,2019,TV-14,36,"['crime', 'family', 'documentation']",['US'],1.0,tt10376904,6.3,1030.0,3,1,crime,US
3531,ts223240,Itaewon Class,SHOW,2020,TV-MA,69,"['drama', 'romance']",['KR'],1.0,tt11239552,8.2,12030.0,2,1,drama,KR
3533,ts87008,Turn Up Charlie,SHOW,2019,TV-MA,26,"['drama', 'comedy', 'music']",['GB'],1.0,tt8304498,7.1,7251.0,3,1,drama,GB
3534,ts89119,The Disappearance of Madeleine McCann,SHOW,2019,TV-14,59,"['crime', 'documentation']",['GB'],1.0,tt9879074,6.6,10286.0,2,1,crime,GB
3535,ts242820,Floor is Lava,SHOW,2020,TV-Y7,30,['reality'],['US'],2.0,tt12370124,5.3,2135.0,1,1,reality,US
3539,ts227385,Transformers: War for Cybertron: Siege,SHOW,2020,TV-14,13,['scifi'],['US'],3.0,Unknown,6.5334469051675175,2279.0,1,1,scifi,US
3543,ts251028,Detention,SHOW,2020,TV-MA,49,"['drama', 'horror', 'thriller']",['TW'],1.0,tt13175760,6.3,496.0,3,1,drama,TW
3546,ts106015,Kengan Ashura,SHOW,2019,TV-MA,24,"['animation', 'action', 'sport']",['JP'],2.0,tt9058134,8.0,4719.0,3,1,animation,JP
3548,ts89832,Abyss,SHOW,2019,TV-14,61,"['scifi', 'crime', 'fantasy', 'romance', 'comedy']",['KR'],1.0,tt10055734,7.1,2131.0,5,1,scifi,KR
3551,ts225544,The Trials of Gabriel Fernandez,SHOW,2020,TV-MA,55,"['crime', 'documentation']",['US'],1.0,tt11822998,8.1,10982.0,2,1,crime,US
3553,ts237751,Gameboys,SHOW,2020,TV-14,22,"['drama', 'comedy', 'romance']",['PH'],2.0,tt12508898,8.5,1066.0,3,1,drama,PH
3555,ts277126,Black Space,SHOW,2020,TV-MA,46,"['crime', 'drama', 'thriller']",['IL'],2.0,tt13660638,6.7,1758.0,3,1,crime,IL
3556,ts84586,Spinning Out,SHOW,2020,TV-MA,50,"['drama', 'sport']",['US'],1.0,tt9117054,7.6,13692.0,2,1,drama,US
3558,ts267956,Ethos,SHOW,2020,Not Rated,48,['drama'],['TR'],1.0,Unknown,6.5334469051675175,2279.0,1,1,drama,TR
3559,ts87986,Dolly Parton's Heartstrings,SHOW,2019,TV-14,67,"['drama', 'comedy', 'music']",['US'],1.0,tt8509922,7.6,2107.0,3,1,drama,US
3560,ts106126,The Bonfire of Destiny,SHOW,2019,TV-MA,50,"['drama', 'history']",['FR'],1.0,tt9050352,7.6,4442.0,2,1,drama,FR
3565,ts251094,Indian Matchmaking,SHOW,2020,TV-14,35,"['reality', 'documentation', 'romance']","['IN', 'US']",1.0,tt12580168,6.2,3049.0,3,2,reality,IN
3567,ts89747,High Seas,SHOW,2019,TV-MA,45,"['drama', 'crime', 'comedy']",['ES'],4.0,tt8961508,6.8,7154.0,3,1,drama,ES
3570,ts221293,The King: Eternal Monarch,SHOW,2020,Not Rated,71,['scifi'],['KR'],1.0,Unknown,6.5334469051675175,2279.0,1,1,scifi,KR
3572,ts288350,Julie and the Phantoms,SHOW,2020,TV-G,2,"['scifi', 'music', 'comedy', 'drama', 'family', 'fantasy', 'documentation']",['US'],1.0,tt10183988,8.4,9461.0,7,1,scifi,US
3575,ts188991,Someone Has to Die,SHOW,2020,TV-MA,50,"['crime', 'drama', 'thriller']","['MX', 'ES']",1.0,tt10311932,6.3,4718.0,3,2,crime,MX
3580,ts268560,The Uncanny Counter,SHOW,2020,TV-14,64,"['drama', 'action', 'fantasy', 'horror']",['KR'],1.0,tt13273826,8.0,5552.0,4,1,drama,KR
3582,ts225460,Freud,SHOW,2020,TV-MA,54,['drama'],"['DE', 'AT']",1.0,Unknown,6.5334469051675175,2279.0,1,2,drama,DE
3584,ts224072,Self Made: Inspired by the Life of Madam C.J. Walker,SHOW,2020,TV-MA,47,"['drama', 'history']",['US'],1.0,tt8771910,7.3,11586.0,2,1,drama,US
3585,ts83107,V Wars,SHOW,2019,TV-MA,42,"['scifi', 'drama', 'horror']",['US'],1.0,tt7403736,6.1,13531.0,3,1,scifi,US
3587,ts216493,The Naked Director,SHOW,2019,TV-MA,51,"['drama', 'comedy']",['JP'],2.0,tt10477528,7.7,6052.0,2,1,drama,JP
3591,ts251067,The Baby-Sitters Club,SHOW,2020,TV-G,27,"['family', 'comedy', 'drama']",['US'],2.0,tt8690518,7.3,3786.0,3,1,family,US
3593,ts108392,The Letter for the King,SHOW,2020,TV-PG,47,"['fantasy', 'action', 'family', 'scifi']",['GB'],1.0,tt8741648,5.9,7376.0,4,1,fantasy,GB
3596,ts222606,Black Dog,SHOW,2019,TV-14,80,['drama'],['KR'],1.0,tt11377920,7.7,129.0,1,1,drama,KR
3598,ts219895,Tiny Pretty Things,SHOW,2020,TV-MA,56,"['thriller', 'drama']",['US'],1.0,tt10767748,5.9,9115.0,2,1,thriller,US
3599,ts101874,Frontera Verde,SHOW,2019,Not Rated,40,"['thriller', 'crime', 'drama', 'scifi']",['CO'],1.0,tt9641192,7.3,2481.0,4,1,thriller,CO
3600,ts86744,Romance Is a Bonus Book,SHOW,2019,Not Rated,64,"['comedy', 'drama', 'romance']",['KR'],1.0,tt9130542,8.0,5034.0,3,1,comedy,KR
3601,ts84129,No Good Nick,SHOW,2019,TV-PG,30,"['comedy', 'drama', 'family']",['US'],2.0,tt9039142,6.0,2843.0,3,1,comedy,US
3603,ts270465,SanPa: Sins of the Savior,SHOW,2020,Not Rated,57,"['documentation', 'history', 'crime']",['IT'],1.0,tt13731400,7.8,1488.0,3,1,documentation,IT
3604,ts89326,Persona,SHOW,2019,TV-MA,22,['drama'],['KR'],2.0,tt10027990,6.6,1164.0,1,1,drama,KR
3606,ts218888,BNA,SHOW,2020,TV-14,23,"['scifi', 'animation', 'action', 'fantasy']",['JP'],1.0,tt12013558,7.2,2478.0,4,1,scifi,JP
3607,ts76382,Carmen Sandiego,SHOW,2019,TV-Y7,23,"['action', 'crime', 'animation', 'thriller', 'family']",['US'],4.0,tt7042146,7.9,5557.0,5,1,action,US
3609,ts104449,The Liberator,SHOW,2020,TV-MA,49,"['animation', 'action', 'drama', 'war']",['US'],1.0,tt9308682,7.6,5942.0,4,1,animation,US
3610,ts237096,Trial by Media,SHOW,2020,TV-MA,62,"['crime', 'documentation']",['US'],1.0,tt11963042,7.1,3096.0,2,1,crime,US
3611,ts251617,Connected,SHOW,2020,TV-14,44,"['documentation', 'comedy']",['US'],1.0,tt12753692,7.5,1704.0,2,1,documentation,US
3614,ts91124,Love Alarm,SHOW,2019,TV-MA,49,"['scifi', 'romance', 'comedy', 'drama']",['KR'],2.0,tt9145880,6.8,5262.0,4,1,scifi,KR
3617,ts88312,The Eddy,SHOW,2020,TV-MA,58,"['drama', 'music', 'thriller']","['FR', 'US']",1.0,tt7322210,7.1,2908.0,3,2,drama,FR
3618,ts256007,Love & Anarchy,SHOW,2020,TV-MA,29,"['comedy', 'drama', 'romance']",['SE'],2.0,tt10888876,7.4,7896.0,3,1,comedy,SE
3619,ts89958,Arthdal Chronicles,SHOW,2019,Not Rated,80,"['drama', 'action', 'romance', 'fantasy', 'history']",['KR'],3.0,tt8750956,8.3,4200.0,5,1,drama,KR
3623,ts101408,The Mess You Leave Behind,SHOW,2020,TV-MA,45,"['thriller', 'crime', 'drama']",['ES'],1.0,tt9731242,6.8,8848.0,3,1,thriller,ES
3624,ts219049,Til Death Do Us Part,SHOW,2019,TV-MA,44,"['scifi', 'documentation']",['TW'],1.0,Unknown,6.5334469051675175,2279.0,2,1,scifi,TW
3631,ts85480,Carole & Tuesday,SHOW,2019,TV-PG,23,"['scifi', 'music', 'animation', 'drama']",['JP'],1.0,tt8107988,7.8,1979.0,4,1,scifi,JP
3632,ts315066,Vampires,SHOW,2020,TV-MA,40,"['scifi', 'drama', 'fantasy', 'horror']",['FR'],1.0,tt11829316,5.6,1234.0,4,1,scifi,FR
3633,ts221365,Criminal: Spain,SHOW,2019,TV-MA,40,['crime'],['ES'],1.0,Unknown,6.5334469051675175,2279.0,1,1,crime,ES
3637,ts216474,The Trial,SHOW,2019,TV-MA,50,"['crime', 'thriller', 'drama']",['IT'],1.0,tt10549212,7.2,3032.0,3,1,crime,IT
3638,ts225860,Bloodride,SHOW,2020,TV-MA,31,['scifi'],['NO'],1.0,Unknown,6.5334469051675175,2279.0,1,1,scifi,NO
3640,ts189405,Killer Ratings,SHOW,2019,TV-MA,50,"['documentation', 'crime']",['BR'],1.0,tt10243692,7.6,1671.0,2,1,documentation,BR
3641,ts93482,The Last Kids on Earth,SHOW,2019,Not Rated,58,"['animation', 'comedy', 'family', 'horror', 'scifi']",['US'],4.0,tt8914012,7.3,1293.0,5,1,animation,US
3642,ts236033,#blackAF,SHOW,2020,TV-MA,35,['comedy'],['US'],1.0,Unknown,6.5334469051675175,2279.0,1,1,comedy,US
3643,ts242244,Japan Sinks: 2020,SHOW,2020,TV-MA,26,"['action', 'scifi', 'animation', 'drama']",['JP'],1.0,tt12031040,6.4,2922.0,4,1,action,JP
3647,ts236725,Lenox Hill,SHOW,2020,TV-MA,50,['documentation'],['US'],1.0,tt12190580,8.7,2276.0,1,1,documentation,US
3648,ts113637,The Alcàsser Murders,SHOW,2019,TV-MA,61,"['documentation', 'crime']",['ES'],1.0,tt8035424,7.1,2127.0,2,1,documentation,ES
3649,ts222367,We Are the Wave,SHOW,2019,Not Rated,49,['drama'],['DE'],1.0,tt11053220,6.2,2637.0,1,1,drama,DE
3651,ts252122,The Possessed,SHOW,2020,TV-MA,9,"['thriller', 'horror']",['KR'],1.0,tt12929796,5.7,882.0,2,1,thriller,KR
3659,ts222917,Kevin Hart: Don't F**k This Up,SHOW,2019,TV-MA,40,['documentation'],['US'],1.0,tt11313054,6.4,2009.0,1,1,documentation,US
3662,ts86927,Touch Your Heart,SHOW,2019,TV-MA,63,"['comedy', 'drama', 'romance']",['KR'],1.0,tt9466990,7.7,3046.0,3,1,comedy,KR
3664,ts321758,Vagabond,SHOW,2019,TV-MA,61,"['drama', 'action', 'thriller', 'romance']",['KR'],1.0,tt8523042,8.2,7544.0,4,1,drama,KR
3665,ts252098,The Duchess,SHOW,2020,TV-MA,23,"['drama', 'comedy']",['GB'],1.0,Unknown,6.5334469051675175,2279.0,2,1,drama,GB
3672,ts224164,Night on Earth,SHOW,2020,TV-PG,45,['documentation'],['GB'],1.0,Unknown,6.5334469051675175,2279.0,1,1,documentation,GB
3673,ts215378,Love 101,SHOW,2020,TV-14,46,"['comedy', 'drama', 'romance']",['TR'],2.0,tt10516352,7.5,13797.0,3,1,comedy,TR
3674,ts237208,The Big Flower Fight,SHOW,2020,Not Rated,39,['reality'],"['GB', 'US']",1.0,tt12200714,7.4,1178.0,1,2,reality,GB
3675,ts251157,Wizards: Tales of Arcadia,SHOW,2020,TV-Y7,24,"['action', 'scifi']",['US'],1.0,Unknown,6.5334469051675175,2279.0,2,1,action,US
3676,ts268890,Lovestruck in the City,SHOW,2020,TV-14,30,"['drama', 'romance']",['KR'],1.0,tt13394544,7.7,2129.0,2,1,drama,KR
3677,ts223192,Hospital Playlist,SHOW,2020,TV-14,90,"['comedy', 'drama']",['KR'],2.0,tt11769304,8.8,4836.0,2,1,comedy,KR
3678,ts218803,Diagnosis,SHOW,2019,Not Rated,47,"['documentation', 'reality']",['US'],2.0,tt8997426,6.5334469051675175,2279.0,2,1,documentation,US
3682,ts226602,How to Fix a Drug Scandal,SHOW,2020,TV-MA,53,"['crime', 'documentation']",['US'],1.0,tt11958942,7.0,3232.0,2,1,crime,US
3684,ts255880,Dream Home Makeover,SHOW,2020,TV-G,27,['reality'],['US'],2.0,tt13161310,5.5,1078.0,1,1,reality,US
3687,ts221174,Ricky Zoom,SHOW,2019,TV-Y,12,"['animation', 'family']",['CN'],2.0,tt10932166,6.3,90.0,2,1,animation,CN
3688,ts103360,The Barrier,SHOW,2020,TV-MA,52,"['scifi', 'fantasy', 'thriller', 'action', 'drama', 'war']",['ES'],1.0,tt9460858,6.8,3447.0,6,1,scifi,ES
3689,ts220552,Power Players,SHOW,2019,Not Rated,11,"['scifi', 'animation', 'action', 'comedy', 'fantasy']","['US', 'FR']",1.0,tt10895604,5.9,84.0,5,2,scifi,US
3692,ts111206,Fast & Furious Spy Racers,SHOW,2019,Not Rated,26,"['comedy', 'crime', 'drama', 'family', 'animation', 'action']",['US'],6.0,tt8322592,5.7,1444.0,6,1,comedy,US
3693,ts296153,Ashley Garcia: Genius in Love,SHOW,2020,TV-PG,30,['comedy'],['US'],3.0,tt10380934,6.8,1183.0,1,1,comedy,US
3695,ts254982,Nadiya Bakes,SHOW,2020,Not Rated,29,['documentation'],['GB'],1.0,Unknown,6.5334469051675175,2279.0,1,1,documentation,GB
3698,ts215718,Extracurricular,SHOW,2020,TV-MA,54,['drama'],['KR'],1.0,tt12034342,6.5334469051675175,2279.0,1,1,drama,KR
3700,ts225328,Get Even,SHOW,2020,TV-PG,29,['drama'],['GB'],1.0,Unknown,6.5334469051675175,2279.0,1,1,drama,GB
3703,ts268551,Run On,SHOW,2020,Not Rated,70,['drama'],['KR'],1.0,Unknown,6.5334469051675175,2279.0,1,1,drama,KR
3707,ts254600,The Playbook,SHOW,2020,TV-MA,44,"['documentation', 'sport']",['US'],1.0,tt12930602,7.4,1360.0,2,1,documentation,US
3710,ts225716,Family Business,SHOW,2019,TV-MA,47,"['comedy', 'family']",['FR'],3.0,tt10423460,7.4,3907.0,2,1,comedy,FR
3712,ts225162,Babies,SHOW,2020,TV-PG,38,"['documentation', 'reality']",['US'],2.0,tt13705052,6.5334469051675175,2279.0,2,1,documentation,US
3714,ts256783,We Are the Champions,SHOW,2020,TV-MA,29,['documentation'],['US'],1.0,tt12409154,7.1,1379.0,1,1,documentation,US
3715,ts89048,My First First Love,SHOW,2019,TV-PG,52,['drama'],['KR'],2.0,tt8995604,7.5,2163.0,1,1,drama,KR
3717,ts225669,Dragon's Dogma,SHOW,2020,Not Rated,28,"['scifi', 'animation']",['JP'],1.0,Unknown,6.5334469051675175,2279.0,2,1,scifi,JP
3719,ts268508,Alien Worlds,SHOW,2020,TV-PG,44,"['documentation', 'animation', 'scifi']",['GB'],1.0,tt13464340,6.5,3509.0,3,1,documentation,GB
3721,ts103890,The InBESTigators,SHOW,2019,Not Rated,19,"['crime', 'family', 'comedy']",['AU'],2.0,tt9332962,8.1,783.0,3,1,crime,AU
3722,ts221366,Criminal: France,SHOW,2019,TV-MA,26,['crime'],['FR'],1.0,Unknown,6.5334469051675175,2279.0,1,1,crime,FR
3723,ts236388,The Circle France,SHOW,2020,Not Rated,50,['reality'],['FR'],1.0,tt9581778,7.4,692.0,1,1,reality,FR
3725,ts86413,AJ and the Queen,SHOW,2020,TV-14,52,"['comedy', 'drama']",['US'],1.0,tt8404094,7.4,7961.0,2,1,comedy,US
3727,ts218564,"Breakfast, Lunch & Dinner",SHOW,2019,TV-MA,44,['documentation'],['US'],1.0,tt10681670,6.7,1045.0,1,1,documentation,US
3728,ts89291,Mythomaniac,SHOW,2019,TV-MA,46,"['comedy', 'drama']",['FR'],2.0,tt10677432,6.7,1274.0,2,1,comedy,FR
3730,ts254293,The American Barbecue Showdown,SHOW,2020,TV-G,43,['reality'],['US'],1.0,tt12938472,7.1,1151.0,1,1,reality,US
3732,ts237104,History 101,SHOW,2020,TV-PG,22,"['documentation', 'history']",['GB'],1.0,tt11958648,6.8,4031.0,2,1,documentation,GB
3734,ts114080,Twice Upon a Time,SHOW,2019,Not Rated,48,"['scifi', 'thriller', 'drama', 'romance', 'comedy']",['FR'],1.0,tt7943036,6.3,987.0,5,1,scifi,FR
3738,ts89876,Lunatics,SHOW,2019,TV-MA,36,['comedy'],['US'],1.0,tt8164794,6.6,3136.0,1,1,comedy,US
3741,ts252341,Chef's Table: BBQ,SHOW,2020,TV-14,45,['documentation'],['US'],1.0,tt12917170,7.8,981.0,1,1,documentation,US
3743,ts237488,Blood & Water,SHOW,2020,TV-MA,48,['drama'],['ZA'],2.0,Unknown,6.5334469051675175,2279.0,1,1,drama,ZA
3745,ts222933,Who Killed Little Gregory?,SHOW,2019,Not Rated,60,"['crime', 'drama', 'documentation', 'thriller']",['FR'],1.0,tt11269714,7.4,2908.0,4,1,crime,FR
3746,ts312044,Beyblade Burst Surge,SHOW,2020,TV-Y,23,['animation'],[],1.0,tt18554728,6.5334469051675175,2279.0,1,0,animation,Unknown
3747,ts220248,Hyperdrive,SHOW,2019,TV-PG,48,['reality'],['US'],1.0,Unknown,6.5334469051675175,2279.0,1,1,reality,US
3749,ts269690,Schulz Saves America,SHOW,2020,TV-MA,17,['comedy'],['US'],1.0,tt13607518,7.3,1069.0,1,1,comedy,US
3751,ts221363,Criminal: Germany,SHOW,2019,TV-MA,44,"['drama', 'crime']",['DE'],1.0,tt10986056,7.7,5108.0,2,1,drama,DE
3752,ts268592,Beyblade Burst Rise,SHOW,2019,Not Rated,0,"['action', 'scifi', 'sport', 'thriller', 'animation', 'fantasy']",['XX'],1.0,tt11916718,5.7,156.0,6,1,action,XX
3755,ts256764,Heaven Official's Blessing,SHOW,2020,TV-14,24,"['action', 'scifi', 'animation']","['CN', 'US']",1.0,tt13375866,8.3,1349.0,3,2,action,CN
3756,ts88471,Girls from Ipanema,SHOW,2019,TV-MA,57,"['drama', 'romance']",['BR'],2.0,tt8001788,7.8,3423.0,2,1,drama,BR
3758,ts251560,Do Do Sol Sol La La Sol,SHOW,2020,Not Rated,60,"['comedy', 'drama', 'music', 'romance']",['KR'],1.0,tt12850262,7.4,1465.0,4,1,comedy,KR
3763,ts237239,All For Love,SHOW,2020,Not Rated,47,[],['CO'],1.0,Unknown,6.5334469051675175,2279.0,0,1,Unknown,CO
3767,ts225377,Taj Mahal 1989,SHOW,2020,Not Rated,34,"['drama', 'comedy', 'romance']",['IO'],1.0,tt11725706,7.4,1522.0,3,1,drama,IO
3770,ts88909,Glow Up: Britain's Next Make-Up Star,SHOW,2019,TV-14,54,['reality'],['GB'],4.0,tt9680524,6.8,1975.0,1,1,reality,GB
3774,ts222325,Magical Andes,SHOW,2019,Not Rated,35,['documentation'],['DE'],2.0,tt11816968,7.8,523.0,1,1,documentation,DE
3775,ts218500,Dragons: Rescue Riders,SHOW,2019,TV-Y,24,"['animation', 'action', 'comedy', 'family', 'fantasy', 'scifi']",['US'],2.0,tt10687134,5.9,304.0,6,1,animation,US
3776,ts187386,My Perfect Landing,SHOW,2020,TV-G,25,['family'],['CA'],1.0,tt10268080,6.6,161.0,1,1,family,CA
3778,ts86928,The Crowned Clown,SHOW,2019,TV-14,75,"['action', 'history', 'romance', 'drama']",['KR'],1.0,tt9266592,8.0,880.0,4,1,action,KR
3779,ts89881,Mr. Iglesias,SHOW,2019,TV-14,29,['comedy'],['US'],3.0,tt8403536,7.1,6703.0,1,1,comedy,US
3782,ts90511,Crime Diaries: Night Out,SHOW,2019,TV-MA,45,['crime'],['MX'],1.0,tt10242266,7.3,850.0,1,1,crime,MX
3785,ts213232,Awake: The Million Dollar Game,SHOW,2019,TV-PG,42,['reality'],['US'],1.0,tt10370956,5.9,759.0,1,1,reality,US
3786,ts185885,Oktoberfest: Beer & Blood,SHOW,2020,TV-MA,48,"['drama', 'history', 'thriller']",['DE'],1.0,tt10244612,6.8,2119.0,3,1,drama,DE
3789,ts217891,SAINT SEIYA: Knights of the Zodiac,SHOW,2019,TV-14,25,"['scifi', 'action', 'animation', 'fantasy']",['JP'],2.0,tt6908976,4.5,1808.0,4,1,scifi,JP
3791,ts85619,Hache,SHOW,2019,TV-MA,45,"['crime', 'drama', 'thriller']",['ES'],2.0,tt8575476,6.5,1610.0,3,1,crime,ES
3792,ts268099,LEGO Marvel Avengers: Climate Conundrum,SHOW,2020,TV-Y7,22,"['action', 'animation']",['US'],1.0,tt13783758,6.6,65.0,2,1,action,US
3798,ts106141,The Chosen One,SHOW,2019,TV-MA,27,"['thriller', 'drama']",['BR'],2.0,tt9048368,5.7,661.0,2,1,thriller,BR
3799,ts225430,Mystic Pop-up Bar,SHOW,2020,Not Rated,69,"['scifi', 'comedy', 'fantasy']",['KR'],1.0,tt12246190,8.0,1977.0,3,1,scifi,KR
3800,ts257301,Big Timber,SHOW,2020,Not Rated,45,['reality'],['CA'],2.0,tt13322572,6.5,577.0,1,1,reality,CA
3802,ts255809,Carmel: Who Killed Maria Marta?,SHOW,2020,TV-14,58,"['crime', 'documentation']",['AR'],1.0,tt13244092,7.0,2375.0,2,1,crime,AR
3803,ts192297,Morphle,SHOW,2019,TV-Y,6,"['animation', 'family']","['GB', 'NL']",5.0,tt10087694,5.1,77.0,2,2,animation,GB
3805,ts189629,"Nisman. The Prosecutor, the President and the Spy",SHOW,2019,Not Rated,62,"['thriller', 'documentation', 'crime', 'history']",['AR'],1.0,tt11618264,7.6,569.0,4,1,thriller,AR
3806,ts216593,Taco Chronicles,SHOW,2019,TV-MA,30,['documentation'],['MX'],2.0,Unknown,6.5334469051675175,2279.0,1,1,documentation,MX
3807,ts82739,Women of the Night,SHOW,2019,TV-MA,47,"['crime', 'drama']","['NL', 'BE']",2.0,tt7785420,6.3,871.0,2,2,crime,NL
3810,ts226588,100 Humans: Life's Questions. Answered.,SHOW,2020,TV-14,37,"['documentation', 'reality']",['US'],1.0,tt11823088,5.7,3958.0,2,1,documentation,US
3811,ts222634,Nobody's Looking,SHOW,2019,TV-MA,20,"['comedy', 'drama', 'fantasy']",['BR'],1.0,tt11131980,7.7,1956.0,3,1,comedy,BR
3812,ts223895,"Hi Bye, Mama!",SHOW,2020,Not Rated,61,"['scifi', 'comedy', 'drama', 'fantasy']",['KR'],2.0,tt11804034,8.0,1561.0,4,1,scifi,KR
3814,ts251615,(Un)Well,SHOW,2020,TV-MA,52,"['reality', 'documentation']",['US'],1.0,tt12759384,6.4,1041.0,2,1,reality,US
3815,ts216744,Heroes of Goo Jit Zu,SHOW,2019,TV-Y7,12,"['animation', 'action', 'comedy', 'scifi']",[],1.0,tt10589932,7.5,23.0,4,0,animation,Unknown
3818,ts254568,The Last Word,SHOW,2020,TV-MA,45,"['comedy', 'drama']",['DE'],1.0,tt10506510,7.0,948.0,2,1,comedy,DE
3820,ts223077,Broken,SHOW,2019,Not Rated,59,['documentation'],['US'],1.0,Unknown,6.5334469051675175,2279.0,1,1,documentation,US
3821,ts226617,The Innocence Files,SHOW,2020,TV-MA,64,"['documentation', 'crime', 'drama']",['US'],1.0,tt11958922,8.0,2622.0,3,1,documentation,US
3823,ts110637,Mortel,SHOW,2019,TV-MA,52,"['fantasy', 'horror', 'scifi', 'crime', 'drama']",['FR'],2.0,tt8403570,6.5,1390.0,5,1,fantasy,FR
3825,ts213820,Next in Fashion,SHOW,2020,TV-14,51,['reality'],['US'],1.0,tt10394770,7.3,3572.0,1,1,reality,US
3826,ts88744,Losers,SHOW,2019,TV-MA,8,"['documentation', 'sport', 'comedy', 'european']",['GB'],1.0,tt9817218,7.6,1741.0,4,1,documentation,GB
3827,ts90621,Kota Factory,SHOW,2019,TV-MA,42,"['drama', 'comedy']",['IN'],2.0,tt9432978,9.3,66985.0,2,1,drama,IN
3828,ts90995,1994,SHOW,2019,TV-MA,178,"['documentation', 'history']",['MX'],1.0,tt10243640,7.5,514.0,2,1,documentation,MX
3829,ts88841,The School Nurse Files,SHOW,2020,TV-14,51,"['scifi', 'comedy', 'drama', 'fantasy']",['KR'],1.0,tt12879522,6.4,1147.0,4,1,scifi,KR
3834,ts93981,Monarca,SHOW,2019,TV-MA,44,['drama'],['MX'],2.0,tt8655736,7.8,3210.0,1,1,drama,MX
3835,ts102933,Les de l'hoquei,SHOW,2019,TV-MA,50,"['sport', 'drama']",['ES'],2.0,tt9486226,6.8,429.0,2,1,sport,ES
3839,ts252661,La Línea: Shadow of Narco,SHOW,2020,TV-MA,30,"['crime', 'documentation']",['ES'],1.0,tt12875794,6.4,386.0,2,1,crime,ES
3840,ts314648,The Witcher: A Look Inside the Episodes,SHOW,2020,Not Rated,6,['documentation'],['GB'],1.0,tt12748032,7.1,151.0,1,1,documentation,GB
3846,ts90413,Gigantosaurus,SHOW,2019,TV-G,13,['animation'],"['FR', 'US']",3.0,tt9636800,6.9,159.0,1,2,animation,FR
3848,ts306187,Family Reunion,SHOW,2019,TV-PG,29,"['family', 'comedy']",['US'],5.0,tt9153270,6.4,2576.0,2,1,family,US
3850,ts225102,Record of Youth,SHOW,2020,TV-14,73,"['drama', 'romance']",['KR'],1.0,tt12850322,7.3,2278.0,2,1,drama,KR
3854,ts214280,You Cannot Hide,SHOW,2019,TV-MA,45,"['action', 'crime']",['MX'],1.0,tt10367990,6.4,1098.0,2,1,action,MX
3855,ts187443,The Minions of Midas,SHOW,2020,TV-MA,53,"['crime', 'drama', 'thriller']",['ES'],1.0,tt10147520,6.6,4065.0,3,1,crime,ES
3856,ts251420,Hoops,SHOW,2020,Not Rated,30,['comedy'],['US'],1.0,Unknown,6.5334469051675175,2279.0,1,1,comedy,US
3857,ts225410,Unstoppable,SHOW,2020,TV-MA,34,"['drama', 'documentation']",['MX'],1.0,tt11996042,6.5334469051675175,2279.0,2,1,drama,MX
3862,ts86946,Osmosis,SHOW,2019,TV-MA,42,"['scifi', 'romance']",['FR'],1.0,tt7043380,5.8,3003.0,2,1,scifi,FR
3863,ts90645,Drug Squad: Costa del Sol,SHOW,2019,TV-MA,68,"['action', 'thriller', 'drama', 'romance']",['ES'],1.0,tt8478108,6.8,554.0,4,1,action,ES
3865,ts113748,Twelve Forever,SHOW,2019,TV-PG,22,"['animation', 'action', 'comedy', 'family', 'fantasy']",['US'],1.0,tt8009622,6.6,664.0,5,1,animation,US
3868,ts90095,Jinn,SHOW,2019,TV-14,32,"['scifi', 'drama', 'fantasy', 'horror', 'thriller']",['JO'],1.0,tt10751504,3.5,10043.0,5,1,scifi,JO
3870,ts235672,She,SHOW,2020,Not Rated,33,['drama'],['IN'],1.0,Unknown,6.5334469051675175,2279.0,1,1,drama,IN
3875,ts237014,Her Mother's Killer,SHOW,2020,Not Rated,44,['drama'],['CO'],1.0,Unknown,6.5334469051675175,2279.0,1,1,drama,CO
3876,ts87224,Always a Witch,SHOW,2019,TV-14,40,"['scifi', 'drama', 'fantasy']",['CO'],2.0,tt8001250,6.3,2406.0,3,1,scifi,CO
3877,ts223238,My Holo Love,SHOW,2020,TV-14,57,"['scifi', 'drama', 'romance']",['KR'],1.0,tt11058644,7.6,2401.0,3,1,scifi,KR
3878,ts88271,Flavorful Origins,SHOW,2019,Not Rated,12,['documentation'],['CN'],4.0,tt9708598,7.6,592.0,1,1,documentation,CN
3879,ts90280,Yankee,SHOW,2019,TV-MA,40,['drama'],['MX'],1.0,tt9046782,5.9,687.0,1,1,drama,MX
3880,ts288353,Omniscient,SHOW,2020,Not Rated,47,"['scifi', 'drama', 'thriller']",['BR'],1.0,tt11542920,6.5,2089.0,3,1,scifi,BR
3881,ts188840,Seis Manos,SHOW,2019,TV-MA,26,"['drama', 'fantasy', 'animation', 'action', 'crime']",['US'],1.0,tt10106108,7.1,1573.0,5,1,drama,US
3883,ts218277,Apache: The Life of Carlos Tevez,SHOW,2019,TV-MA,45,"['drama', 'sport', 'thriller', 'crime']",['AR'],1.0,tt10715172,7.3,1582.0,4,1,drama,AR
3885,ts89231,You vs. Wild,SHOW,2019,TV-PG,20,"['action', 'reality']",['US'],2.0,tt10044952,6.6,2570.0,2,1,action,US
3886,ts251512,Immigration Nation,SHOW,2020,TV-MA,62,['documentation'],['US'],1.0,tt12754910,7.4,1096.0,1,1,documentation,US
3887,ts254916,The Cabin with Bert Kreischer,SHOW,2020,TV-MA,27,"['reality', 'comedy']",[],1.0,tt13148876,6.6,1637.0,2,0,reality,Unknown
3891,ts104485,The Stranded,SHOW,2019,TV-MA,49,"['drama', 'action']",['TH'],1.0,tt9310400,6.2,1241.0,2,1,drama,TH
3892,ts222049,Who Killed Malcolm X?,SHOW,2019,TV-MA,45,"['crime', 'history', 'documentation']",['US'],1.0,tt10948316,7.5,2125.0,3,1,crime,US
3893,ts223456,Pandemic: How to Prevent an Outbreak,SHOW,2020,TV-14,49,['documentation'],['US'],1.0,tt11497904,6.3,2759.0,1,1,documentation,US
3894,ts237773,Curon,SHOW,2020,TV-MA,49,['scifi'],['IT'],1.0,Unknown,6.5334469051675175,2279.0,1,1,scifi,IT
3897,ts250800,Kissing Game,SHOW,2020,Not Rated,40,['drama'],['BR'],1.0,tt12825380,6.5334469051675175,2279.0,1,1,drama,BR
3899,ts110635,Luna Nera,SHOW,2020,TV-MA,45,"['drama', 'fantasy', 'thriller', 'scifi']",['IT'],1.0,tt8403622,6.0,2883.0,4,1,drama,IT
3900,ts191121,Reality Z,SHOW,2020,TV-MA,31,"['comedy', 'horror', 'scifi']",['BR'],1.0,tt10241238,5.6,2437.0,3,1,comedy,BR
3901,ts236051,The Least Expected Day: Inside the Movistar Team 2019,SHOW,2020,TV-MA,31,"['documentation', 'sport']",['ES'],3.0,tt12048124,7.4,756.0,2,1,documentation,ES
3902,ts213544,Rookie Historian Goo Hae-Ryung,SHOW,2019,Not Rated,41,"['romance', 'comedy', 'drama', 'history']",['KR'],1.0,tt10406128,8.2,1937.0,4,1,romance,KR
3903,ts89028,Delhi Crime,SHOW,2019,TV-MA,27,"['drama', 'crime']",['IN'],1.0,tt9398466,8.5,18732.0,2,1,drama,IN
3904,ts269442,The Surgeon's Cut,SHOW,2020,TV-14,50,['documentation'],[],1.0,tt13487106,8.5,1010.0,1,0,documentation,Unknown
3907,ts87320,Can You Hear Me?,SHOW,2019,TV-MA,22,"['drama', 'comedy']",['CA'],3.0,tt9747016,7.6,688.0,2,1,drama,CA
3909,ts269501,BREAK IT ALL: The History of Rock in Latin America,SHOW,2020,TV-MA,50,"['documentation', 'music']",['AR'],1.0,tt13570366,7.6,1215.0,2,1,documentation,AR
3912,ts90356,Terrace House: Tokyo 2019-2020,SHOW,2019,Not Rated,46,"['reality', 'drama']",['JP'],4.0,tt10686814,7.4,691.0,2,1,reality,JP
3913,ts103213,Queen Sono,SHOW,2020,TV-MA,89,"['drama', 'thriller', 'action', 'crime']",['ZA'],2.0,tt9426290,5.9,1226.0,4,1,drama,ZA
3914,ts223948,The Goop Lab,SHOW,2020,TV-MA,33,"['documentation', 'reality']",[],1.0,tt11561206,2.5,3306.0,2,0,documentation,Unknown
3917,ts238242,The Great Heist,SHOW,2020,TV-MA,44,"['drama', 'thriller', 'crime']",['CO'],1.0,tt12624844,7.3,2528.0,3,1,drama,CO
3920,ts220983,My Country: The New Age,SHOW,2019,Not Rated,75,['action'],['KR'],1.0,Unknown,6.5334469051675175,2279.0,1,1,action,KR
3921,ts187070,Pup Academy,SHOW,2019,TV-Y,26,['family'],['US'],2.0,tt10302548,6.6,498.0,1,1,family,US
3922,ts256853,The King's Avatar,SHOW,2019,TV-MA,36,"['action', 'fantasy']",['CN'],1.0,tt10732794,8.2,1042.0,2,1,action,CN
3923,ts251621,World's Most Wanted,SHOW,2020,TV-14,45,"['crime', 'documentation']",['US'],1.0,tt12753698,7.1,2481.0,2,1,crime,US
3925,ts89347,Street Food,SHOW,2019,TV-G,37,['documentation'],['US'],2.0,tt10050778,7.9,2712.0,1,1,documentation,US
3927,ts250920,Home Game,SHOW,2020,TV-MA,29,"['documentation', 'sport']",['US'],1.0,tt12429046,7.0,841.0,2,1,documentation,US
3928,ts105192,The Unlisted,SHOW,2019,Not Rated,10,"['family', 'scifi', 'thriller']",['AU'],1.0,tt9184592,6.7,899.0,3,1,family,AU
3931,ts85451,45 RPM,SHOW,2019,TV-MA,57,"['drama', 'music']",['ES'],1.0,tt8987918,7.2,497.0,2,1,drama,ES
3932,ts89583,Trailer Park Boys: The Animated Series,SHOW,2019,TV-MA,25,"['animation', 'comedy']",['CA'],2.0,tt9814900,7.6,2854.0,2,1,animation,CA
3933,ts104168,El Dragón: Return of a Warrior,SHOW,2019,TV-MA,53,"['action', 'drama']",['US'],2.0,tt9281190,6.8,1853.0,2,1,action,US
3934,ts87488,Malibu Rescue: The Series,SHOW,2019,TV-G,26,"['comedy', 'action', 'family']",['US'],1.0,tt9098432,5.4,979.0,3,1,comedy,US
3937,ts245653,The Club,SHOW,2019,TV-MA,34,"['comedy', 'drama']",['MX'],1.0,Unknown,6.5334469051675175,2279.0,2,1,comedy,MX
3939,ts254045,Sneakerheads,SHOW,2020,Not Rated,28,['comedy'],['US'],1.0,Unknown,6.5334469051675175,2279.0,1,1,comedy,US
3947,ts252166,Private Lives,SHOW,2020,Not Rated,67,"['action', 'thriller', 'drama', 'crime', 'romance']",['KR'],1.0,tt12560270,6.7,595.0,5,1,action,KR
3949,ts233530,Win the Wilderness: Alaska,SHOW,2020,Not Rated,59,"['documentation', 'reality']",[],1.0,tt11718294,6.9,724.0,2,0,documentation,Unknown
3950,ts87473,7SEEDS,SHOW,2019,TV-MA,25,"['scifi', 'drama', 'animation', 'action', 'horror', 'romance']",['JP'],2.0,tt9348718,6.3,1378.0,6,1,scifi,JP
3952,ts223659,Jamtara – Sabka Number Ayega,SHOW,2020,Not Rated,29,"['drama', 'crime']",['IN'],1.0,tt11150912,7.3,6165.0,2,1,drama,IN
3954,ts225539,Hyena,SHOW,2020,Not Rated,60,"['drama', 'romance']",['KR'],1.0,tt11534164,7.7,765.0,2,1,drama,KR
3955,ts190452,Stolen Away,SHOW,2020,TV-14,48,"['thriller', 'action', 'crime', 'drama']",['ES'],1.0,tt10064124,7.1,2314.0,4,1,thriller,ES
3957,ts222438,Cagaster of an Insect Cage,SHOW,2020,TV-14,26,['scifi'],['JP'],1.0,Unknown,6.5334469051675175,2279.0,1,1,scifi,JP
3958,ts90902,Search: WWW,SHOW,2019,Not Rated,72,"['comedy', 'drama', 'romance']",['KR'],1.0,tt10253244,7.9,1308.0,3,1,comedy,KR
3960,ts251119,Hook,SHOW,2020,TV-MA,43,"['drama', 'romance', 'sport']",['TH'],1.0,tt12659696,6.5,25.0,3,1,drama,TH
3961,ts88821,I Hear You,SHOW,2019,TV-14,45,"['drama', 'comedy', 'romance']",['CN'],1.0,tt10327440,7.3,560.0,3,1,drama,CN
3962,ts91034,Leila,SHOW,2019,TV-MA,46,"['war', 'scifi', 'drama']",['IN'],1.0,tt7259274,4.7,8796.0,3,1,war,IN
3965,ts101060,Merry Happy Whatever,SHOW,2019,TV-PG,26,['comedy'],['US'],1.0,tt9777322,6.4,4542.0,1,1,comedy,US
3967,ts88133,Well-Intended Love,SHOW,2019,TV-14,43,"['drama', 'romance']",['CN'],2.0,tt9886950,7.2,1433.0,2,1,drama,CN
3968,ts317497,The Neighbor,SHOW,2019,TV-MA,30,"['comedy', 'action']",['ES'],2.0,tt9731222,6.5,2125.0,2,1,comedy,ES
3970,ts216513,The Healing Powers of Dude,SHOW,2020,TV-G,30,"['fantasy', 'action', 'comedy', 'drama', 'family']",[],1.0,tt10540562,6.5,873.0,5,0,fantasy,Unknown
3974,ts87361,Back with the Ex,SHOW,2019,Not Rated,44,"['reality', 'comedy']",['AU'],1.0,tt11272424,6.2,615.0,2,1,reality,AU
3975,ts104507,Triad Princess,SHOW,2019,Not Rated,45,['drama'],['TW'],1.0,tt9314996,6.8,658.0,1,1,drama,TW
3979,ts231260,Last One Standing,SHOW,2019,Not Rated,36,"['scifi', 'thriller', 'drama']",[],1.0,tt11465292,7.0,18.0,3,0,scifi,Unknown
3980,ts218176,The Big Show Show,SHOW,2020,TV-PG,26,['comedy'],['US'],1.0,tt10726356,6.3,2375.0,1,1,comedy,US
3981,ts217719,Basketball or Nothing,SHOW,2019,TV-PG,0,"['documentation', 'sport']",['US'],1.0,tt10698408,7.4,614.0,2,1,documentation,US
3985,ts221851,The Lies Within,SHOW,2019,Not Rated,60,"['crime', 'thriller', 'drama']",['KR'],1.0,tt10919902,7.0,365.0,3,1,crime,KR
3988,ts254737,Mighty Express,SHOW,2020,TV-Y,14,[],['CA'],6.0,Unknown,6.5334469051675175,2279.0,0,1,Unknown,CA
3989,ts224794,Glitch Techs,SHOW,2020,TV-G,25,['scifi'],['US'],2.0,Unknown,6.5334469051675175,2279.0,1,1,scifi,US
3990,ts88552,Go! Live Your Way,SHOW,2019,TV-Y7,40,"['drama', 'comedy', 'romance']",['AR'],2.0,tt9654086,6.7,606.0,3,1,drama,AR
3991,ts91087,One Spring Night,SHOW,2019,Not Rated,47,"['drama', 'romance']",['KR'],1.0,tt10192576,7.9,2503.0,2,1,drama,KR
3993,ts255418,Bad Boy Billionaires: India,SHOW,2020,TV-14,0,"['crime', 'documentation']",['XX'],1.0,tt12923630,7.9,3010.0,2,1,crime,XX
3994,ts88352,Designated Survivor: 60 Days,SHOW,2019,Not Rated,74,"['war', 'thriller', 'drama']",['KR'],1.0,tt10340990,8.1,1201.0,3,1,war,KR
3996,ts83810,Cannon Busters,SHOW,2019,TV-MA,24,"['scifi', 'action', 'animation', 'fantasy']","['FR', 'US', 'JP']",1.0,tt5066664,6.7,1172.0,4,3,scifi,FR
3997,ts252318,Million Dollar Beach House,SHOW,2020,TV-MA,28,['reality'],['US'],1.0,tt12882136,4.2,804.0,1,1,reality,US
4000,ts314647,Patton Oswalt: I Love Everything,SHOW,2020,Not Rated,53,[],[],1.0,Unknown,6.5334469051675175,2279.0,0,0,Unknown,Unknown
4002,ts236332,Absurd Planet,SHOW,2020,TV-PG,20,['documentation'],['US'],1.0,tt12027008,3.9,1459.0,1,1,documentation,US
4003,ts89331,My Husband Won't Fit,SHOW,2019,TV-MA,34,"['drama', 'romance']",['JP'],1.0,tt10027946,6.7,798.0,2,1,drama,JP
4004,ts254767,"Whose Vote Counts, Explained",SHOW,2020,TV-PG,25,['documentation'],[],1.0,tt13005714,7.3,1139.0,1,0,documentation,Unknown
4006,ts219422,When the Camellia Blooms,SHOW,2019,Not Rated,55,"['comedy', 'drama', 'romance', 'thriller']",['KR'],1.0,tt10826064,8.0,2371.0,4,1,comedy,KR
4008,ts237071,The Forest of Love: Deep Cut,SHOW,2020,TV-MA,0,"['crime', 'horror', 'thriller', 'drama']",['JP'],1.0,tt12079236,6.8,426.0,4,1,crime,JP
4010,ts84639,revisions,SHOW,2019,TV-MA,22,"['action', 'scifi', 'animation']",['JP'],1.0,tt9522354,5.9,598.0,3,1,action,JP
4012,ts191285,The Prince of Tennis ~ Match! Tennis Juniors ~,SHOW,2019,TV-PG,45,"['drama', 'sport']",['CN'],1.0,tt10097916,7.6,206.0,2,1,drama,CN
4016,ts87372,Ultramarine Magmell,SHOW,2019,TV-14,24,"['action', 'fantasy', 'animation']",['JP'],1.0,tt11025120,6.0,610.0,3,1,action,JP
4027,ts90789,Jailbirds,SHOW,2019,TV-MA,44,"['reality', 'crime', 'thriller']",['US'],1.0,tt1176289,7.0,1160.0,3,1,reality,US
4028,ts256606,Trial 4,SHOW,2020,TV-MA,55,"['documentation', 'crime']",['US'],1.0,tt13363298,7.4,2039.0,2,1,documentation,US
4029,ts222609,Chocolate,SHOW,2019,Not Rated,46,['drama'],['KR'],1.0,tt12263402,6.5334469051675175,2279.0,1,1,drama,KR
4030,ts59542,The Search,SHOW,2020,Not Rated,42,"['comedy', 'drama']",['MX'],1.0,Unknown,6.5334469051675175,2279.0,2,1,comedy,MX
4032,ts107963,Restaurants on the Edge,SHOW,2019,TV-14,46,['reality'],[],2.0,tt8784324,6.7,972.0,1,0,reality,Unknown
4034,ts235979,The Victims' Game,SHOW,2020,Not Rated,59,"['drama', 'thriller', 'crime']",['TW'],1.0,tt12079212,7.3,1356.0,3,1,drama,TW
4037,ts227412,Shaun the Sheep: Adventures from Mossy Bottom,SHOW,2020,TV-Y7,6,"['comedy', 'family', 'animation']",['GB'],1.0,tt11983342,8.1,551.0,3,1,comedy,GB
4038,ts87698,Examination of Conscience,SHOW,2019,TV-MA,51,"['documentation', 'history', 'crime']",['ES'],1.0,tt9584024,7.8,422.0,3,1,documentation,ES
4039,ts87680,Playing with Fire,SHOW,2019,TV-14,43,['drama'],['MX'],1.0,tt9587732,5.9,944.0,1,1,drama,MX
4041,ts251378,Mystery Lab,SHOW,2020,TV-PG,37,"['comedy', 'family', 'documentation', 'animation']",['BR'],1.0,tt12723962,7.4,769.0,4,1,comedy,BR
4042,ts90980,It's Bruno!,SHOW,2019,TV-MA,3,"['comedy', 'animation']",['US'],1.0,tt10186846,7.5,2886.0,2,1,comedy,US
4043,ts225513,Spectros,SHOW,2020,TV-MA,44,['scifi'],['BR'],1.0,Unknown,6.5334469051675175,2279.0,1,1,scifi,BR
4046,ts88937,Shadow,SHOW,2019,TV-MA,43,"['action', 'crime', 'drama', 'thriller']",['ZA'],1.0,tt9817236,6.6,956.0,4,1,action,ZA
4050,ts85510,Rhythm + Flow,SHOW,2019,TV-MA,57,"['reality', 'music']",['US'],2.0,tt9278032,7.6,1541.0,2,1,reality,US
4051,ts101042,The 43,SHOW,2019,TV-MA,56,"['documentation', 'war']",['MX'],1.0,tt9789272,7.1,140.0,2,1,documentation,MX
4052,ts252977,Baewatch: Parental Guidance,SHOW,2019,TV-MA,47,[],[],1.0,Unknown,6.5334469051675175,2279.0,0,0,Unknown,Unknown
4053,ts223690,Yanxi Palace: Princess Adventures,SHOW,2019,Not Rated,45,['drama'],['CN'],1.0,Unknown,6.5334469051675175,2279.0,1,1,drama,CN
4056,ts218367,Secreto bien guardado,SHOW,2019,TV-MA,30,"['drama', 'romance']",['AR'],1.0,tt10702412,4.9,188.0,2,1,drama,AR
4057,ts90508,Flinch,SHOW,2019,TV-PG,24,['reality'],['GB'],1.0,tt9196244,4.4,703.0,1,1,reality,GB
4058,ts256784,Trash Truck,SHOW,2020,TV-Y,14,[],['US'],2.0,Unknown,6.5334469051675175,2279.0,0,1,Unknown,US
4059,ts253549,Izzy's Koala World,SHOW,2020,Not Rated,16,"['documentation', 'family']",['AU'],2.0,Unknown,6.5334469051675175,2279.0,2,1,documentation,AU
4061,ts108593,The Unsettling,SHOW,2019,TV-14,23,"['fantasy', 'horror', 'scifi', 'thriller', 'crime']",['US'],1.0,tt8680902,5.2,712.0,5,1,fantasy,US
4062,ts222803,Maradona in Mexico,SHOW,2019,TV-MA,37,"['documentation', 'sport', 'comedy', 'drama']","['PE', 'AR']",1.0,tt11168104,7.3,1119.0,4,2,documentation,PE
4064,ts236182,Brews Brothers,SHOW,2020,TV-MA,11,"['comedy', 'drama']",['US'],1.0,tt10930958,5.1,1944.0,2,1,comedy,US
4067,ts226403,The Circle Brazil,SHOW,2020,TV-MA,49,['reality'],['BR'],1.0,tt9581782,6.8,761.0,1,1,reality,BR
4070,ts218890,Drifting Dragons,SHOW,2020,TV-14,24,"['action', 'scifi', 'animation', 'fantasy']",['JP'],1.0,tt11418344,6.0,569.0,4,1,action,JP
4071,ts89361,The Idhun Chronicles,SHOW,2020,TV-14,27,"['scifi', 'action', 'fantasy', 'animation']",['ES'],2.0,tt9731266,5.3,563.0,4,1,scifi,ES
4075,ts252141,Alien TV,SHOW,2020,TV-Y7,23,"['comedy', 'animation', 'family']",['AU'],2.0,tt12765530,6.3,293.0,3,1,comedy,AU
4083,ts223242,Was It Love?,SHOW,2020,TV-MA,69,"['drama', 'comedy', 'romance']",['KR'],1.0,tt12525622,7.1,870.0,3,1,drama,KR
4085,ts251618,Tiny Creatures,SHOW,2020,TV-PG,25,"['documentation', 'family', 'drama']",['GB'],1.0,tt12759334,5.0,1210.0,3,1,documentation,GB
4088,ts251061,Legend of Exorcism,SHOW,2020,TV-14,21,"['scifi', 'drama', 'animation', 'action', 'fantasy']",['CN'],2.0,tt14994658,7.7,80.0,5,1,scifi,CN
4089,ts224891,Followers,SHOW,2020,TV-MA,40,"['drama', 'comedy']",['JP'],1.0,tt16391360,6.5334469051675175,2279.0,2,1,drama,JP
4098,ts250871,The Business of Drugs,SHOW,2020,TV-MA,44,"['crime', 'documentation']",['US'],1.0,tt12588416,7.2,1646.0,2,1,crime,US
4100,ts243256,Social Distance,SHOW,2020,TV-MA,20,"['drama', 'comedy']",['US'],1.0,tt14773740,5.7,651.0,2,1,drama,US
4101,ts224796,The Ghost Bride,SHOW,2020,TV-14,51,"['drama', 'thriller']","['MY', 'TW']",1.0,tt9690302,6.3,716.0,2,2,drama,MY
4105,ts105608,Puerta 7,SHOW,2020,TV-MA,41,"['thriller', 'crime', 'drama']",['AR'],1.0,tt9170386,5.6,542.0,3,1,thriller,AR
4107,ts222980,Singapore Social,SHOW,2019,Not Rated,40,['reality'],['US'],1.0,tt11194508,4.9,3670.0,1,1,reality,US
4109,ts89315,Huge in France,SHOW,2019,TV-MA,30,['comedy'],['FR'],1.0,tt8009602,6.8,2809.0,1,1,comedy,FR
4110,ts269157,Room 2806: The Accusation,SHOW,2020,TV-MA,49,"['documentation', 'crime']",['FR'],1.0,tt13540900,7.0,2298.0,2,1,documentation,FR
4117,ts103935,Bolívar: Una lucha admirable,SHOW,2019,TV-MA,52,"['romance', 'action', 'drama']",['CO'],1.0,tt9327242,7.3,743.0,3,1,romance,CO
4119,ts223084,Nowhere Man,SHOW,2019,TV-MA,56,"['crime', 'drama', 'thriller', 'action']",['TW'],1.0,tt10895588,5.6,360.0,4,1,crime,TW
4123,ts224198,Rugal,SHOW,2020,TV-MA,60,"['crime', 'thriller', 'scifi', 'drama', 'action']",['KR'],1.0,Unknown,6.5334469051675175,2279.0,5,1,crime,KR
4125,ts100354,Monzón: A Knockout Blow,SHOW,2019,TV-MA,45,"['crime', 'drama', 'history', 'sport']",['AR'],1.0,tt9852660,7.9,717.0,4,1,crime,AR
4126,ts254817,A Perfect Crime,SHOW,2020,Not Rated,43,"['crime', 'documentation']",['DE'],1.0,tt12939836,7.3,1394.0,2,1,crime,DE
4137,ts253288,Felipe Esparza: Bad Decisions,SHOW,2020,TV-MA,62,['comedy'],['US'],1.0,tt12875768,5.4,166.0,1,1,comedy,US
4142,ts89340,Crime Diaries: The Candidate,SHOW,2019,TV-MA,37,"['war', 'crime', 'drama', 'thriller']",['MX'],1.0,tt9327348,7.5,803.0,4,1,war,MX
4146,ts270439,Best Leftovers Ever!,SHOW,2020,TV-G,36,['reality'],['US'],1.0,tt13563634,5.6,515.0,1,1,reality,US
4150,ts217356,Betaal,SHOW,2020,TV-MA,47,"['action', 'horror', 'thriller']",['IN'],1.0,tt10651790,5.4,8884.0,3,1,action,IN
4152,ts256898,Over Christmas,SHOW,2020,Not Rated,45,"['drama', 'comedy']",['DE'],1.0,Unknown,6.5334469051675175,2279.0,2,1,drama,DE
4154,ts88336,Dating Around,SHOW,2019,Not Rated,30,"['reality', 'romance']",['US'],2.0,tt9654080,6.3,1204.0,2,1,reality,US
4158,ts254537,"Good Morning, Verônica",SHOW,2020,TV-MA,45,"['drama', 'thriller', 'crime']",['BR'],1.0,tt12987918,7.6,3552.0,3,1,drama,BR
4159,ts268758,Mismatched,SHOW,2020,TV-MA,32,"['comedy', 'drama', 'romance']",['IN'],1.0,tt12719250,5.5,3712.0,3,1,comedy,IN
4162,ts86365,Rilakkuma and Kaoru,SHOW,2019,TV-PG,12,"['comedy', 'drama', 'family', 'animation']",['JP'],1.0,tt9348716,8.3,1579.0,4,1,comedy,JP
4164,ts218504,Hello Ninja,SHOW,2019,TV-Y,13,"['animation', 'action', 'comedy', 'family', 'fantasy']",['CA'],4.0,tt10687170,6.7,119.0,5,1,animation,CA
4168,ts225379,The Good Detective,SHOW,2020,TV-MA,65,"['crime', 'drama']",['KR'],1.0,Unknown,6.5334469051675175,2279.0,2,1,crime,KR
4171,ts89330,Stay Tuned!,SHOW,2019,TV-14,46,['comedy'],['JP'],1.0,tt10088086,7.5,343.0,1,1,comedy,JP
4174,ts91125,Chief of Staff,SHOW,2019,Not Rated,62,['war'],['KR'],2.0,Unknown,6.5334469051675175,2279.0,1,1,war,KR
4186,ts218776,Happy Jail,SHOW,2019,Not Rated,34,['documentation'],[],1.0,tt10753590,6.9,247.0,1,0,documentation,Unknown
4188,ts250803,Say I Do,SHOW,2020,TV-14,55,['reality'],"['GB', 'US']",1.0,tt12540060,7.7,527.0,1,2,reality,GB
4189,ts79695,Sintonia,SHOW,2019,TV-MA,44,"['crime', 'drama', 'music']",['BR'],2.0,tt8165086,6.7,1067.0,3,1,crime,BR
4200,ts90640,The Writer,SHOW,2019,TV-14,34,"['drama', 'crime']",['LB'],1.0,tt10312958,8.2,30.0,2,1,drama,LB
4205,ts262037,Bread Barbershop,SHOW,2020,TV-Y,11,['animation'],['KR'],2.0,tt12912830,7.3,125.0,1,1,animation,KR
4206,ts270742,Korean Pork Belly Rhapsody,SHOW,2020,Not Rated,48,['documentation'],['KR'],1.0,tt14017966,7.7,62.0,1,1,documentation,KR
4215,ts237304,Chico Bon Bon: Monkey with a Tool Belt,SHOW,2020,Not Rated,14,[],['US'],4.0,Unknown,6.5334469051675175,2279.0,0,1,Unknown,US
4216,ts243189,Booba: Food Puzzle,SHOW,2020,TV-Y,3,"['animation', 'comedy', 'family']",[],1.0,tt12319946,8.3,30.0,3,0,animation,Unknown
4226,ts86940,COMEDIANS of the world,SHOW,2019,TV-MA,30,['comedy'],[],1.0,tt8685446,6.5,450.0,1,0,comedy,Unknown
4228,ts214462,The Queen and the Conqueror,SHOW,2020,TV-14,46,"['history', 'drama']",['CO'],1.0,tt10348700,6.6,172.0,2,1,history,CO
4232,ts251272,Skin Decision: Before and After,SHOW,2020,TV-MA,36,['reality'],['US'],1.0,tt12588326,5.8,405.0,1,1,reality,US
4233,ts269073,The Fabulous Lives of Bollywood Wives,SHOW,2020,TV-MA,32,"['reality', 'documentation', 'romance']",['IN'],1.0,tt13452100,5.3,9666.0,3,1,reality,IN
4246,ts214192,El Final del Paraíso,SHOW,2019,TV-MA,50,"['action', 'drama']",['MX'],1.0,tt10367818,5.1,208.0,2,1,action,MX
4247,ts104483,Typewriter,SHOW,2019,TV-MA,50,"['thriller', 'horror', 'drama']",['IN'],1.0,tt9310372,6.5,3788.0,3,1,thriller,IN
4248,ts250872,Southern Survival,SHOW,2020,Not Rated,30,['reality'],['US'],1.0,tt12588286,5.1,454.0,1,1,reality,US
4259,ts269740,How To Ruin Christmas,SHOW,2020,TV-MA,50,"['drama', 'comedy']",['ZA'],2.0,tt13492362,6.1,488.0,2,1,drama,ZA
4261,ts87489,Trigger Warning with Killer Mike,SHOW,2019,TV-MA,26,"['documentation', 'comedy']",['US'],1.0,tt9426194,6.9,1249.0,2,1,documentation,US
4262,ts216698,Nadiya's Time to Eat,SHOW,2019,Not Rated,29,['reality'],['GB'],1.0,Unknown,6.5334469051675175,2279.0,1,1,reality,GB
4266,ts217389,Masaba Masaba,SHOW,2020,TV-MA,31,"['comedy', 'drama']",['IN'],2.0,tt10655506,6.8,1746.0,2,1,comedy,IN
4271,ts223982,Until Dawn,SHOW,2020,Not Rated,20,"['reality', 'comedy']",['FR'],1.0,tt11434862,2.5,148.0,2,1,reality,FR
4284,ts103918,The Good Bandit,SHOW,2019,Not Rated,53,"['drama', 'comedy', 'crime']",['CO'],1.0,tt9328616,7.8,99.0,3,1,drama,CO
4286,ts214463,"Los Briceño, una familia todo terreno",SHOW,2019,Not Rated,46,['drama'],['US'],2.0,tt10348478,8.0,133.0,1,1,drama,US
4288,ts91741,Three Days of Christmas,SHOW,2019,Not Rated,58,['drama'],[],1.0,tt9731254,6.8,1243.0,1,0,drama,Unknown
4289,ts223308,Astronomy Club: The Sketch Show,SHOW,2019,TV-MA,20,['comedy'],['US'],1.0,tt10675488,6.9,591.0,1,1,comedy,US
4290,ts218000,Dollar,SHOW,2019,Not Rated,28,"['drama', 'romance', 'action']",['LB'],1.0,tt10687564,6.6,592.0,3,1,drama,LB
4295,ts218307,Styling Hollywood,SHOW,2019,TV-14,37,['reality'],['US'],1.0,tt10715202,6.6,355.0,1,1,reality,US
4296,ts222942,Narcoworld: Dope Stories,SHOW,2019,TV-MA,40,"['crime', 'documentation']",['US'],1.0,tt11215112,6.6,317.0,2,1,crime,US
4299,ts223110,Sugar Rush Christmas,SHOW,2019,TV-PG,50,['reality'],['US'],2.0,tt11168116,6.8,578.0,1,1,reality,US
4301,ts226410,Handsome Siblings,SHOW,2020,Not Rated,45,"['fantasy', 'romance', 'action', 'comedy', 'drama']",['CN'],1.0,tt11541444,7.9,614.0,5,1,fantasy,CN
4303,ts222599,Queer Eye: We're in Japan!,SHOW,2019,TV-14,50,['reality'],['US'],1.0,tt10971532,8.2,2560.0,1,1,reality,US
4305,ts112733,Bard of Blood,SHOW,2019,TV-MA,45,"['action', 'drama', 'thriller']",['IN'],2.0,tt8069036,6.8,13210.0,3,1,action,IN
4306,ts224906,Find Yourself,SHOW,2020,TV-14,45,"['drama', 'romance']",['CN'],1.0,tt11569628,7.6,201.0,2,1,drama,CN
4308,ts104516,21 Again,SHOW,2019,TV-MA,52,"['documentation', 'reality']",[],1.0,tt9315008,5.4,47.0,2,0,documentation,Unknown
4310,ts105601,Archibald's Next Big Thing,SHOW,2019,TV-Y7,24,"['scifi', 'animation', 'comedy', 'family', 'fantasy', 'action']",['US'],2.0,tt9165404,7.5,284.0,6,1,scifi,US
4312,ts214861,Prank Encounters,SHOW,2019,TV-MA,25,"['comedy', 'horror', 'reality', 'scifi']",['US'],2.0,tt10487072,5.2,2615.0,4,1,comedy,US
4316,ts228502,The Iliza Shlesinger Sketch Show,SHOW,2020,TV-MA,19,['comedy'],['US'],1.0,tt11092086,5.0,914.0,1,1,comedy,US
4321,ts217045,Levius,SHOW,2019,Not Rated,25,"['animation', 'action', 'scifi']",['JP'],1.0,tt10619444,6.9,528.0,3,1,animation,JP
4325,ts112667,Go! Go! Cory Carson,SHOW,2020,TV-Y,9,"['animation', 'comedy', 'family']",['US'],6.0,tt8115702,7.9,238.0,3,1,animation,US
4327,ts251929,DeMarcus Family Rules,SHOW,2020,TV-14,29,['reality'],['US'],1.0,tt12759420,6.2,110.0,1,1,reality,US
4330,ts221041,My Dear Warrior,SHOW,2019,TV-14,42,"['fantasy', 'romance']",['TH'],1.0,tt11281912,4.6,19.0,2,1,fantasy,TH
4331,ts217050,Pili Fantasy: War of Dragons,SHOW,2019,TV-14,0,"['animation', 'action', 'fantasy']",[],1.0,tt10619658,6.7,37.0,3,0,animation,Unknown
4333,ts101503,Team Kaylie,SHOW,2019,TV-PG,30,['comedy'],['US'],3.0,tt9717424,4.0,333.0,1,1,comedy,US
4341,ts262228,Tobot Galaxy Detectives,SHOW,2020,TV-Y7,13,['animation'],[],2.0,tt12892186,7.0,13.0,1,0,animation,Unknown
4342,ts90063,Put Your Head on My Shoulder,SHOW,2019,TV-Y7,40,"['drama', 'romance', 'comedy']",['CN'],1.0,tt10265158,8.0,2063.0,3,1,drama,CN
4344,ts89182,Green Door,SHOW,2019,Not Rated,49,"['drama', 'comedy', 'horror', 'thriller']",['TW'],1.0,tt9817290,6.5,128.0,4,1,drama,TW
4346,ts252015,GAME ON: A Comedy Crossover Event,SHOW,2020,TV-G,29,"['comedy', 'family']",['US'],2.0,tt12800428,5.4,213.0,2,1,comedy,US
4355,ts251072,The Underclass,SHOW,2020,TV-MA,55,['drama'],['TH'],1.0,tt12666950,6.4,62.0,1,1,drama,TH
4359,ts88608,Cricket Fever: Mumbai Indians,SHOW,2019,TV-MA,38,"['documentation', 'sport']",['IN'],1.0,tt8531592,7.2,699.0,2,1,documentation,IN
4374,ts237556,The Unremarkable Juanquini,SHOW,2020,TV-MA,30,['comedy'],['CO'],2.0,tt12189308,4.3,189.0,1,1,comedy,CO
4380,ts89696,Tijuana,SHOW,2019,TV-14,41,"['drama', 'crime']",['MX'],1.0,tt8027624,6.9,327.0,2,1,drama,MX
4384,ts266966,Juman,SHOW,2019,TV-PG,40,"['romance', 'drama']",['KW'],1.0,tt12567164,5.2,110.0,2,1,romance,KW
4388,ts89363,YooHoo to the Rescue,SHOW,2019,TV-Y,13,['family'],[],3.0,tt9817288,6.8,53.0,1,0,family,Unknown
4391,ts251616,Sing On! Germany,SHOW,2020,Not Rated,38,"['reality', 'music']",['DE'],1.0,tt12748264,5.4,136.0,2,1,reality,DE
4395,ts253722,Sing On!,SHOW,2020,TV-G,36,"['reality', 'music']",['US'],1.0,tt12923734,6.4,380.0,2,1,reality,US
4397,ts221151,Living Undocumented,SHOW,2019,TV-MA,42,['documentation'],['US'],1.0,tt10977486,6.7,577.0,1,1,documentation,US
4401,ts241460,Whispers,SHOW,2020,TV-PG,41,['drama'],['SA'],2.0,Unknown,6.5334469051675175,2279.0,1,1,drama,SA
4403,ts269844,Paava Kadhaigal,SHOW,2020,Not Rated,118,"['drama', 'family']",['IN'],1.0,tt13206988,8.1,6628.0,2,1,drama,IN
4405,ts256297,The Devil Punisher,SHOW,2020,Not Rated,70,"['scifi', 'fantasy', 'romance']",['TW'],1.0,tt13317376,5.9,157.0,3,1,scifi,TW
4406,ts236197,StarBeam,SHOW,2020,TV-Y,13,[],['CA'],4.0,Unknown,6.5334469051675175,2279.0,0,1,Unknown,CA
4414,ts88166,Nailed It! Mexico,SHOW,2019,TV-PG,32,['reality'],['MX'],3.0,tt9708588,6.2,308.0,1,1,reality,MX
4417,ts256134,Country Ever After,SHOW,2020,TV-PG,24,"['reality', 'music']",['US'],1.0,tt12987872,6.3,169.0,2,1,reality,US
4419,ts89895,Mighty Little Bheem,SHOW,2019,TV-Y,6,"['comedy', 'family', 'fantasy', 'animation']",['US'],3.0,tt10050752,6.4,249.0,4,1,comedy,US
4424,ts225647,Graceful Friends,SHOW,2020,TV-MA,68,"['drama', 'crime']",['KR'],1.0,Unknown,6.5334469051675175,2279.0,2,1,drama,KR
4425,ts105589,Rhyme Time Town,SHOW,2020,TV-Y,23,"['animation', 'comedy', 'family']",['US'],2.0,tt9165434,7.5,78.0,3,1,animation,US
4427,ts103574,Sakho & Mangane,SHOW,2019,TV-MA,51,"['action', 'comedy']",['SN'],1.0,tt9391692,6.5,131.0,2,1,action,SN
4428,ts269283,Bhaag Beanie Bhaag,SHOW,2020,Not Rated,29,"['drama', 'comedy']",['IN'],1.0,Unknown,6.5334469051675175,2279.0,2,1,drama,IN
4439,ts236769,"Coronavirus, Explained",SHOW,2020,TV-PG,23,['documentation'],['US'],1.0,tt12189310,7.6,2223.0,1,1,documentation,US
4449,ts92405,Hasmukh,SHOW,2020,TV-MA,32,"['crime', 'comedy', 'drama']",['IN'],1.0,tt9359294,5.3,2673.0,3,1,crime,IN
4452,ts223062,ปริศนาล่าข้ามเวลา,SHOW,2019,TV-14,62,[],['TH'],1.0,Unknown,6.5334469051675175,2279.0,0,1,Unknown,TH
4453,ts222625,A Little Thing Called First Love,SHOW,2019,Not Rated,42,"['comedy', 'romance', 'drama']",['CN'],1.0,tt11152058,8.0,366.0,3,1,comedy,CN
4461,ts238316,Twogether,SHOW,2020,Not Rated,0,['reality'],[],1.0,tt12486430,8.4,456.0,1,0,reality,Unknown
4463,ts189314,Tiffany Haddish Presents: They Ready,SHOW,2019,TV-14,23,"['comedy', 'reality']",['US'],2.0,tt10085386,6.5,555.0,2,1,comedy,US
4466,ts266898,A Queen Is Born,SHOW,2020,Not Rated,44,['reality'],['BR'],1.0,tt12571792,5.9,148.0,1,1,reality,BR
4476,ts233367,Sing On! Spain,SHOW,2020,TV-G,39,"['music', 'reality']",['ES'],1.0,tt11698668,6.0,130.0,2,1,music,ES
4481,ts236653,Cooked With Cannabis,SHOW,2020,TV-MA,37,['reality'],['US'],1.0,tt12176398,6.5,340.0,1,1,reality,US
4492,ts269085,Oldsters,SHOW,2020,TV-MA,48,['comedy'],['CL'],1.0,Unknown,6.5334469051675175,2279.0,1,1,comedy,CL
4494,ts257243,Voices of Fire,SHOW,2020,TV-PG,36,"['music', 'reality']",['US'],1.0,tt13329282,6.8,382.0,2,1,music,US
4496,ts88146,Larry Charles' Dangerous World of Comedy,SHOW,2019,TV-MA,0,"['documentation', 'comedy']",['US'],1.0,tt9654082,7.3,570.0,2,1,documentation,US
4498,ts222687,No hay tiempo para la vergüenza,SHOW,2019,Not Rated,44,['reality'],[],1.0,tt11215130,5.7,82.0,1,0,reality,Unknown
4499,ts223454,นางสาวก้นครัว,SHOW,2019,TV-14,48,[],['TH'],1.0,Unknown,6.5334469051675175,2279.0,0,1,Unknown,TH
4511,ts221891,Legend Quest: Masters of Myth,SHOW,2019,TV-Y7,25,"['action', 'animation']",['MX'],1.0,tt10228032,7.6,126.0,2,1,action,MX
4512,ts298837,Badanamu Stories,SHOW,2020,TV-Y,13,['animation'],[],1.0,tt14857600,3.4,6.0,1,0,animation,Unknown
4517,ts90466,Hong Kong West Side Stories,SHOW,2019,TV-MA,23,"['drama', 'comedy']",['HK'],2.0,tt10284430,5.7,6.0,2,1,drama,HK
4522,ts89336,Charlie's Colorforms City,SHOW,2019,TV-Y,23,"['animation', 'family']",['US'],4.0,tt8115672,7.0,148.0,2,1,animation,US
4523,ts89656,The Legend of White Snake,SHOW,2019,TV-14,46,"['scifi', 'drama', 'fantasy']",['CN'],1.0,tt10628250,7.4,224.0,3,1,scifi,CN
4525,ts314529,캐치! 티니핑,SHOW,2020,TV-Y,12,[],[],2.0,Unknown,6.5334469051675175,2279.0,0,0,Unknown,Unknown
4531,ts213611,Bangkok Love Stories: Plead,SHOW,2019,Not Rated,44,['drama'],['TH'],1.0,tt10438656,7.3,57.0,1,1,drama,TH
4534,ts214579,Dino Girl Gauko,SHOW,2019,Not Rated,9,"['animation', 'comedy', 'family', 'fantasy', 'scifi']",['JP'],2.0,tt10380814,6.6,71.0,5,1,animation,JP
4536,ts252695,Bookmarks: Celebrating Black Voices,SHOW,2020,TV-G,7,['family'],['US'],1.0,tt12923664,5.0,160.0,1,1,family,US
4543,ts217553,Sexy Central,SHOW,2019,TV-MA,30,['comedy'],['HK'],1.0,Unknown,6.5334469051675175,2279.0,1,1,comedy,HK
4567,ts90643,Cairo's Class,SHOW,2019,TV-14,33,['drama'],['KW'],1.0,Unknown,6.5334469051675175,2279.0,1,1,drama,KW
4569,ts230973,Arashi's Diary: Voyage,SHOW,2019,TV-Y7,31,"['documentation', 'music']",['JP'],1.0,tt11434874,7.7,42.0,2,1,documentation,JP
4579,ts229700,Encounters,SHOW,2019,TV-PG,22,['comedy'],[],1.0,tt11210142,6.5334469051675175,2279.0,1,0,comedy,Unknown
4584,ts223098,Lugar de Mulher,SHOW,2019,Not Rated,15,['comedy'],['BR'],1.0,tt11215186,4.7,35.0,1,1,comedy,BR
4585,ts233732,Mighty Little Bheem: Festival of Colors,SHOW,2020,Not Rated,6,"['animation', 'comedy']",[],1.0,tt11738790,7.2,37.0,2,0,animation,Unknown
4590,ts89679,A Thousand Goodnights,SHOW,2019,Not Rated,84,['drama'],['TW'],1.0,tt10370952,8.0,93.0,1,1,drama,TW
4611,ts224261,Nailed It! Germany,SHOW,2020,TV-14,35,['reality'],['DE'],1.0,tt11460744,5.7,100.0,1,1,reality,DE
4616,ts225708,Six Windows in the Desert,SHOW,2020,TV-14,21,"['drama', 'comedy', 'history', 'scifi']",['SA'],1.0,tt11874042,4.3,3074.0,4,1,drama,SA
4618,ts215166,Scams,SHOW,2019,Not Rated,24,"['action', 'crime', 'drama']",['JP'],1.0,tt10448486,6.4,362.0,3,1,action,JP
4629,ts251783,Emily's Wonder Lab,SHOW,2020,Not Rated,13,[],['US'],1.0,Unknown,6.5334469051675175,2279.0,0,1,Unknown,US
4635,ts45322,"Wait, My Youth",SHOW,2019,TV-PG,36,"['drama', 'romance']",['CN'],1.0,tt12071466,8.1,121.0,2,1,drama,CN
4636,ts222512,Nailed It! France,SHOW,2019,TV-14,34,['reality'],[],1.0,tt10990804,6.4,112.0,1,0,reality,Unknown
4638,ts223121,Bangkok Buddies,SHOW,2019,TV-MA,40,"['comedy', 'drama']",['TH'],1.0,tt11513508,6.8,17.0,2,1,comedy,TH
4642,ts78324,Pinky Malinky,SHOW,2019,TV-Y7,13,"['comedy', 'family', 'animation']",['US'],3.0,tt5621544,5.8,865.0,3,1,comedy,US
4645,ts223115,The Charming Stepmom,SHOW,2019,TV-14,56,"['family', 'comedy', 'romance']",['TH'],1.0,tt13846404,7.8,17.0,3,1,family,TH
4657,ts222802,Once Upon a Time in Lingjian Mountain,SHOW,2019,TV-14,45,"['action', 'comedy', 'fantasy', 'romance', 'drama']",['CN'],2.0,tt11261994,7.5,261.0,5,1,action,CN
4660,ts237487,True: Terrific Tales,SHOW,2020,Not Rated,8,"['animation', 'family']",['US'],1.0,tt12140808,5.7,22.0,2,1,animation,US
4663,ts87599,Somewhere Only We Know,SHOW,2019,TV-MA,58,"['drama', 'romance']",['CN'],1.0,tt10472296,7.3,158.0,2,1,drama,CN
4667,ts268648,Anitta: Made in Honório,SHOW,2020,TV-MA,29,"['documentation', 'music']",['BR'],1.0,tt13486136,6.8,398.0,2,1,documentation,BR
4669,ts90696,In the Bosom of a Thorn,SHOW,2019,TV-14,46,['drama'],[],1.0,tt10397430,7.3,48.0,1,0,drama,Unknown
4670,ts90568,Answer for Heaven,SHOW,2019,Not Rated,44,"['comedy', 'drama']",['TH'],1.0,Unknown,6.5334469051675175,2279.0,2,1,comedy,TH
4678,ts268997,Futmalls.com,SHOW,2020,TV-14,40,"['thriller', 'scifi']",['TW'],1.0,tt13652552,6.4,182.0,2,1,thriller,TW
4679,ts221472,Valentino,SHOW,2020,TV-14,39,['comedy'],['EG'],1.0,tt11508212,5.2,213.0,1,1,comedy,EG
4690,ts235689,J-Style Trip,SHOW,2020,TV-14,64,['reality'],"['CN', 'TW']",1.0,tt11942052,4.9,111.0,1,2,reality,CN
4715,ts222901,糖糖Online,SHOW,2019,TV-MA,24,['drama'],['TW'],1.0,tt11330500,5.5,21.0,1,1,drama,TW
4731,ts213071,Sleepless Society NYCTOPHOBIA,SHOW,2019,TV-MA,46,"['drama', 'thriller']",['TH'],1.0,tt10805822,5.5,43.0,2,1,drama,TH
4763,ts258169,Holiday Home Makeover with Mr. Christmas,SHOW,2020,TV-G,43,['reality'],['US'],1.0,tt13255112,5.8,291.0,1,1,reality,US
4766,ts223078,Nailed It! Spain,SHOW,2019,TV-PG,31,['reality'],['US'],1.0,Unknown,6.5334469051675175,2279.0,1,1,reality,US
4769,ts234501,Buddi,SHOW,2020,TV-Y,8,"['fantasy', 'animation', 'comedy', 'family']",['US'],2.0,tt11829340,7.1,61.0,4,1,fantasy,US
4772,ts235916,Ladies Up,SHOW,2020,Not Rated,17,"['reality', 'comedy']",['IN'],1.0,tt11942100,4.3,234.0,2,1,reality,IN
4773,ts269280,Kings of Jo'Burg,SHOW,2020,TV-MA,51,"['crime', 'thriller']",['ZA'],1.0,tt13453828,5.6,491.0,2,1,crime,ZA
4776,ts222838,I'm with the Band: Nasty Cherry,SHOW,2019,TV-MA,0,['reality'],['US'],1.0,Unknown,6.5334469051675175,2279.0,1,1,reality,US
4778,ts255823,The House Arrest of Us,SHOW,2020,TV-PG,26,"['comedy', 'romance']",['PH'],1.0,tt13280838,5.6,107.0,2,1,comedy,PH
4779,ts241246,The Smart Money Woman,SHOW,2020,TV-MA,48,['drama'],[],1.0,tt12428002,6.4,105.0,1,0,drama,Unknown
4783,ts215869,Extreme Engagement,SHOW,2019,Not Rated,40,['reality'],[],1.0,tt10521644,5.6,382.0,1,0,reality,Unknown
4784,ts234505,Fary: Hexagone,SHOW,2020,TV-MA,51,['comedy'],['FR'],1.0,tt11823028,6.2,126.0,1,1,comedy,FR
4786,ts215862,True Tunes,SHOW,2019,TV-Y7,3,['family'],['US'],1.0,tt10522374,8.0,14.0,1,1,family,US
4791,ts89531,That's What Happened,SHOW,2019,TV-14,39,[],[],1.0,Unknown,6.5334469051675175,2279.0,0,0,Unknown,Unknown
4792,ts236850,Children of Adam,SHOW,2020,TV-14,41,"['action', 'drama']",['LB'],1.0,tt12434912,7.8,170.0,2,1,action,LB
4793,ts251607,Word Party Songs,SHOW,2020,TV-Y,4,"['animation', 'family']",[],1.0,tt12748268,3.6,18.0,2,0,animation,Unknown
4800,ts90648,I Have A Script,SHOW,2019,TV-14,45,['drama'],['KW'],1.0,Unknown,6.5334469051675175,2279.0,1,1,drama,KW
4807,ts89740,The Defected,SHOW,2019,TV-14,42,"['drama', 'crime']",['HK'],1.0,tt10141612,7.4,68.0,2,1,drama,HK
4815,ts304136,마법버스 타요,SHOW,2020,TV-Y7,24,[],['KR'],1.0,Unknown,6.5334469051675175,2279.0,0,1,Unknown,KR
4824,ts222362,Mighty Little Bheem: Diwali,SHOW,2019,Not Rated,24,"['comedy', 'animation']",[],1.0,tt10987498,7.7,35.0,2,0,comedy,Unknown
4829,ts224956,What the Love! with Karan Johar,SHOW,2020,Not Rated,47,['reality'],['IO'],1.0,Unknown,6.5334469051675175,2279.0,1,1,reality,IO
4830,ts283159,A Perfect Day for Arsenide,SHOW,2020,TV-MA,23,"['drama', 'romance']",['HK'],1.0,tt14592684,5.0,16.0,2,1,drama,HK
4831,ts264270,Anatomy of a Scandal,SHOW,2022,TV-MA,45,"['drama', 'thriller']","['GB', 'US']",1.0,tt12748084,7.0,16425.0,2,2,drama,GB
4832,ts217231,Heartstopper,SHOW,2022,TV-14,28,"['drama', 'romance']",['GB'],1.0,tt10638036,8.9,28978.0,2,1,drama,GB
4833,ts90093,The Pentaverate,SHOW,2022,TV-MA,27,['comedy'],['US'],1.0,tt10203880,6.1,3409.0,1,1,comedy,US
4834,ts342732,Our Great National Parks,SHOW,2022,Not Rated,52,['documentation'],['US'],1.0,tt18750552,6.5334469051675175,2279.0,1,1,documentation,US
4835,ts108385,Inventing Anna,SHOW,2022,TV-MA,68,['drama'],['US'],1.0,tt8740976,6.8,54105.0,1,1,drama,US
4839,ts225061,Pieces of Her,SHOW,2022,TV-MA,52,"['crime', 'drama', 'thriller']",['US'],1.0,tt9170236,6.4,11322.0,3,1,crime,US
4842,ts344184,Conversations with a Killer: The John Wayne Gacy Tapes,SHOW,2022,TV-MA,61,"['crime', 'documentation']",['US'],1.0,tt18970124,7.2,3984.0,2,1,crime,US
4845,ts256310,Pacific Rim: The Black,SHOW,2021,TV-14,24,"['animation', 'action', 'scifi']",['US'],2.0,tt9288848,7.0,4796.0,3,1,animation,US
4846,ts270910,Vikings: Valhalla,SHOW,2022,TV-MA,51,"['war', 'action', 'drama', 'history', 'romance']",['US'],1.0,tt11311302,7.1,31330.0,5,1,war,US
4847,ts222333,Arcane,SHOW,2021,TV-14,41,"['action', 'scifi', 'drama', 'fantasy', 'animation']",['US'],1.0,tt11126994,9.1,175412.0,5,1,action,US
4850,ts301625,Hold Tight,SHOW,2022,TV-MA,47,"['crime', 'drama', 'thriller']",['PL'],1.0,tt15019128,6.1,1113.0,3,1,crime,PL
4851,ts311987,Bad Vegan: Fame. Fraud. Fugitives.,SHOW,2022,TV-MA,52,"['crime', 'documentation']",['US'],1.0,tt18260538,5.8,2062.0,2,1,crime,US
4852,ts215951,Midnight Mass,SHOW,2021,TV-MA,64,"['action', 'drama', 'fantasy', 'horror', 'scifi']",['US'],1.0,tt10574558,7.7,102321.0,5,1,action,US
4854,ts307973,Murderville,SHOW,2022,TV-MA,34,"['crime', 'comedy']",['US'],1.0,tt15264192,6.9,10414.0,2,1,crime,US
4855,ts240453,Clark,SHOW,2022,TV-MA,61,"['comedy', 'crime', 'drama', 'thriller', 'action']",['SE'],1.0,tt12304420,7.5,1991.0,5,1,comedy,SE
4856,ts333834,The Ultimatum: Marry or Move On,SHOW,2022,TV-MA,50,['reality'],['US'],1.0,tt18396952,5.4,1440.0,1,1,reality,US
4858,ts294338,Hard Cell,SHOW,2022,TV-MA,26,"['comedy', 'documentation', 'sport']","['US', 'GB']",1.0,tt14959710,6.1,618.0,3,2,comedy,US
4859,ts256072,The Woman in the House Across the Street from the Girl in the Window,SHOW,2022,TV-MA,26,"['crime', 'comedy', 'drama', 'thriller']",['US'],1.0,tt13315324,6.3,38964.0,4,1,crime,US
4860,ts256710,Archive 81,SHOW,2022,TV-MA,54,"['scifi', 'drama', 'horror', 'thriller']",['US'],1.0,tt13365348,7.3,43068.0,4,1,scifi,US
4862,ts343599,Jimmy Savile: A British Horror Story,SHOW,2022,TV-MA,85,"['crime', 'documentation']",['GB'],1.0,tt18970454,6.7,4711.0,2,1,crime,GB
4863,ts220305,Squid Game,SHOW,2021,TV-MA,54,"['action', 'drama', 'thriller']",['KR'],2.0,tt10919420,8.0,416738.0,3,1,action,KR
4866,ts343432,Yakamoz S-245,SHOW,2022,TV-MA,48,"['scifi', 'action', 'drama', 'thriller']",['TR'],1.0,tt13317454,6.1,3861.0,4,1,scifi,TR
4870,ts331448,Welcome To Eden,SHOW,2022,TV-MA,41,"['drama', 'action', 'thriller']",['ES'],1.0,tt13457822,4.9,973.0,3,1,drama,ES
4873,ts281927,Stay Close,SHOW,2021,TV-MA,47,"['crime', 'drama', 'thriller']",['GB'],1.0,tt2201227,6.9,28669.0,3,1,crime,GB
4874,ts223537,Maid,SHOW,2021,TV-MA,54,"['drama', 'comedy']",['US'],1.0,tt11337908,8.4,74955.0,2,1,drama,US
4875,ts340376,The Marked Heart,SHOW,2022,TV-MA,44,"['thriller', 'drama']",['CO'],2.0,tt18974572,6.3,1103.0,2,1,thriller,CO
4876,ts346959,Meltdown: Three Mile Island,SHOW,2022,TV-14,44,"['documentation', 'history']",['US'],1.0,tt19757508,7.0,958.0,2,1,documentation,US
4877,ts87242,Shadow and Bone,SHOW,2021,TV-14,52,"['scifi', 'drama', 'fantasy', 'action']",['US'],1.0,tt2403776,7.6,77782.0,4,1,scifi,US
4878,ts296046,Lupin,SHOW,2021,TV-MA,46,"['crime', 'drama', 'comedy', 'action']",['FR'],3.0,tt2531336,7.5,100575.0,4,1,crime,FR
4880,ts328625,The Guardians of Justice,SHOW,2022,TV-MA,29,['scifi'],['US'],1.0,Unknown,6.5334469051675175,2279.0,1,1,scifi,US
4884,ts227473,Brand New Cherry Flavor,SHOW,2021,TV-MA,43,"['thriller', 'drama', 'horror', 'scifi']",['US'],1.0,tt11343600,7.1,14449.0,4,1,thriller,US
4886,ts321918,Human Resources,SHOW,2022,TV-MA,27,"['comedy', 'romance', 'animation']",['US'],1.0,tt11092142,7.2,4761.0,3,1,comedy,US
4887,ts225855,All of Us Are Dead,SHOW,2022,TV-MA,61,"['action', 'scifi', 'thriller', 'drama', 'fantasy', 'horror']",['KR'],1.0,tt14169960,7.5,41393.0,6,1,action,KR
4888,ts257504,Heirs to the Land,SHOW,2022,TV-MA,54,"['comedy', 'scifi', 'drama', 'history']",['ES'],1.0,tt13308276,7.0,599.0,4,1,comedy,ES
4892,ts102086,Behind Her Eyes,SHOW,2021,TV-MA,50,"['drama', 'thriller']",['GB'],1.0,tt9698442,7.2,57514.0,2,1,drama,GB
4894,ts330402,Is It Cake?,SHOW,2022,TV-PG,38,['reality'],['US'],1.0,tt18314214,5.7,465.0,1,1,reality,US
4896,ts329699,The Andy Warhol Diaries,SHOW,2022,TV-MA,66,['documentation'],['US'],1.0,tt18082212,7.7,1496.0,1,1,documentation,US
4899,ts237722,The Cuphead Show!,SHOW,2022,TV-Y7,15,"['family', 'fantasy', 'animation', 'action', 'comedy']",['US'],1.0,tt10611608,7.5,5792.0,5,1,family,US
4902,ts85985,Cowboy Bebop,SHOW,2021,TV-MA,45,"['scifi', 'comedy', 'crime', 'drama', 'fantasy', 'action']",['US'],1.0,tt1267295,6.6,35427.0,6,1,scifi,US
4904,ts343430,The 7 Lives of Lea,SHOW,2022,TV-MA,41,"['drama', 'thriller', 'crime', 'fantasy']",['FR'],1.0,tt14140886,7.5,1196.0,4,1,drama,FR
4909,ts232107,The Silent Sea,SHOW,2021,TV-MA,45,"['horror', 'drama', 'scifi', 'thriller']",['KR'],1.0,tt11570202,6.9,18548.0,4,1,horror,KR
4910,ts237713,Sweet Tooth,SHOW,2021,TV-14,45,"['scifi', 'drama', 'fantasy', 'action']",['US'],2.0,tt12809988,7.8,49182.0,4,1,scifi,US
4912,ts300391,Clickbait,SHOW,2021,TV-MA,46,"['thriller', 'crime', 'drama']","['AU', 'US']",1.0,tt10888878,7.2,50140.0,3,2,thriller,AU
4913,ts94677,Worst Roommate Ever,SHOW,2022,TV-MA,47,"['crime', 'documentation', 'drama', 'thriller']",['US'],1.0,tt8323702,8.1,8.0,4,1,crime,US
4914,ts251675,Hellbound,SHOW,2021,TV-MA,52,"['scifi', 'horror', 'thriller', 'crime', 'drama', 'fantasy']",['KR'],1.0,tt12235718,6.6,22107.0,6,1,scifi,KR
4915,ts234817,In from the Cold,SHOW,2022,TV-MA,49,"['drama', 'scifi', 'thriller', 'action', 'crime']",['US'],1.0,tt11859542,6.2,6663.0,5,1,drama,US
4917,ts286731,Komi Can't Communicate,SHOW,2021,TV-14,24,"['drama', 'comedy', 'animation', 'romance']",['JP'],2.0,tt14626352,7.8,4358.0,4,1,drama,JP
4918,ts314164,Tomorrow,SHOW,2022,TV-14,60,"['drama', 'action', 'comedy', 'fantasy']",['KR'],1.0,tt18926162,7.7,603.0,4,1,drama,KR
4919,ts327074,Bullsh*t the Game Show,SHOW,2022,Not Rated,0,['reality'],['US'],1.0,tt16912298,6.5334469051675175,2279.0,1,1,reality,US
4921,ts279892,Ginny & Georgia,SHOW,2021,TV-14,54,"['drama', 'comedy']",['US'],1.0,tt10813940,7.4,44573.0,2,1,drama,US
4925,ts311985,Inside Job,SHOW,2021,TV-MA,28,"['comedy', 'fantasy', 'scifi', 'animation']",['US'],1.0,tt10231312,7.6,15137.0,4,1,comedy,US
4926,ts250998,Dirty Lines,SHOW,2022,TV-MA,46,"['drama', 'history']",['NL'],1.0,tt14859224,7.3,717.0,2,1,drama,NL
4927,ts331681,Trivia Quest,SHOW,2022,TV-G,9,"['family', 'fantasy', 'animation']",['US'],1.0,tt18393972,5.6,176.0,3,1,family,US
4932,ts225645,The Chair,SHOW,2021,TV-MA,30,"['drama', 'comedy']",['US'],1.0,tt11834150,7.2,15894.0,2,1,drama,US
4934,ts289334,Sex/Life,SHOW,2021,TV-MA,48,"['drama', 'romance', 'comedy']",[],2.0,tt10839422,5.4,19604.0,3,0,drama,Unknown
4935,ts296472,The Chestnut Man,SHOW,2021,TV-MA,55,"['crime', 'drama', 'thriller']",['DK'],1.0,tt10834220,7.7,41253.0,3,1,crime,DK
4938,ts321513,My Liberation Notes,SHOW,2022,TV-14,62,"['drama', 'romance']",['KR'],1.0,tt15146130,8.4,276.0,2,1,drama,KR
4939,ts311989,jeen-yuhs,SHOW,2022,TV-MA,93,"['documentation', 'music']",['US'],1.0,tt14599438,8.1,7269.0,2,1,documentation,US
4940,ts310057,True Story,SHOW,2021,TV-MA,39,"['drama', 'thriller', 'comedy', 'crime']",['US'],1.0,tt13655456,7.5,16927.0,4,1,drama,US
4942,ts225657,Halston,SHOW,2021,TV-MA,47,['drama'],['US'],1.0,tt10920514,7.5,14040.0,1,1,drama,US
4943,ts229335,Anxious People,SHOW,2021,TV-MA,29,"['crime', 'drama', 'comedy']",['SE'],1.0,tt11168604,6.8,3709.0,3,1,crime,SE
4945,ts287976,Young Royals,SHOW,2021,TV-MA,45,"['drama', 'romance']",['SE'],1.0,tt14664414,8.3,26732.0,2,1,drama,SE
4949,ts255037,Resident Evil: Infinite Darkness,SHOW,2021,TV-MA,27,"['action', 'scifi', 'horror', 'animation']",['US'],1.0,tt13173456,5.8,9500.0,4,1,action,US
4950,ts312984,Our Blues,SHOW,2022,TV-MA,68,['drama'],['KR'],1.0,tt19115260,7.7,209.0,1,1,drama,KR
4951,ts95572,The Serpent,SHOW,2021,TV-MA,57,"['drama', 'thriller', 'crime']",['GB'],1.0,tt7985576,7.6,41782.0,3,1,drama,GB
4953,ts287352,Hit & Run,SHOW,2021,TV-MA,49,"['action', 'drama', 'thriller', 'crime']",['IL'],1.0,tt9073940,7.1,8367.0,4,1,action,IL
4954,ts346034,Blood Sisters,SHOW,2022,TV-MA,57,"['crime', 'drama', 'thriller']",['US'],1.0,tt19398068,6.5334469051675175,2279.0,3,1,crime,US
4955,ts346500,Wild Babies,SHOW,2022,Not Rated,30,['documentation'],['GB'],1.0,tt19398016,6.5334469051675175,2279.0,1,1,documentation,GB
4958,ts273436,Murder Among the Mormons,SHOW,2021,TV-14,53,"['crime', 'history', 'documentation']",['US'],1.0,tt13987620,7.0,6028.0,3,1,crime,US
4961,ts237972,Katla,SHOW,2021,TV-MA,46,"['scifi', 'thriller', 'drama']",['IS'],1.0,tt11102190,7.0,13095.0,3,1,scifi,IS
4962,ts262246,The Last Bus,SHOW,2022,TV-PG,35,"['scifi', 'comedy', 'drama', 'family', 'fantasy']",['GB'],1.0,tt12885670,5.0,500.0,5,1,scifi,GB
4963,ts330347,Cracow Monsters,SHOW,2022,TV-MA,52,"['scifi', 'drama', 'fantasy', 'horror', 'thriller']",['PL'],1.0,tt15096836,5.5,1492.0,5,1,scifi,PL
4964,ts328541,The Puppet Master: Hunting the Ultimate Conman,SHOW,2022,TV-MA,42,"['crime', 'documentation']",['GB'],1.0,tt15479704,7.0,5224.0,2,1,crime,GB
4965,ts302363,Twenty Five Twenty One,SHOW,2022,TV-14,76,"['drama', 'romance']",['KR'],1.0,tt17513352,8.7,4081.0,2,1,drama,KR
4968,ts88578,Firefly Lane,SHOW,2021,TV-MA,52,"['drama', 'romance']",['US'],1.0,tt9012876,7.4,20300.0,2,1,drama,US
4970,ts308845,The Billion Dollar Code,SHOW,2021,TV-MA,67,"['drama', 'thriller', 'crime']",['DE'],1.0,tt15392100,8.0,7313.0,3,1,drama,DE
4976,ts330425,The Principles of Pleasure,SHOW,2022,TV-MA,51,['documentation'],['US'],1.0,tt18299058,4.7,64.0,1,1,documentation,US
4978,ts282131,Attenborough's Life in Colour,SHOW,2021,TV-PG,51,['documentation'],['GB'],1.0,tt11053426,8.2,3090.0,1,1,documentation,GB
4981,ts331680,Making Fun,SHOW,2022,TV-PG,41,['reality'],['US'],1.0,tt17737382,7.0,557.0,1,1,reality,US
4983,ts220553,The Irregulars,SHOW,2021,TV-14,53,"['crime', 'drama', 'fantasy', 'scifi']",['GB'],1.0,tt10893694,5.9,14714.0,4,1,crime,GB
4985,ts328194,My Name,SHOW,2021,TV-MA,50,"['thriller', 'action', 'crime', 'drama']",['KR'],1.0,tt12940504,7.8,18446.0,4,1,thriller,KR
4987,ts307649,Turning Point: 9/11 and the War on Terror,SHOW,2021,TV-14,62,"['war', 'history', 'documentation']",['US'],1.0,tt15260794,8.0,8881.0,3,1,war,US
4990,ts296214,How to Become a Tyrant,SHOW,2021,TV-MA,27,"['war', 'history', 'documentation']",['US'],1.0,tt14832996,7.4,8041.0,3,1,war,US
4993,ts283080,Who Killed Sara?,SHOW,2021,TV-MA,41,"['drama', 'crime', 'thriller']",['MX'],3.0,tt11937816,6.4,12148.0,3,1,drama,MX
4994,ts287438,The Innocent,SHOW,2021,TV-MA,58,"['crime', 'drama', 'thriller']",['ES'],1.0,tt10147644,7.8,29019.0,3,1,crime,ES
4995,ts219423,Masters of the Universe: Revelation,SHOW,2021,TV-PG,26,"['scifi', 'animation', 'action', 'drama', 'family', 'fantasy', 'comedy']",['US'],2.0,tt10826054,5.2,26127.0,7,1,scifi,US
4997,ts108042,Maya and the Three,SHOW,2021,TV-Y7,131,"['comedy', 'drama', 'family', 'fantasy', 'animation', 'action']",['MX'],1.0,tt8787772,8.1,3597.0,6,1,comedy,MX
4999,ts271413,Night Stalker: The Hunt for a Serial Killer,SHOW,2021,TV-MA,47,"['crime', 'documentation']",['US'],1.0,tt13651632,7.5,23939.0,2,1,crime,US
5000,ts281062,The Girl from Oslo,SHOW,2021,Not Rated,31,"['drama', 'thriller']",['NO'],1.0,tt13968792,6.3,2973.0,2,1,drama,NO
5001,ts343427,Samurai Rabbit: The Usagi Chronicles,SHOW,2022,TV-Y7,25,"['action', 'fantasy', 'scifi', 'animation', 'comedy', 'family']",['US'],1.0,tt12717354,6.6,148.0,6,1,action,US
5007,ts271867,Vincenzo,SHOW,2021,Not Rated,81,"['action', 'comedy', 'crime', 'drama', 'romance']",['KR'],1.0,tt13433812,8.4,15134.0,5,1,action,KR
5008,ts272980,The One,SHOW,2021,TV-MA,42,"['crime', 'drama', 'scifi', 'thriller', 'action']",['GB'],1.0,tt13879466,6.6,12367.0,5,1,crime,GB
5012,ts273229,Feria: The Darkest Light,SHOW,2022,TV-MA,50,"['scifi', 'crime', 'drama', 'fantasy', 'horror', 'thriller']",['ES'],1.0,tt13323004,5.7,1532.0,6,1,scifi,ES
5016,ts328605,Midnight at the Pera Palace,SHOW,2022,TV-14,44,"['crime', 'drama', 'history']",['TR'],1.0,tt13317508,7.1,6624.0,3,1,crime,TR
5017,ts314135,VOIR,SHOW,2021,TV-MA,20,['documentation'],['US'],1.0,tt15677070,6.8,1255.0,1,1,documentation,US
5020,ts287559,Jupiter's Legacy,SHOW,2021,TV-MA,45,"['scifi', 'action', 'drama', 'fantasy']",['US'],1.0,tt5774002,6.7,37235.0,4,1,scifi,US
5028,ts330289,Smother-In-Law,SHOW,2022,TV-MA,25,['comedy'],['BR'],1.0,tt15353358,6.5334469051675175,2279.0,1,1,comedy,BR
5029,ts270405,Pretend It's a City,SHOW,2021,TV-14,29,"['comedy', 'documentation']",['US'],1.0,tt13660958,8.1,7096.0,2,1,comedy,US
5031,ts271595,Crime Scene: The Vanishing at the Cecil Hotel,SHOW,2021,TV-MA,55,"['documentation', 'crime', 'thriller']",['US'],1.0,tt13840586,5.9,16799.0,3,1,documentation,US
5033,ts290643,Super Crooks,SHOW,2021,TV-MA,30,"['scifi', 'drama', 'animation', 'action', 'crime', 'fantasy']",['JP'],1.0,tt14272628,7.1,1984.0,6,1,scifi,JP
5034,ts329700,Life After Death with Tyler Henry,SHOW,2022,TV-MA,43,['reality'],['US'],1.0,tt18224644,5.5,522.0,1,1,reality,US
5039,ts314594,Catching Killers,SHOW,2021,TV-MA,40,"['documentation', 'crime']",['US'],2.0,tt15723914,7.1,2908.0,2,1,documentation,US
5041,ts315611,Animal,SHOW,2021,TV-PG,45,['documentation'],"['US', 'BR']",2.0,tt15674216,7.9,857.0,1,2,documentation,US
5042,ts297483,Hometown Cha-Cha-Cha,SHOW,2021,TV-14,78,"['comedy', 'romance', 'drama']",['KR'],1.0,tt14518756,8.5,9987.0,3,1,comedy,KR
5044,ts343404,Mai,SHOW,2022,TV-MA,48,"['crime', 'drama']",['IN'],1.0,Unknown,6.5334469051675175,2279.0,2,1,crime,IN
5048,ts343251,Green Mothers' Club,SHOW,2022,Not Rated,69,['drama'],['KR'],1.0,tt15060900,7.1,38.0,1,1,drama,KR
5053,ts1475,Chosen,SHOW,2022,TV-MA,44,"['scifi', 'thriller', 'drama']",['DK'],1.0,tt16492950,4.3,1111.0,3,1,scifi,DK
5055,ts297846,An astrological guide for broken hearts,SHOW,2021,TV-14,34,"['comedy', 'romance']",['IT'],2.0,tt14759406,7.1,2827.0,2,1,comedy,IT
5056,ts288087,Sophie: A Murder in West Cork,SHOW,2021,TV-14,55,"['crime', 'documentation', 'history']",['GB'],1.0,tt14681732,6.8,5093.0,3,1,crime,GB
5058,ts329885,Standing Up,SHOW,2022,TV-MA,46,"['comedy', 'drama']",['FR'],1.0,tt18260550,6.2,133.0,2,1,comedy,FR
5059,ts296563,Who Rules The World,SHOW,2022,TV-PG,44,"['drama', 'fantasy', 'romance']",['CN'],1.0,tt14950036,9.2,81.0,3,1,drama,CN
5060,ts306203,Monsters Inside: The 24 Faces of Billy Milligan,SHOW,2021,Not Rated,61,"['crime', 'documentation']",[],1.0,tt15287836,6.2,3038.0,2,0,crime,Unknown
5061,ts304053,Countdown: Inspiration4 Mission to Space,SHOW,2021,TV-14,50,['documentation'],['US'],1.0,tt15166116,7.9,1642.0,1,1,documentation,US
5062,ts253813,Glória,SHOW,2021,TV-MA,44,"['drama', 'history', 'thriller']",['PT'],1.0,tt13064634,8.0,3941.0,3,1,drama,PT
5063,ts284702,This Is a Robbery: The World's Biggest Art Heist,SHOW,2021,TV-MA,53,"['crime', 'history', 'documentation']",['US'],1.0,tt14223858,6.5,4246.0,3,1,crime,US
5070,ts299865,Heist,SHOW,2021,TV-MA,43,"['crime', 'documentation']",['US'],1.0,tt14865290,6.8,1698.0,2,1,crime,US
5071,ts269676,History of Swear Words,SHOW,2021,TV-MA,21,"['comedy', 'documentation']",['US'],1.0,tt13617060,6.4,4776.0,2,1,comedy,US
5072,ts104499,Trese,SHOW,2021,TV-MA,29,"['crime', 'action', 'fantasy', 'horror', 'thriller', 'animation', 'scifi']",['PH'],1.0,tt9310336,7.0,3701.0,7,1,crime,PH
5073,ts288744,The Sound of Magic,SHOW,2022,TV-14,69,"['drama', 'fantasy', 'music']",['KR'],1.0,tt14460684,8.0,982.0,3,1,drama,KR
5075,ts287532,High on the Hog: How African American Cuisine Transformed America,SHOW,2021,TV-14,47,['documentation'],['US'],1.0,Unknown,6.5334469051675175,2279.0,1,1,documentation,US
5080,ts319303,He's Expecting,SHOW,2022,TV-PG,26,"['drama', 'comedy', 'romance']",['JP'],1.0,tt14719276,1.6,2735.0,3,1,drama,JP
5082,ts314742,He-Man and the Masters of the Universe,SHOW,2021,TV-Y7,26,"['scifi', 'action', 'fantasy', 'animation', 'comedy', 'drama', 'family']",['US'],2.0,tt11465278,5.8,1618.0,7,1,scifi,US
5087,ts272463,Colin in Black & White,SHOW,2021,TV-14,32,"['drama', 'sport']",['US'],1.0,tt12624928,5.4,7021.0,2,1,drama,US
5088,ts286317,The Sons of Sam: A Descent Into Darkness,SHOW,2021,TV-MA,60,"['documentation', 'crime', 'history']",['US'],1.0,tt13156316,7.0,8124.0,3,1,documentation,US
5090,ts320426,Crime Scene: The Times Square Killer,SHOW,2021,TV-MA,49,"['crime', 'documentation', 'history']",['US'],1.0,tt16027926,6.5,3355.0,3,1,crime,US
5093,ts296825,Gone for Good,SHOW,2021,TV-MA,49,"['drama', 'crime', 'thriller']",['FR'],1.0,tt14252964,6.3,3863.0,3,1,drama,FR
5095,ts256311,High-Rise Invasion,SHOW,2021,TV-MA,25,"['action', 'horror', 'scifi', 'thriller', 'animation']",['JP'],1.0,tt13357164,6.6,2575.0,5,1,action,JP
5097,ts269881,Record of Ragnarok,SHOW,2021,TV-MA,24,"['scifi', 'drama', 'fantasy', 'thriller', 'animation', 'action']",['JP'],1.0,tt13676344,6.2,4647.0,6,1,scifi,JP
5102,ts287294,"Money, Explained",SHOW,2021,TV-14,23,['documentation'],['US'],1.0,tt14492910,6.9,2143.0,1,1,documentation,US
5106,ts312071,The Way of the Househusband,SHOW,2021,TV-MA,17,"['animation', 'action', 'comedy', 'crime', 'drama', 'romance']",['JP'],1.0,tt13357124,7.3,3724.0,6,1,animation,JP
5107,ts271888,Fate: The Winx Saga,SHOW,2021,TV-MA,50,"['scifi', 'drama', 'fantasy', 'action']",['US'],1.0,tt8179402,6.8,37995.0,4,1,scifi,US
5108,ts250092,Shaman King,SHOW,2021,TV-PG,23,"['comedy', 'fantasy', 'animation', 'action', 'scifi']",['JP'],1.0,tt12502782,7.0,1480.0,5,1,comedy,JP
5110,ts302312,Jaguar,SHOW,2021,TV-MA,43,"['war', 'action', 'drama', 'history']",['ES'],1.0,tt11698590,5.7,1718.0,4,1,war,ES
5112,ts287328,Yasuke,SHOW,2021,TV-MA,29,"['scifi', 'action', 'drama', 'fantasy', 'thriller', 'animation']",['US'],1.0,tt9310330,6.2,4999.0,6,1,scifi,US
5113,ts317422,Saturday Morning All Star Hits!,SHOW,2021,TV-14,23,"['animation', 'comedy']",['US'],1.0,tt15978256,7.6,846.0,2,1,animation,US
5122,ts260477,Post Mortem: No One Dies in Skarnes,SHOW,2021,TV-MA,45,"['thriller', 'comedy', 'drama']",['NO'],1.0,tt13053222,7.1,3229.0,3,1,thriller,NO
5123,ts265991,The Cook of Castamar,SHOW,2021,TV-MA,54,['drama'],['ES'],1.0,tt12626014,7.4,3637.0,1,1,drama,ES
5124,ts304468,Thirty-Nine,SHOW,2022,TV-MA,73,"['drama', 'romance']",['KR'],1.0,tt15309342,7.9,150.0,2,1,drama,KR
5126,ts321614,Blippi Wonders,SHOW,2021,TV-Y,7,['animation'],['US'],1.0,tt19315934,6.5334469051675175,2279.0,1,1,animation,US
5127,ts315041,Bulgasal: Immortal Souls,SHOW,2021,TV-MA,71,"['scifi', 'thriller', 'drama', 'fantasy']",['KR'],1.0,tt14691616,7.4,1897.0,4,1,scifi,KR
5128,ts291718,Pretty Smart,SHOW,2021,TV-14,24,"['comedy', 'drama', 'romance']",['US'],1.0,tt14369056,5.7,4209.0,3,1,comedy,US
5130,ts329854,Jump like a Witch,SHOW,2022,TV-PG,97,['reality'],['KR'],1.0,Unknown,6.5334469051675175,2279.0,1,1,reality,KR
5131,ts300456,My Unorthodox Life,SHOW,2021,TV-MA,40,['reality'],['US'],1.0,tt14398500,5.5,1170.0,1,1,reality,US
5132,ts307925,On the Verge,SHOW,2021,TV-MA,32,"['comedy', 'drama']",['FR'],1.0,tt5540990,6.5,2841.0,2,1,comedy,FR
5137,ts280892,"Devotion, a Story of Love and Desire",SHOW,2022,TV-MA,40,"['drama', 'romance']",['IT'],1.0,tt13956560,6.4,1262.0,2,1,drama,IT
5139,ts273485,Baki Hanma,SHOW,2021,TV-MA,24,"['thriller', 'animation', 'action', 'drama', 'sport']",['JP'],2.0,tt13357140,6.6,1483.0,5,1,thriller,JP
5140,ts301915,The King's Affection,SHOW,2021,TV-14,66,['drama'],['KR'],1.0,Unknown,6.5334469051675175,2279.0,1,1,drama,KR
5142,ts268102,Juvenile Justice,SHOW,2022,TV-MA,61,"['drama', 'crime']",['KR'],1.0,tt15553922,8.0,2163.0,2,1,drama,KR
5143,ts282133,City of Ghosts,SHOW,2021,TV-Y7,19,['drama'],['FR'],1.0,tt15477516,6.1,10.0,1,1,drama,FR
5144,ts273100,DOTA: Dragon's Blood,SHOW,2021,TV-MA,26,"['scifi', 'action', 'thriller', 'animation', 'fantasy']",['US'],2.0,tt14069590,7.8,17429.0,5,1,scifi,US
5145,ts271604,Blue Period,SHOW,2021,TV-14,25,"['animation', 'drama']",['JP'],1.0,tt14115912,7.7,1712.0,2,1,animation,JP
5146,ts313781,The Club,SHOW,2021,TV-14,47,"['drama', 'comedy']",['TR'],2.0,tt13317582,7.9,7810.0,2,1,drama,TR
5147,ts311791,The Raincoat Killer: Chasing a Predator in Korea,SHOW,2021,TV-MA,48,"['documentation', 'crime', 'history']",['KR'],1.0,tt15488654,6.4,1864.0,3,1,documentation,KR
5148,ts305264,School of Chocolate,SHOW,2021,TV-PG,38,['reality'],['US'],1.0,tt15172154,7.6,1572.0,1,1,reality,US
5152,ts222864,Falling Into Your Smile,SHOW,2021,TV-14,44,"['drama', 'comedy', 'romance']",['CN'],1.0,tt11290960,8.4,2019.0,3,1,drama,CN
5155,ts255486,Godzilla Singular Point,SHOW,2021,TV-14,24,"['scifi', 'animation', 'action', 'thriller']",['JP'],1.0,tt13229964,6.5,1612.0,4,1,scifi,JP
5156,ts215989,Snabba Cash,SHOW,2021,TV-MA,43,"['drama', 'thriller', 'action', 'crime']",['SE'],2.0,tt10540276,7.6,8176.0,4,1,drama,SE
5159,ts299874,Cocaine Cowboys: The Kings of Miami,SHOW,2021,TV-MA,53,"['documentation', 'crime', 'history']",[],1.0,tt15049206,7.1,2624.0,3,0,documentation,Unknown
5160,ts257345,Wild Abandon,SHOW,2022,TV-MA,51,"['drama', 'comedy']",['TR'],1.0,tt13317478,7.2,3634.0,2,1,drama,TR
5162,ts241854,EDENS ZERO,SHOW,2021,TV-14,24,"['action', 'scifi']",['JP'],1.0,Unknown,6.5334469051675175,2279.0,2,1,action,JP
5165,ts288489,Pretty Guardians Sailor Moon Eternal The Movie,SHOW,2021,TV-14,81,['action'],['JP'],1.0,tt10635042,6.5334469051675175,2279.0,1,1,action,JP
5166,ts287722,The Upshaws,SHOW,2021,TV-14,30,['comedy'],['US'],2.0,tt10945036,6.8,2296.0,1,1,comedy,US
5169,ts270798,Love (ft. Marriage and Divorce),SHOW,2021,TV-PG,69,"['drama', 'romance']",['KR'],3.0,tt13814840,6.6,433.0,2,1,drama,KR
5172,ts320302,Neymar: The Perfect Chaos,SHOW,2022,TV-MA,55,"['documentation', 'sport']","['BR', 'US']",1.0,tt16428640,6.6,2907.0,2,2,documentation,BR
5173,ts288005,"Nevertheless,",SHOW,2021,Not Rated,69,"['drama', 'romance']",['KR'],1.0,tt14518284,7.2,4485.0,2,1,drama,KR
5176,ts246178,Eden,SHOW,2021,TV-PG,25,"['scifi', 'fantasy', 'animation', 'action', 'drama', 'family']",['JP'],1.0,tt10545250,6.6,1111.0,6,1,scifi,JP
5178,ts246073,Tribes of Europa,SHOW,2021,TV-MA,47,"['scifi', 'fantasy', 'action', 'drama']",['DE'],1.0,tt9184982,6.7,11794.0,4,1,scifi,DE
5180,ts192196,Q-Force,SHOW,2021,TV-MA,23,"['scifi', 'animation', 'action', 'comedy', 'crime', 'fantasy']",['US'],1.0,tt10140028,6.4,4963.0,6,1,scifi,US
5182,ts308838,Bad Sport,SHOW,2021,TV-MA,65,"['crime', 'sport', 'documentation']",[],1.0,tt15402912,7.3,1912.0,3,0,crime,Unknown
5183,ts216407,Age of Samurai: Battle for Japan,SHOW,2021,TV-MA,43,"['drama', 'history', 'war', 'documentation', 'action']",['US'],1.0,tt10551256,7.4,4022.0,5,1,drama,US
5185,ts271025,Bling Empire,SHOW,2021,TV-MA,39,['reality'],['US'],2.0,tt13660962,5.8,2608.0,1,1,reality,US
5187,ts29800,Surviving Death,SHOW,2021,TV-MA,54,"['documentation', 'reality']",['US'],1.0,tt13649692,6.1,1991.0,2,1,documentation,US
5189,ts317522,Dig Deeper: The Disappearance of Birgit Meier,SHOW,2021,Not Rated,59,"['crime', 'documentation']",['DE'],1.0,tt15771888,7.3,1622.0,2,1,crime,DE
5190,ts317078,The Journalist,SHOW,2022,TV-14,51,"['drama', 'thriller']",['JP'],1.0,tt15101670,7.0,542.0,2,1,drama,JP
5193,ts305263,Baking Impossible,SHOW,2021,TV-PG,49,['reality'],['US'],1.0,tt15171996,7.0,1004.0,1,1,reality,US
5195,ts271321,Beyond Evil,SHOW,2021,TV-MA,66,"['crime', 'thriller', 'drama']",['KR'],1.0,tt13634872,8.1,2776.0,3,1,crime,KR
5205,ts220196,Centaurworld,SHOW,2021,TV-Y7,29,"['scifi', 'action', 'family', 'fantasy', 'animation', 'comedy']",['US'],2.0,tt10919290,7.6,1939.0,6,1,scifi,US
5208,ts240807,Power Rangers Dino Fury,SHOW,2021,TV-Y7,21,"['comedy', 'drama', 'fantasy', 'scifi', 'thriller', 'action']",[],2.0,tt12360292,7.0,479.0,6,0,comedy,Unknown
5209,ts313689,Our Beloved Summer,SHOW,2021,TV-14,60,"['drama', 'comedy']",['KR'],1.0,Unknown,6.5334469051675175,2279.0,2,1,drama,KR
5210,ts289620,House of Secrets: The Burari Deaths,SHOW,2021,TV-MA,45,"['documentation', 'crime', 'history']",['IN'],1.0,tt14167390,7.4,9504.0,3,1,documentation,IN
5212,ts301999,Open Your Eyes,SHOW,2021,TV-MA,47,"['scifi', 'drama', 'thriller']",['PL'],1.0,tt13495314,6.5,1413.0,3,1,scifi,PL
5213,ts346007,Savage Beauty,SHOW,2022,TV-MA,0,['drama'],['US'],1.0,Unknown,6.5334469051675175,2279.0,1,1,drama,US
5214,ts319333,Tiger King: The Doc Antle Story,SHOW,2021,TV-MA,42,"['crime', 'documentation']",['US'],1.0,tt16307970,6.2,1330.0,2,1,crime,US
5215,ts313668,Tear Along the Dotted Line,SHOW,2021,TV-14,19,"['drama', 'comedy', 'animation']",['IT'],1.0,tt15614372,8.7,7595.0,3,1,drama,IT
5217,ts283610,Feels Like Ishq,SHOW,2021,TV-MA,42,"['drama', 'romance', 'comedy']",['IN'],1.0,tt14163838,6.4,1514.0,3,1,drama,IN
5218,ts315144,The Creature Cases,SHOW,2022,TV-Y,0,"['animation', 'family', 'action', 'comedy']",['US'],1.0,tt15527326,6.5334469051675175,2279.0,4,1,animation,US
5220,ts306510,Octonauts: Above & Beyond,SHOW,2021,TV-Y,25,"['family', 'animation']",['KR'],1.0,tt15211330,7.4,66.0,2,1,family,KR
5221,ts343426,Senzo: Murder of a Soccer Star,SHOW,2022,Not Rated,40,"['crime', 'documentation']","['ZA', 'US']",1.0,tt18954258,6.5334469051675175,2279.0,2,2,crime,ZA
5222,ts271517,The Crew,SHOW,2021,TV-14,29,['comedy'],['US'],1.0,tt10971022,6.5,5396.0,1,1,comedy,US
5223,ts306322,The Unlikely Murderer,SHOW,2021,TV-MA,46,"['drama', 'crime']",['SE'],1.0,tt13735930,7.0,3954.0,2,1,drama,SE
5227,ts341760,Byron Baes,SHOW,2022,TV-MA,45,['reality'],['AU'],1.0,tt14537060,2.6,445.0,1,1,reality,AU
5228,ts302714,The Kingdom,SHOW,2021,TV-MA,47,"['drama', 'crime']",['AR'],1.0,tt15068148,6.5,1319.0,2,1,drama,AR
5230,ts271593,Spycraft,SHOW,2021,TV-MA,34,['documentation'],['US'],1.0,tt13789092,6.7,1976.0,1,1,documentation,US
5231,ts310376,"Sex, Love & Goop",SHOW,2021,TV-MA,35,"['comedy', 'romance']",['US'],1.0,tt15470160,4.8,713.0,2,1,comedy,US
5232,ts280693,Thomas & Friends: All Engines Go!,SHOW,2021,TV-Y,11,"['animation', 'comedy', 'fantasy', 'drama', 'music', 'family']",[],1.0,tt14556544,1.7,509.0,6,0,animation,Unknown
5233,ts293814,Sparking Joy with Marie Kondo,SHOW,2021,TV-PG,20,['reality'],[],1.0,tt14550060,6.2,341.0,1,0,reality,Unknown
5234,ts296129,Elite Short Stories: Guzmán Caye Rebe,SHOW,2021,TV-MA,12,"['drama', 'crime', 'thriller']",['ES'],1.0,tt14668192,7.4,2254.0,3,1,drama,ES
5235,ts320557,Elite Short Stories: Patrick,SHOW,2021,TV-MA,12,"['comedy', 'drama']",['ES'],1.0,tt16306836,6.1,671.0,2,1,comedy,ES
5237,ts301196,Top Secret UFO Projects: Declassified,SHOW,2021,TV-PG,43,['documentation'],['GB'],1.0,tt14992232,5.5,1371.0,1,1,documentation,GB
5240,ts320502,Getting Curious with Jonathan Van Ness,SHOW,2022,TV-MA,26,"['comedy', 'reality']",['US'],1.0,tt16584084,7.0,494.0,2,1,comedy,US
5241,ts317297,The Orbital Children,SHOW,2022,TV-14,32,"['action', 'scifi', 'drama', 'fantasy', 'animation']",['JP'],2.0,tt13351614,6.4,497.0,5,1,action,JP
5242,ts223450,Move to Heaven,SHOW,2021,TV-MA,52,['drama'],['KR'],1.0,tt11052470,8.6,5307.0,1,1,drama,KR
5244,ts255779,Gabby's Dollhouse,SHOW,2021,TV-Y,23,"['fantasy', 'animation', 'comedy', 'family']",['US'],4.0,tt9165438,7.2,344.0,4,1,fantasy,US
5245,ts287045,Fatma,SHOW,2021,TV-MA,42,"['crime', 'drama', 'thriller']",['TR'],1.0,tt11961378,7.4,8185.0,3,1,crime,TR
5246,ts320183,Single’s Inferno,SHOW,2021,TV-PG,64,['reality'],['KR'],2.0,tt16283666,7.2,1460.0,1,1,reality,KR
5250,ts301914,Inspector Koo,SHOW,2021,TV-14,69,"['action', 'comedy', 'thriller']",['KR'],1.0,tt14731794,6.9,534.0,3,1,action,KR
5251,ts283676,Last Chance U: Basketball,SHOW,2021,TV-MA,60,"['documentation', 'sport']",['US'],1.0,tt13087512,8.3,2429.0,2,1,documentation,US
5252,ts272669,Waffles + Mochi,SHOW,2021,TV-Y,30,['family'],['US'],1.0,tt14035218,7.5,463.0,1,1,family,US
5253,ts268835,Sisyphus,SHOW,2021,Not Rated,71,"['action', 'fantasy', 'scifi', 'drama']",['KR'],1.0,tt13715448,7.0,3688.0,4,1,action,KR
5254,ts317612,Love is Blind: Japan,SHOW,2022,TV-PG,57,"['reality', 'romance']",['JP'],1.0,tt15943826,7.1,394.0,2,1,reality,JP
5255,ts308511,Back to 15,SHOW,2022,TV-14,39,"['comedy', 'drama']",['BR'],1.0,tt15301854,6.6,574.0,2,1,comedy,BR
5257,ts188861,Battle Kitty,SHOW,2022,TV-Y7,32,"['animation', 'action', 'comedy', 'family', 'fantasy', 'scifi']",['US'],1.0,tt10050740,7.4,60.0,6,1,animation,US
5258,ts308689,Misfit: The Series,SHOW,2021,Not Rated,24,['comedy'],['NL'],1.0,tt15517928,7.2,72.0,1,1,comedy,NL
5260,ts269286,Once Upon a Time... Happily Never After,SHOW,2022,TV-MA,30,"['scifi', 'comedy', 'fantasy']",['ES'],1.0,tt13560186,5.4,437.0,3,1,scifi,ES
5261,ts320075,Aranyak,SHOW,2021,TV-MA,41,"['crime', 'thriller', 'drama']",['IN'],1.0,tt14167344,7.9,7629.0,3,1,crime,IN
5262,ts304058,Ganglands,SHOW,2021,TV-MA,46,"['action', 'crime', 'drama', 'thriller']",['FR'],1.0,tt13278100,7.0,2460.0,4,1,action,FR
5265,ts296091,Elite Short Stories: Nadia Guzmán,SHOW,2021,TV-MA,11,"['drama', 'romance']",['ES'],1.0,tt14671790,6.3,1851.0,2,1,drama,ES
5270,ts72196,Swap Shop,SHOW,2021,TV-14,30,['reality'],['US'],2.0,tt15674202,6.7,325.0,1,1,reality,US
5271,ts269493,Headspace Guide to Meditation,SHOW,2021,TV-G,22,"['documentation', 'animation']",['US'],1.0,tt13617024,8.4,1540.0,2,1,documentation,US
5272,ts310331,Twenty Somethings: Austin,SHOW,2021,TV-MA,30,['reality'],['US'],1.0,tt15204216,6.0,427.0,1,1,reality,US
5276,ts296081,The Parisian Agency: Exclusive Properties,SHOW,2021,TV-14,54,['reality'],['FR'],2.0,tt14746934,7.4,593.0,1,1,reality,FR
5278,ts287802,Penguin Town,SHOW,2021,TV-G,30,"['documentation', 'drama', 'family', 'comedy']",['ZA'],1.0,tt14677850,7.9,824.0,4,1,documentation,ZA
5279,ts239188,Kitz,SHOW,2021,TV-MA,44,"['thriller', 'drama']","['AT', 'DE']",1.0,tt12104930,5.7,2302.0,2,2,thriller,AT
5281,ts308039,A Sinister Sect: Colonia Dignidad,SHOW,2021,Not Rated,51,['documentation'],['DE'],1.0,Unknown,6.5334469051675175,2279.0,1,1,documentation,DE
5282,ts283528,This Is Pop,SHOW,2021,TV-MA,44,"['music', 'documentation']",['CA'],1.0,tt14155414,6.9,1076.0,2,1,music,CA
5286,ts297031,Transformers: War for Cybertron: Kingdom,SHOW,2021,TV-Y7,24,"['action', 'scifi']",['US'],1.0,Unknown,6.5334469051675175,2279.0,2,1,action,US
5288,ts315551,Elite Short Stories: Phillipe Caye Felipe,SHOW,2021,Not Rated,13,"['comedy', 'drama', 'romance']",['ES'],1.0,tt16156744,6.2,655.0,3,1,comedy,ES
5290,ts306068,Luna Park,SHOW,2021,TV-MA,50,"['drama', 'romance']",['IT'],1.0,tt15349110,6.4,691.0,2,1,drama,IT
5292,ts319412,Forecasting Love and Weather,SHOW,2022,TV-14,66,"['drama', 'romance']",['KR'],1.0,tt15140592,7.2,1016.0,2,1,drama,KR
5293,ts326955,The Fame Game,SHOW,2022,Not Rated,47,['crime'],['IN'],1.0,Unknown,6.5334469051675175,2279.0,1,1,crime,IN
5297,ts272366,Amend: The Fight for America,SHOW,2021,TV-MA,59,"['war', 'documentation', 'history']",['US'],1.0,tt13972246,7.8,1281.0,3,1,war,US
5298,ts271726,Go Dog Go,SHOW,2021,TV-Y,24,['animation'],['US'],2.0,tt10687202,7.2,179.0,1,1,animation,US
5302,ts317526,Selling Tampa,SHOW,2021,TV-MA,40,['reality'],['US'],1.0,tt16227948,4.4,708.0,1,1,reality,US
5304,ts284862,Zero Chill,SHOW,2021,Not Rated,30,"['drama', 'comedy']",['GB'],1.0,Unknown,6.5334469051675175,2279.0,2,1,drama,GB
5305,ts258415,Elves,SHOW,2021,TV-14,24,"['fantasy', 'horror', 'thriller', 'family', 'drama', 'scifi']",['DK'],1.0,tt13231962,5.5,4075.0,6,1,fantasy,DK
5309,ts302653,Light the Night,SHOW,2021,TV-MA,57,"['drama', 'thriller', 'crime']",['TW'],3.0,tt15808044,7.4,968.0,3,1,drama,TW
5310,ts330132,800 Meters,SHOW,2022,TV-MA,52,"['documentation', 'crime']",['ES'],1.0,tt13323170,6.9,459.0,2,1,documentation,ES
5311,ts14520,Action Pack,SHOW,2022,TV-Y,28,"['action', 'comedy', 'family', 'fantasy', 'scifi', 'animation']",['US'],1.0,tt15527308,6.5,66.0,6,1,action,US
5312,ts241296,Finding Ola,SHOW,2022,TV-14,53,"['comedy', 'drama']",[],1.0,tt12432642,7.6,1431.0,2,0,comedy,Unknown
5314,ts271720,Pui Pui Molcar,SHOW,2021,TV-Y7,2,"['animation', 'comedy', 'family']",['JP'],1.0,tt14202738,8.1,335.0,3,1,animation,JP
5315,ts282291,Generation 56K,SHOW,2021,TV-14,30,"['comedy', 'drama', 'romance']",['IT'],1.0,tt13524842,7.4,2317.0,3,1,comedy,IT
5317,ts315549,Elite Short Stories: Samuel Omar,SHOW,2021,Not Rated,12,"['comedy', 'drama']",['ES'],1.0,tt16259804,6.1,620.0,2,1,comedy,ES
5319,ts257817,Call My Agent Bollywood,SHOW,2021,TV-MA,45,"['drama', 'comedy']",['IN'],1.0,tt13282662,7.4,6162.0,2,1,drama,IN
5320,ts296069,Elite Short Stories: Omar Ander Alexis,SHOW,2021,TV-MA,12,"['drama', 'crime', 'thriller']",['ES'],1.0,tt14676004,7.3,1903.0,3,1,drama,ES
5321,ts308516,"Young, Famous & African",SHOW,2022,TV-MA,43,['reality'],['ZA'],1.0,tt15302054,4.6,354.0,1,1,reality,ZA
5325,ts296059,Elite Short Stories: Carla Samuel,SHOW,2021,TV-MA,14,"['drama', 'romance']",['ES'],1.0,tt14675560,6.9,2609.0,2,1,drama,ES
5327,ts104362,Kid Cosmic,SHOW,2021,TV-Y7,23,"['action', 'comedy', 'family', 'fantasy', 'scifi', 'animation']",['US'],3.0,tt9248538,7.9,1354.0,6,1,action,US
5328,ts321084,Framed! A Sicilian Murder Mystery,SHOW,2022,TV-MA,31,"['comedy', 'crime']",['IT'],1.0,tt16745502,6.8,900.0,2,1,comedy,IT
5329,ts90023,AlRawabi School for Girls,SHOW,2021,TV-14,48,['drama'],['JO'],1.0,tt10183912,7.4,5708.0,1,1,drama,JO
5331,ts260502,Until Life Do Us Part,SHOW,2021,TV-MA,41,['drama'],['PT'],1.0,tt13053042,7.4,631.0,1,1,drama,PT
5333,ts232506,50M2,SHOW,2021,TV-MA,49,"['comedy', 'drama', 'thriller', 'crime']",['TR'],1.0,tt11617848,6.9,5516.0,4,1,comedy,TR
5334,ts326029,Savage Rhythm,SHOW,2022,TV-MA,38,"['drama', 'music']",['CO'],1.0,tt17076336,6.3,28.0,2,1,drama,CO
5335,ts317720,Coming Out Colton,SHOW,2021,TV-MA,36,['reality'],['US'],1.0,tt14527650,6.7,1087.0,1,1,reality,US
5337,ts312200,I Am Georgina,SHOW,2022,TV-14,41,['reality'],['ES'],1.0,tt15494864,3.9,2729.0,1,1,reality,ES
5340,ts244930,Angry Birds: Summer Madness,SHOW,2022,TV-Y7,14,"['action', 'comedy', 'family', 'fantasy', 'animation']",['US'],1.0,tt12027896,6.3,436.0,5,1,action,US
5342,ts272939,The Lost Pirate Kingdom,SHOW,2021,TV-MA,43,"['documentation', 'drama', 'history']",['US'],1.0,tt14057360,6.6,2702.0,3,1,documentation,US
5344,ts108621,Sky Rojo,SHOW,2021,TV-MA,27,"['action', 'crime', 'drama', 'thriller']",['ES'],3.0,tt8690776,6.5,8569.0,4,1,action,ES
5345,ts292662,Johnny Hallyday: Beyond Rock,SHOW,2022,TV-14,35,"['documentation', 'music']",['US'],1.0,tt18274456,7.0,94.0,2,1,documentation,US
5349,ts288472,You Are My Spring,SHOW,2021,Not Rated,69,"['drama', 'romance', 'thriller', 'fantasy']",['KR'],1.0,tt14169816,7.5,532.0,4,1,drama,KR
5354,ts319460,Russell Howard: Lubricant,SHOW,2021,Not Rated,63,['comedy'],['GB'],1.0,tt16146342,7.0,791.0,1,1,comedy,GB
5355,ts302489,Chicago Party Aunt,SHOW,2021,TV-MA,23,"['comedy', 'animation']",['US'],1.0,tt15125616,5.3,1383.0,2,1,comedy,US
5357,ts307745,Money Heist: From Tokyo to Berlin,SHOW,2021,TV-MA,53,"['documentation', 'crime', 'drama']",['ES'],2.0,tt15384346,7.7,836.0,3,1,documentation,ES
5358,ts320872,Queer Eye Germany,SHOW,2022,TV-14,50,['reality'],['DE'],1.0,tt16369694,7.5,788.0,1,1,reality,DE
5360,ts317423,Love Never Lies,SHOW,2021,Not Rated,50,['reality'],['ES'],1.0,tt14540924,5.6,228.0,1,1,reality,ES
5363,ts288065,Naomi Osaka,SHOW,2021,TV-14,37,"['documentation', 'sport']",['US'],1.0,tt11898920,6.2,1287.0,2,1,documentation,US
5365,ts226392,Sexify,SHOW,2021,TV-MA,44,"['drama', 'comedy']",['PL'],1.0,tt14315542,6.5,4907.0,2,1,drama,PL
5366,ts306188,Motel Makeover,SHOW,2021,Not Rated,30,['reality'],['CA'],1.0,tt15128558,4.8,688.0,1,1,reality,CA
5367,ts312094,JAPAN SINKS: People of Hope,SHOW,2021,TV-14,54,"['scifi', 'war', 'drama']",['JP'],1.0,tt15569106,6.7,404.0,3,1,scifi,JP
5372,ts288195,Invisible City,SHOW,2021,TV-MA,36,"['drama', 'fantasy', 'thriller', 'crime']",['BR'],2.0,tt8878862,7.7,18.0,4,1,drama,BR
5373,ts257271,The Time It Takes,SHOW,2021,TV-MA,13,"['drama', 'romance', 'comedy']",['ES'],1.0,tt13322938,7.1,1183.0,3,1,drama,ES
5380,ts328617,Too Hot to Handle: Brazil,SHOW,2021,TV-MA,56,"['reality', 'romance']",['BR'],1.0,tt14902484,5.4,443.0,2,1,reality,BR
5381,ts297247,That Girl Lay Lay,SHOW,2021,TV-G,23,['comedy'],['US'],2.0,tt14442054,3.4,232.0,1,1,comedy,US
5383,ts328317,Alessandro Cattelan: One Simple Question,SHOW,2022,TV-MA,30,"['comedy', 'reality']",['IT'],1.0,tt15326678,6.5,157.0,2,1,comedy,IT
5385,ts297675,Sexy Beasts,SHOW,2021,TV-14,23,"['reality', 'romance']",[],2.0,tt14916746,4.6,1105.0,2,0,reality,Unknown
5387,ts282840,Worn Stories,SHOW,2021,TV-MA,30,['documentation'],['US'],1.0,tt14177168,6.6,311.0,1,1,documentation,US
5388,ts321966,WWII in Color: Road to Victory,SHOW,2021,Not Rated,51,"['documentation', 'history', 'war']",['GB'],1.0,tt16477402,8.2,1362.0,3,1,documentation,GB
5389,ts302058,Everything Will Be Fine,SHOW,2021,TV-MA,32,"['comedy', 'drama']",['MX'],1.0,tt15101964,6.2,335.0,2,1,comedy,MX
5391,ts321437,Fishbowl Wives,SHOW,2022,TV-MA,43,"['drama', 'romance']",['JP'],1.0,tt15410190,6.1,704.0,2,1,drama,JP
5392,ts291150,Soil,SHOW,2021,TV-MA,48,"['comedy', 'drama']",['BE'],1.0,tt14319674,7.2,478.0,2,1,comedy,BE
5394,ts286632,Why Are You Like This?,SHOW,2021,Not Rated,24,['comedy'],['AU'],1.0,tt8540808,6.5,1480.0,1,1,comedy,AU
5395,ts330012,Eternally Confused and Eager for Love,SHOW,2022,TV-MA,23,"['comedy', 'romance']",['IN'],1.0,tt18274188,6.7,1302.0,2,1,comedy,IN
5396,ts313849,Blown Away: Christmas,SHOW,2021,TV-PG,29,['reality'],[],1.0,tt15665668,6.7,466.0,1,0,reality,Unknown
5397,ts314395,The Motive,SHOW,2021,Not Rated,35,"['crime', 'documentation']",[],1.0,tt15529566,5.3,1383.0,2,0,crime,Unknown
5398,ts329711,"Love, Life & Everything in Between",SHOW,2022,TV-14,27,"['drama', 'comedy', 'romance']",['SA'],1.0,tt18253682,5.3,65.0,3,1,drama,SA
5400,ts317064,Where Is Marta?,SHOW,2021,Not Rated,63,"['crime', 'documentation']",['ES'],1.0,tt15796898,6.8,1150.0,2,1,crime,ES
5404,ts235563,Daughter from Another Mother,SHOW,2021,TV-MA,38,"['romance', 'fantasy', 'comedy', 'drama']",['MX'],2.0,tt11937732,7.2,1766.0,4,1,romance,MX
5406,ts302570,John of God: The Crimes of a Spiritual Healer,SHOW,2021,TV-MA,50,"['crime', 'documentation']",['BR'],1.0,tt15233856,6.5,777.0,2,1,crime,BR
5408,ts310335,Insiders,SHOW,2021,TV-MA,48,['reality'],['ES'],2.0,tt15436028,4.2,609.0,1,1,reality,ES
5411,ts305890,Too Hot to Handle: Latino,SHOW,2021,TV-14,36,"['reality', 'romance']",['MX'],1.0,tt15251764,5.2,260.0,2,1,reality,MX
5414,ts331654,Pedal to Metal,SHOW,2022,TV-MA,38,"['action', 'crime', 'thriller', 'drama']",['MX'],1.0,tt15016440,7.5,51.0,4,1,action,MX
5415,ts254928,D.P.,SHOW,2021,TV-MA,62,['action'],['KR'],1.0,Unknown,6.5334469051675175,2279.0,1,1,action,KR
5416,ts325756,Midnight Asia: Eat · Dance · Dream,SHOW,2022,TV-MA,37,['documentation'],['SG'],1.0,tt16583602,6.6,474.0,1,1,documentation,SG
5418,ts273245,Dad Stop Embarrassing Me!,SHOW,2021,TV-14,25,"['comedy', 'family']",['US'],1.0,tt13018090,4.1,1853.0,2,1,comedy,US
5419,ts287703,Mine,SHOW,2021,TV-14,69,['drama'],['KR'],1.0,tt14023192,7.8,1101.0,1,1,drama,KR
5420,ts287838,Mad for Each Other,SHOW,2021,Not Rated,35,"['drama', 'comedy', 'romance']",['KR'],1.0,tt14596414,7.9,1518.0,3,1,drama,KR
5421,ts243780,Sharkdog,SHOW,2021,TV-Y,0,"['comedy', 'family', 'animation']","['SG', 'US']",1.0,tt12211696,6.2,136.0,3,2,comedy,SG
5422,ts289364,Cat People,SHOW,2021,TV-14,32,['documentation'],['US'],1.0,tt14818454,6.3,266.0,1,1,documentation,US
5423,ts279953,Law School,SHOW,2021,Not Rated,60,"['crime', 'drama', 'thriller']",['KR'],1.0,tt13885336,8.1,2024.0,3,1,crime,KR
5426,ts301609,Love Is Blind: Brazil,SHOW,2021,TV-MA,56,"['romance', 'reality']",['BR'],1.0,tt15018224,6.1,425.0,2,1,romance,BR
5428,ts297065,Tattoo Redo,SHOW,2021,TV-MA,30,['reality'],['US'],1.0,tt14956090,5.8,680.0,1,1,reality,US
5429,ts304709,Bake Squad,SHOW,2021,TV-PG,38,['reality'],['US'],1.0,tt15078760,6.9,651.0,1,1,reality,US
5430,ts273318,Country Comfort,SHOW,2021,TV-PG,24,"['drama', 'comedy', 'action', 'family', 'music']",['US'],1.0,tt11717394,6.9,3301.0,5,1,drama,US
5431,ts329882,Secrets of Summer,SHOW,2022,TV-Y,30,"['drama', 'family', 'music']",['ES'],1.0,tt12379170,5.9,110.0,3,1,drama,ES
5433,ts317144,Adventure Beast,SHOW,2021,TV-MA,19,"['comedy', 'animation']",['US'],1.0,tt15478708,5.2,496.0,2,1,comedy,US
5438,ts289261,Transformers: BotBots,SHOW,2022,TV-Y,25,"['animation', 'action', 'comedy', 'family', 'fantasy', 'scifi']",['US'],1.0,tt14202476,6.8,68.0,6,1,animation,US
5441,ts282155,Zero,SHOW,2021,TV-MA,24,"['scifi', 'action', 'comedy', 'drama', 'fantasy']",['IT'],1.0,tt10619486,5.6,1270.0,5,1,scifi,IT
5442,ts285469,Headspace Guide to Sleep,SHOW,2021,TV-G,19,"['animation', 'documentation']",['US'],1.0,tt14318406,6.8,445.0,2,1,animation,US
5443,ts272515,Dealer,SHOW,2021,TV-MA,32,"['action', 'drama', 'crime', 'thriller']",['FR'],1.0,tt13702252,6.1,659.0,4,1,action,FR
5446,ts299485,A Tale Dark & Grimm,SHOW,2021,TV-Y7,31,"['comedy', 'family', 'fantasy', 'animation', 'action']","['ES', 'US']",1.0,tt2386826,7.3,1193.0,5,2,comedy,ES
5447,ts288540,Ray,SHOW,2021,TV-MA,59,"['drama', 'thriller', 'crime']",['IN'],1.0,tt14160660,7.2,8668.0,3,1,drama,IN
5455,ts313902,Your Life is a Joke,SHOW,2021,TV-MA,37,"['comedy', 'documentation']",['DE'],1.0,tt15663868,5.5,83.0,2,1,comedy,DE
5459,ts275448,Navillera,SHOW,2021,Not Rated,64,['drama'],['KR'],1.0,tt13885302,8.8,2024.0,1,1,drama,KR
5460,ts287853,Coyotes,SHOW,2021,Not Rated,45,['drama'],"['BE', 'LU']",1.0,tt13847924,5.1,293.0,1,2,drama,BE
5461,ts342479,Supercães,SHOW,2022,Not Rated,30,"['comedy', 'family']",['CA'],1.0,tt18469966,6.5334469051675175,2279.0,2,1,comedy,CA
5463,ts287149,Hype House,SHOW,2022,TV-MA,32,['reality'],['US'],1.0,tt15257704,2.3,2860.0,1,1,reality,US
5465,ts270807,"Hello, Me!",SHOW,2021,Not Rated,61,"['scifi', 'comedy', 'fantasy', 'romance']",['KR'],1.0,tt13670090,7.3,538.0,4,1,scifi,KR
5468,ts273461,Word of Honor,SHOW,2021,TV-14,43,"['action', 'scifi']",['CN'],1.0,Unknown,6.5334469051675175,2279.0,2,1,action,CN
5475,ts316965,Ridley Jones,SHOW,2021,TV-Y,28,"['animation', 'comedy', 'family', 'fantasy']",['US'],3.0,tt13351440,4.7,223.0,4,1,animation,US
5476,ts297763,Myth and Mogul: John DeLorean,SHOW,2021,TV-14,44,"['documentation', 'crime']",['US'],1.0,tt14968268,6.8,1009.0,2,1,documentation,US
5479,ts300274,Cooking With Paris,SHOW,2021,TV-MA,23,['reality'],['US'],1.0,tt15036422,5.2,1055.0,1,1,reality,US
5481,ts299321,Dogs in Space,SHOW,2021,TV-Y7,22,"['comedy', 'family', 'fantasy', 'scifi', 'animation', 'action']",['US'],1.0,tt14906826,7.2,560.0,6,1,comedy,US
5483,ts288997,Human: The World Within,SHOW,2021,TV-PG,52,['documentation'],['US'],1.0,tt14574154,6.8,697.0,1,1,documentation,US
5484,ts292446,Taarak Mehta Kka Chhota Chashmah,SHOW,2021,TV-Y,22,"['animation', 'comedy']",['IN'],1.0,tt14438518,6.8,74.0,2,1,animation,IN
5486,ts306135,"Vendetta: Truth, Lies and The Mafia",SHOW,2021,TV-MA,39,"['documentation', 'crime', 'thriller']",[],1.0,tt14216574,6.7,232.0,3,0,documentation,Unknown
5489,ts258321,"Ada Twist, Scientist",SHOW,2021,Not Rated,28,"['animation', 'comedy', 'family', 'music']",['US'],2.0,tt13241650,6.4,131.0,4,1,animation,US
5491,ts289757,Crime Stories: India Detectives,SHOW,2021,TV-MA,52,"['documentation', 'crime']",['IN'],1.0,tt14178956,7.2,934.0,2,1,documentation,IN
5492,ts309676,The World's Most Amazing Vacation Rentals,SHOW,2021,TV-PG,35,['reality'],['US'],2.0,tt14691382,6.7,1278.0,1,1,reality,US
5493,ts311958,The Hungry and the Hairy,SHOW,2021,TV-14,63,['reality'],['KR'],1.0,tt16088530,7.5,218.0,1,1,reality,KR
5497,ts288064,Somos.,SHOW,2021,TV-MA,47,"['drama', 'history', 'crime']",['MX'],1.0,tt14719590,7.1,1108.0,3,1,drama,MX
5502,ts287941,Racket Boys,SHOW,2021,TV-14,70,"['comedy', 'family', 'drama', 'sport']",['KR'],1.0,tt14482414,1.8,27484.0,4,1,comedy,KR
5504,ts268220,The Houseboat,SHOW,2021,Not Rated,37,['documentation'],['DE'],1.0,Unknown,6.5334469051675175,2279.0,1,1,documentation,DE
5507,ts283639,Decoupled,SHOW,2021,TV-MA,30,"['comedy', 'drama']",['IN'],1.0,tt14167338,8.0,6379.0,2,1,comedy,IN
5509,ts311915,Rebelde,SHOW,2022,TV-MA,39,"['drama', 'comedy', 'music', 'romance', 'family']",['MX'],2.0,tt14153686,6.2,2122.0,5,1,drama,MX
5510,ts257315,Karma's World,SHOW,2021,TV-Y,11,"['animation', 'comedy', 'family']",['US'],2.0,tt13321232,6.2,134.0,3,1,animation,US
5514,ts254956,So Not Worth It,SHOW,2021,Not Rated,31,['drama'],['KR'],1.0,Unknown,6.5334469051675175,2279.0,1,1,drama,KR
5519,ts303513,42 Days of Darkness,SHOW,2022,Not Rated,46,"['thriller', 'drama', 'crime']",['CL'],1.0,tt15090462,6.5334469051675175,2279.0,3,1,thriller,CL
5522,ts287741,"Fresh, Fried & Crispy",SHOW,2021,TV-PG,25,"['documentation', 'reality']",['US'],1.0,tt14644428,6.2,603.0,2,1,documentation,US
5524,ts319464,Storybots Laugh Learn Sing,SHOW,2021,Not Rated,59,"['animation', 'family']",[],1.0,tt15717742,6.5334469051675175,2279.0,2,0,animation,Unknown
5526,ts304690,Remember You,SHOW,2021,TV-MA,67,"['action', 'crime', 'drama', 'romance']",['TH'],1.0,tt15344082,7.4,65.0,4,1,action,TH
5536,ts314963,The Fastest,SHOW,2021,TV-PG,35,['reality'],[],1.0,tt15779034,5.7,76.0,1,0,reality,Unknown
5543,ts285854,Till Death,SHOW,2021,TV-MA,53,['drama'],['LB'],2.0,Unknown,6.5334469051675175,2279.0,1,1,drama,LB
5545,ts307981,Scaredy Cats,SHOW,2021,TV-G,26,"['scifi', 'family', 'fantasy', 'comedy']",['US'],1.0,tt15387774,6.2,338.0,4,1,scifi,US
5546,ts288545,We the People,SHOW,2021,TV-Y7,5,"['family', 'music', 'animation', 'comedy']",['US'],1.0,tt14770480,3.4,674.0,4,1,family,US
5547,ts61384,My Love: Six Stories of True Love,SHOW,2021,TV-PG,70,"['reality', 'romance', 'documentation']",['US'],1.0,tt14267526,7.5,281.0,3,1,reality,US
5548,ts296179,The War Next-door,SHOW,2021,TV-MA,32,['comedy'],['MX'],1.0,tt14821886,5.6,373.0,1,1,comedy,MX
5550,ts273275,Marriage or Mortgage,SHOW,2021,TV-G,40,['reality'],['US'],1.0,tt14037542,5.1,433.0,1,1,reality,US
5553,ts320407,The Future Diary,SHOW,2021,TV-PG,33,"['reality', 'romance']",['JP'],2.0,tt15567380,7.9,97.0,2,1,reality,JP
5555,ts293346,Race: Bubba Wallace,SHOW,2022,TV-MA,47,"['documentation', 'sport']",['US'],1.0,tt14513646,5.9,402.0,2,1,documentation,US
5561,ts285471,The Wedding Coach,SHOW,2021,TV-MA,32,"['comedy', 'reality']",['US'],1.0,tt14210424,4.9,85.0,2,1,comedy,US
5563,ts283614,Haunted: Latin America,SHOW,2021,TV-14,33,"['reality', 'horror']","['FR', 'IT']",1.0,tt14164238,5.3,572.0,2,2,reality,FR
5569,ts285470,Pet Stars,SHOW,2021,TV-PG,27,"['reality', 'family']",['US'],1.0,tt14318392,4.9,117.0,2,1,reality,US
5573,ts310628,MaveriX,SHOW,2022,Not Rated,23,"['sport', 'family']",['AU'],1.0,tt15373864,8.4,31.0,2,1,sport,AU
5575,ts286218,The Rational Life,SHOW,2021,Not Rated,45,"['drama', 'romance']",['CN'],1.0,tt14376958,8.1,445.0,2,1,drama,CN
5579,ts257873,Dive Club,SHOW,2021,TV-PG,0,"['drama', 'family']",['AU'],1.0,tt13275052,6.2,789.0,2,1,drama,AU
5580,ts296201,Elize Matsunaga: Once Upon a Crime,SHOW,2021,TV-MA,49,"['crime', 'documentation']",['BR'],1.0,tt14856998,5.9,2088.0,2,1,crime,BR
5584,ts282876,"Nevenka, Breaking The Silence",SHOW,2021,TV-14,38,"['documentation', 'crime']",['ES'],1.0,tt14091172,6.9,658.0,2,1,documentation,ES
5585,ts331449,Hei$t: The Great Robbery of Brazil's Central Bank,SHOW,2022,TV-14,61,"['documentation', 'crime']",['BR'],1.0,tt18274172,6.3,193.0,2,1,documentation,BR
5586,ts229537,The New Adventures of Oggy,SHOW,2021,TV-Y,15,"['comedy', 'family', 'action', 'animation']",['US'],1.0,tt11194006,6.6,38.0,4,1,comedy,US
5587,ts346656,African Knock Out Show,SHOW,2022,TV-14,32,[],['US'],1.0,Unknown,6.5334469051675175,2279.0,0,1,Unknown,US
5591,ts287729,Alma Matters: Inside the IIT Dream,SHOW,2021,TV-MA,51,"['drama', 'documentation']",['IN'],1.0,tt14512938,8.3,2323.0,2,1,drama,IN
5593,ts267062,Jiva!,SHOW,2021,TV-MA,38,['drama'],['ZA'],1.0,tt12564616,5.5,263.0,1,1,drama,ZA
5599,ts311887,New World,SHOW,2021,Not Rated,68,['reality'],['KR'],1.0,Unknown,6.5334469051675175,2279.0,1,1,reality,KR
5604,ts288832,I Heart Arlo,SHOW,2021,TV-Y7,15,"['comedy', 'family', 'animation']",['US'],1.0,tt13573450,7.0,204.0,3,1,comedy,US
5606,ts272092,Canine Intervention,SHOW,2021,TV-14,35,"['documentation', 'reality']",['US'],1.0,tt13932598,6.5,886.0,2,1,documentation,US
5609,ts316882,Reasonable Doubt: A Tale of Two Kidnappings,SHOW,2021,TV-MA,47,"['crime', 'documentation']",['MX'],1.0,tt15796900,7.6,179.0,2,1,crime,MX
5611,ts285106,Under Suspicion: Uncovering the Wesphael Case,SHOW,2021,TV-14,36,"['crime', 'documentation']",[],1.0,tt14078186,6.3,727.0,2,0,crime,Unknown
5612,ts305732,Metal Shop Masters,SHOW,2021,TV-MA,0,['reality'],['US'],1.0,tt15216520,5.6,546.0,1,1,reality,US
5614,ts301964,Revelations: The Masters of the Universe: Revelation Aftershow,SHOW,2021,TV-PG,25,['action'],['US'],1.0,Unknown,6.5334469051675175,2279.0,1,1,action,US
5624,ts302056,Titletown High,SHOW,2021,TV-14,34,"['reality', 'sport']",['US'],1.0,tt15192032,5.4,318.0,2,1,reality,US
5628,ts285874,Magic for Humans Spain,SHOW,2021,TV-MA,23,"['reality', 'comedy']",['ES'],1.0,tt14136320,6.0,77.0,2,1,reality,ES
5632,ts282214,Let's Fight Ghost,SHOW,2021,TV-14,65,"['drama', 'action', 'fantasy', 'horror', 'romance']",['TH'],1.0,tt14168868,7.5,98.0,5,1,drama,TH
5638,ts292270,The Snitch Cartel: Origins,SHOW,2021,TV-MA,48,"['crime', 'drama']",[],1.0,tt14417802,5.6,182.0,2,0,crime,Unknown
5643,ts274575,How to Be A Cowboy,SHOW,2021,TV-PG,25,['reality'],['US'],1.0,tt13438900,6.8,145.0,1,1,reality,US
5644,ts314962,Stories of a Generation - with Pope Francis,SHOW,2021,TV-14,46,['documentation'],['IT'],1.0,tt13784364,7.4,202.0,1,1,documentation,IT
5646,ts319608,The Family That Sings Together: The Camargos,SHOW,2021,Not Rated,39,"['documentation', 'music', 'reality']",['BR'],1.0,tt16247236,5.4,41.0,3,1,documentation,BR
5648,ts289982,Bangkok Breaking,SHOW,2021,TV-MA,60,"['drama', 'thriller', 'action', 'crime']",['TH'],1.0,tt14202282,5.9,281.0,4,1,drama,TH
5652,ts296581,The Mystic River,SHOW,2021,TV-14,40,['horror'],['US'],1.0,tt15134080,6.5334469051675175,2279.0,1,1,horror,US
5655,ts321254,Yeh Kaali Kaali Ankhein,SHOW,2022,TV-MA,40,['drama'],['IN'],1.0,Unknown,6.5334469051675175,2279.0,1,1,drama,IN
5658,ts317709,Kayko and Kokosh,SHOW,2021,TV-PG,13,"['animation', 'comedy', 'fantasy', 'action']",['PL'],2.0,tt13979288,6.3,314.0,4,1,animation,PL
5664,ts305254,The Ingenuity of the Househusband,SHOW,2021,Not Rated,6,['comedy'],[],1.0,tt15170710,6.7,396.0,1,0,comedy,Unknown
5666,ts293103,Juanpis González - The Series,SHOW,2022,TV-MA,26,"['comedy', 'drama']",['CO'],1.0,tt14494894,6.8,339.0,2,1,comedy,CO
5680,ts288861,Let's Eat,SHOW,2021,TV-14,60,"['drama', 'comedy']",['TH'],1.0,tt15978704,8.2,5.0,2,1,drama,TH
5685,ts308053,Jailbirds New Orleans,SHOW,2021,TV-MA,41,"['documentation', 'reality']",['US'],1.0,tt15320436,6.6,205.0,2,1,documentation,US
5687,ts188367,Bombay Begums,SHOW,2021,TV-MA,49,['drama'],['IN'],1.0,tt10238792,5.3,4841.0,1,1,drama,IN
5695,ts330422,Team Zenko Go,SHOW,2022,TV-Y,20,"['action', 'animation', 'family']",['US'],1.0,tt18274176,7.2,21.0,3,1,action,US
5697,ts322267,The Big Shot Game Show,SHOW,2022,Not Rated,49,['reality'],['BR'],1.0,tt17052496,6.2,24.0,1,1,reality,BR
5707,ts270616,We Are: The Brooklyn Saints,SHOW,2021,TV-14,47,"['documentation', 'sport']",['US'],1.0,tt13656220,6.5,156.0,2,1,documentation,US
5711,ts269300,Paik's Spirit,SHOW,2021,Not Rated,56,[],['KR'],1.0,Unknown,6.5334469051675175,2279.0,0,1,Unknown,KR
5712,ts272422,Buried by the Bernards,SHOW,2021,TV-14,0,['reality'],['US'],1.0,tt13848380,7.3,339.0,1,1,reality,US
5716,ts297132,Brave Animated Series,SHOW,2021,TV-MA,26,"['action', 'animation']",['TW'],1.0,tt17545256,6.5334469051675175,2279.0,2,1,action,TW
5719,ts268103,Reflection of You,SHOW,2021,Not Rated,72,['drama'],['KR'],1.0,Unknown,6.5334469051675175,2279.0,1,1,drama,KR
5721,ts322506,Word Party Presents: Math!,SHOW,2021,Not Rated,27,"['animation', 'family']",['US'],1.0,tt16290860,7.5,13.0,2,1,animation,US
5722,ts288544,Creator's File: GOLD,SHOW,2021,Not Rated,25,"['drama', 'comedy']",['JP'],1.0,tt14611486,6.6,23.0,2,1,drama,JP
5727,ts287804,Mad Crazy Colombian Comedians,SHOW,2021,Not Rated,30,[],['CO'],1.0,Unknown,6.5334469051675175,2279.0,0,1,Unknown,CO
5732,ts297729,Quarantine Tales,SHOW,2021,TV-MA,20,[],[],1.0,tt13555930,6.5334469051675175,2279.0,0,0,Unknown,Unknown
5733,ts302434,Plastic Cup Boyz: Laughing My Mask Off!,SHOW,2021,Not Rated,33,[],[],1.0,Unknown,6.5334469051675175,2279.0,0,0,Unknown,Unknown
5737,ts320335,Summer Heat,SHOW,2022,TV-MA,48,"['drama', 'romance']",['BR'],1.0,tt14655298,5.5,265.0,2,1,drama,BR
5747,ts285422,Newton's Cradle,SHOW,2021,TV-14,41,"['drama', 'thriller']",['EG'],1.0,tt11703922,8.0,1565.0,2,1,drama,EG
5750,ts283284,Navarasa,SHOW,2021,TV-MA,34,['drama'],['IN'],1.0,tt13357946,5.9,3470.0,1,1,drama,IN
5751,ts297685,I Need Romance,SHOW,2021,TV-14,45,"['drama', 'romance']",['TH'],1.0,tt16077338,7.8,24.0,2,1,drama,TH
5754,ts308002,The Five Juanas,SHOW,2021,TV-MA,34,['drama'],['MX'],1.0,tt15377930,6.9,1728.0,1,1,drama,MX
5758,ts284885,Abla Fahita: Drama Queen,SHOW,2021,TV-14,25,"['drama', 'comedy', 'crime']",['XX'],1.0,tt11570224,6.6,433.0,3,1,drama,XX
5762,ts287687,Lava Ka Dhaava,SHOW,2021,Not Rated,30,['reality'],['IO'],1.0,tt14492912,6.0,41.0,1,1,reality,IO
5765,ts345779,Barbie: It Takes Two,SHOW,2022,TV-Y,22,[],['US'],1.0,tt19178656,6.5334469051675175,2279.0,0,1,Unknown,US
5768,ts309235,Christmas Flow,SHOW,2021,TV-MA,50,"['music', 'romance', 'comedy']",['FR'],1.0,tt15340790,5.8,702.0,3,1,music,FR
5770,ts307816,Korean Cold Noodle Rhapsody,SHOW,2021,TV-PG,49,['documentation'],['KR'],1.0,tt15772846,7.3,15.0,1,1,documentation,KR
5785,ts273317,Pitta Kathalu,SHOW,2021,TV-MA,37,"['drama', 'romance']",['IN'],1.0,tt13879000,5.1,727.0,2,1,drama,IN
5793,ts296698,Glimpses of a Future,SHOW,2021,TV-PG,4,[],[],1.0,tt14754320,6.5334469051675175,2279.0,0,0,Unknown,Unknown
5794,ts297061,Masameer County,SHOW,2021,TV-MA,23,[],['SA'],1.0,Unknown,6.5334469051675175,2279.0,0,1,Unknown,SA
5796,ts286386,The Big Day,SHOW,2021,TV-MA,45,"['reality', 'romance']",['US'],2.0,tt13887518,4.6,327.0,2,1,reality,US
5799,ts307884,HQ Barbers,SHOW,2021,TV-14,24,['comedy'],['NG'],1.0,Unknown,6.5334469051675175,2279.0,1,1,comedy,NG
5805,ts271048,Mighty Little Bheem: Kite Festival,SHOW,2021,Not Rated,0,"['family', 'comedy', 'animation']",[],1.0,tt13711094,8.8,16.0,3,0,family,Unknown
